"anio_eleccion","eleccion","CUT_COM","comuna_clean","pisi_score","pct_militante","pct_militante_win","has_militante","reelection_rate_militante","comuna_original","comuna_repaired"
1992,"Municipales","05602","ALGARROBO",0.555555555555555,71.4285714285714,50,1,NA,"Algarrobo","Algarrobo"
1992,"Municipales","13502","ALHUE",0.640522875816994,64.7058823529412,83.3333333333333,1,NA,"Alhué","Alhué"
1992,"Municipales","03302","ALTO DEL CARMEN",0.691358024691358,77.7777777777778,83.3333333333333,1,NA,"Alto del Carmen","Alto del Carmen"
1992,"Municipales","10202","ANCUD",0.743589743589744,76.9230769230769,100,1,NA,"Ancud","Ancud"
1992,"Municipales","04103","ANDACOLLO",0.722222222222222,85.7142857142857,83.3333333333333,1,NA,"Andacollo","Andacollo"
1992,"Municipales","09201","ANGOL",0.578282828282828,77.2727272727273,50,1,NA,"Angol","Angol"
1992,"Municipales","02101","ANTOFAGASTA",0.662186379928315,77.4193548387097,75,1,NA,"Antofagasta","Antofagasta"
1992,"Municipales","08302","ANTUCO",0.572649572649573,61.5384615384615,66.6666666666667,1,NA,"Antuco","Antuco"
1992,"Municipales","08202","ARAUCO",0.58695652173913,65.2173913043478,66.6666666666667,1,NA,"Arauco","Arauco"
1992,"Municipales","15101","ARICA",0.739814814814815,86.6666666666667,87.5,1,NA,"Arica","Arica"
1992,"Municipales","11201","AYSEN",0.760416666666667,81.25,100,1,NA,"Aisén","Aisén"
1992,"Municipales","13402","BUIN",0.55,70,50,1,NA,"Buin","Buin"
1992,"Municipales","16102","BULNES",0.784722222222222,87.5,100,1,NA,"Bulnes","Bulnes"
1992,"Municipales","05402","CABILDO",0.689393939393939,77.2727272727273,83.3333333333333,1,NA,"Cabildo","Cabildo"
1992,"Municipales","12201","CABO DE HORNOS",0.671717171717172,72.7272727272727,83.3333333333333,1,NA,"Cabo de Hornos","Cabo de Hornos"
1992,"Municipales","08303","CABRERO",0.631944444444445,62.5,83.3333333333333,1,NA,"Cabrero","Cabrero"
1992,"Municipales","02201","CALAMA",0.732510288065844,74.0740740740741,100,1,NA,"Calama","Calama"
1992,"Municipales","10102","CALBUCO",0.688034188034188,76.9230769230769,83.3333333333333,1,NA,"Calbuco","Calbuco"
1992,"Municipales","03102","CALDERA",0.784722222222222,87.5,100,1,NA,"Caldera","Caldera"
1992,"Municipales","05502","CALERA",0.710144927536232,82.6086956521739,83.3333333333333,1,NA,"Calera","Calera"
1992,"Municipales","13403","CALERA DE TANGO",0.576388888888889,62.5,66.6666666666667,1,NA,"Calera de Tango","Calera de Tango"
1992,"Municipales","05302","CALLE LARGA",0.7,80,83.3333333333333,1,NA,"Calle Larga","Calle Larga"
1992,"Municipales","15102","CAMARONES",0.7,80,83.3333333333333,1,NA,"Camarones","Camarones"
1992,"Municipales","01402","CAMINA",0.805555555555556,92.8571428571429,100,1,NA,"Camiña","Camiña"
1992,"Municipales","04202","CANELA",0.707070707070707,81.8181818181818,83.3333333333333,1,NA,"Canela","Canela"
1992,"Municipales","08203","CANETE",0.691358024691358,77.7777777777778,83.3333333333333,1,NA,"Cañete","Cañete"
1992,"Municipales","09102","CARAHUE",0.711805555555555,68.75,100,1,NA,"Carahue","Carahue"
1992,"Municipales","05603","CARTAGENA",0.751461988304094,78.9473684210526,100,1,NA,"Cartagena","Cartagena"
1992,"Municipales","05102","CASABLANCA",0.648148148148148,66.6666666666667,83.3333333333333,1,NA,"Casablanca","Casablanca"
1992,"Municipales","10201","CASTRO",0.777777777777778,85.7142857142857,100,1,NA,"Castro","Castro"
1992,"Municipales","05702","CATEMU",0.669753086419753,72.2222222222222,83.3333333333333,1,NA,"Catemu","Catemu"
1992,"Municipales","07201","CAUQUENES",0.657407407407407,83.3333333333333,66.6666666666667,1,NA,"Cauquenes","Cauquenes"
1992,"Municipales","13102","CERRILLOS",0.782608695652174,86.9565217391304,100,1,NA,"Cerrillos","Cerrillos"
1992,"Municipales","13103","CERRO NAVIA",0.758064516129032,80.6451612903226,100,1,NA,"Cerro Navia","Cerro Navia"
1992,"Municipales","10401","CHAITEN",0.513888888888889,75,33.3333333333333,1,NA,"Chaitén","Chaitén"
1992,"Municipales","03201","CHANARAL",0.611111111111111,71.4285714285714,66.6666666666667,1,NA,"Chañaral","Chañaral"
1992,"Municipales","07202","CHANCO",0.7,80,83.3333333333333,1,NA,"Chanco","Chanco"
1992,"Municipales","06302","CHEPICA",0.784722222222222,87.5,100,1,NA,"Chépica","Chépica"
1992,"Municipales","11401","CHILE CHICO",0.768518518518519,83.3333333333333,100,1,NA,"Chile Chico","Chile Chico"
1992,"Municipales","16101","CHILLAN",0.722222222222222,82.1428571428571,87.5,1,NA,"Chillán","Chillán"
1992,"Municipales","06303","CHIMBARONGO",0.768518518518519,83.3333333333333,100,1,NA,"Chimbarongo","Chimbarongo"
1992,"Municipales","10203","CHONCHI",0.787581699346405,88.2352941176471,100,1,NA,"Chonchi","Chonchi"
1992,"Municipales","11202","CISNES",0.65625,68.75,83.3333333333333,1,NA,"Cisnes","Cisnes"
1992,"Municipales","16202","COBQUECURA",0.762626262626263,81.8181818181818,100,1,NA,"Cobquecura","Cobquecura"
1992,"Municipales","10103","COCHAMO",0.648148148148148,66.6666666666667,83.3333333333333,1,NA,"Cochamó","Cochamó"
1992,"Municipales","11301","COCHRANE",0.736111111111111,75,100,1,NA,"Cochrane","Cochrane"
1992,"Municipales","06102","CODEGUA",0.545138888888889,68.75,50,1,NA,"Codegua","Codegua"
1992,"Municipales","16203","COELEMU",0.741830065359477,76.4705882352941,100,1,NA,"Coelemu","Coelemu"
1992,"Municipales","11101","COIHAIQUE",0.782608695652174,86.9565217391304,100,1,NA,"Coihaique","Coihaique"
1992,"Municipales","16302","COIHUECO",0.648148148148148,66.6666666666667,83.3333333333333,1,NA,"Coihueco","Coihueco"
1992,"Municipales","06103","COINCO",0.619883040935672,73.6842105263158,66.6666666666667,1,NA,"Coinco","Coinco"
1992,"Municipales","07402","COLBUN",0.657407407407407,83.3333333333333,66.6666666666667,1,NA,"Colbún","Colbún"
1992,"Municipales","01403","COLCHANE",0.75,78.5714285714286,100,1,NA,"Colchane","Colchane"
1992,"Municipales","13301","COLINA",0.693236714975845,78.2608695652174,83.3333333333333,1,NA,"Colina","Colina"
1992,"Municipales","09202","COLLIPULLI",0.718954248366013,70.5882352941177,100,1,NA,"Collipulli","Collipulli"
1992,"Municipales","06104","COLTAUCO",0.648148148148148,66.6666666666667,83.3333333333333,1,NA,"Coltauco","Coltauco"
1992,"Municipales","04302","COMBARBALA",0.800925925925926,91.6666666666667,100,1,NA,"Combarbalá","Combarbalá"
1992,"Municipales","08101","CONCEPCION",0.747447447447447,86.4864864864865,90,1,NA,"Concepción","Concepción"
1992,"Municipales","13104","CONCHALI",0.623263888888889,78.125,62.5,1,NA,"Conchalí","Conchalí"
1992,"Municipales","07102","CONSTITUCION",0.719444444444445,85,83.3333333333333,1,NA,"Constitución","Constitución"
1992,"Municipales","08204","CONTULMO",0.674074074074074,73.3333333333333,83.3333333333333,1,NA,"Contulmo","Contulmo"
1992,"Municipales","03101","COPIAPO",0.715555555555556,84,83.3333333333333,1,NA,"Copiapó","Copiapó"
1992,"Municipales","04102","COQUIMBO",0.762626262626263,81.8181818181818,100,1,NA,"Coquimbo","Coquimbo"
1992,"Municipales","08102","CORONEL",0.768518518518519,83.3333333333333,100,1,NA,"Coronel","Coronel"
1992,"Municipales","14102","CORRAL",0.635802469135803,77.7777777777778,66.6666666666667,1,NA,"Corral","Corral"
1992,"Municipales","09103","CUNCO",0.794444444444444,90,100,1,NA,"Cunco","Cunco"
1992,"Municipales","09203","CURACAUTIN",0.515432098765432,61.1111111111111,50,1,NA,"Curacautín","Curacautín"
1992,"Municipales","13503","CURACAVI",0.666666666666667,85.7142857142857,66.6666666666667,1,NA,"Curacaví","Curacaví"
1992,"Municipales","10204","CURACO DE VELEZ",0.674074074074074,73.3333333333333,83.3333333333333,1,NA,"Curaco de Vélez","Curaco de Vélez"
1992,"Municipales","08205","CURANILAHUE",0.654970760233918,68.4210526315789,83.3333333333333,1,NA,"Curanilahue","Curanilahue"
1992,"Municipales","09104","CURARREHUE",0.784722222222222,87.5,100,1,NA,"Curarrehue","Curarrehue"
1992,"Municipales","07103","CUREPTO",0.680555555555556,75,83.3333333333333,1,NA,"Curepto","Curepto"
1992,"Municipales","07301","CURICO",0.578282828282828,77.2727272727273,50,1,NA,"Curicó","Curicó"
1992,"Municipales","10205","DALCAHUE",0.784722222222222,87.5,100,1,NA,"Dalcahue","Dalcahue"
1992,"Municipales","03202","DIEGO DE ALMAGRO",0.751461988304094,78.9473684210526,100,1,NA,"Diego de Almagro","Diego de Almagro"
1992,"Municipales","06105","DONIHUE",0.555555555555555,71.4285714285714,50,1,NA,"Doñihue","Doñihue"
1992,"Municipales","13105","EL BOSQUE",0.71875,81.25,87.5,1,NA,"El Bosque","El Bosque"
1992,"Municipales","16104","EL CARMEN",0.580808080808081,63.6363636363636,66.6666666666667,1,NA,"El Carmen","El Carmen"
1992,"Municipales","13602","EL MONTE",0.7,80,83.3333333333333,1,NA,"El Monte","El Monte"
1992,"Municipales","05605","EL TABO",0.740740740740741,76.1904761904762,100,1,NA,"El Tabo","El Tabo"
1992,"Municipales","07104","EMPEDRADO",0.592592592592592,66.6666666666667,66.6666666666667,1,NA,"Empedrado","Empedrado"
1992,"Municipales","09204","ERCILLA",0.644444444444444,80,66.6666666666667,1,NA,"Ercilla","Ercilla"
1992,"Municipales","13106","ESTACION CENTRAL",0.730902777777778,84.375,87.5,1,NA,"Estación Central","Estación Central"
1992,"Municipales","08104","FLORIDA",0.583333333333333,78.5714285714286,50,1,NA,"Florida","Florida"
1992,"Municipales","09105","FREIRE",0.777777777777778,85.7142857142857,100,1,NA,"Freire","Freire"
1992,"Municipales","03303","FREIRINA",0.675438596491228,73.6842105263158,83.3333333333333,1,NA,"Freirina","Freirina"
1992,"Municipales","10104","FRESIA",0.751461988304094,78.9473684210526,100,1,NA,"Fresia","Fresia"
1992,"Municipales","10105","FRUTILLAR",0.686274509803922,76.4705882352941,83.3333333333333,1,NA,"Frutillar","Frutillar"
1992,"Municipales","10402","FUTALEUFU",0.59375,81.25,50,1,NA,"Futaleufú","Futaleufú"
1992,"Municipales","14202","FUTRONO",0.764705882352941,82.3529411764706,100,1,NA,"Futrono","Futrono"
1992,"Municipales","09106","GALVARINO",0.712962962962963,83.3333333333333,83.3333333333333,1,NA,"Galvarino","Galvarino"
1992,"Municipales","15202","GENERAL LAGOS",0.736111111111111,75,100,1,NA,"General Lagos","General Lagos"
1992,"Municipales","09107","GORBEA",0.675438596491228,73.6842105263158,83.3333333333333,1,NA,"Gorbea","Gorbea"
1992,"Municipales","06106","GRANEROS",0.654589371980676,82.6086956521739,66.6666666666667,1,NA,"Graneros","Graneros"
1992,"Municipales","11203","GUAITECAS",0.560185185185185,58.3333333333333,66.6666666666667,1,NA,"Guaitecas","Guaitecas"
1992,"Municipales","05503","HIJUELAS",0.751461988304094,78.9473684210526,100,1,NA,"Hijuelas","Hijuelas"
1992,"Municipales","10403","HUALAIHUE",0.790123456790123,88.8888888888889,100,1,NA,"Hualaihué","Hualaihué"
1992,"Municipales","07302","HUALANE",0.725308641975309,72.2222222222222,100,1,NA,"Hualañé","Hualañé"
1992,"Municipales","08105","HUALQUI",0.570987654320988,61.1111111111111,66.6666666666667,1,NA,"Hualqui","Hualqui"
1992,"Municipales","01404","HUARA",0.631944444444445,62.5,83.3333333333333,1,NA,"Huara","Huara"
1992,"Municipales","03304","HUASCO",0.703703703703704,66.6666666666667,100,1,NA,"Huasco","Huasco"
1992,"Municipales","13107","HUECHURABA",0.710144927536232,82.6086956521739,83.3333333333333,1,NA,"Huechuraba","Huechuraba"
1992,"Municipales","04201","ILLAPEL",0.782608695652174,86.9565217391304,100,1,NA,"Illapel","Illapel"
1992,"Municipales","13108","INDEPENDENCIA",0.7,80,83.3333333333333,1,NA,"Independencia","Independencia"
1992,"Municipales","01101","IQUIQUE",0.67798353909465,81.4814814814815,75,1,NA,"Iquique","Iquique"
1992,"Municipales","13603","ISLA DE MAIPO",0.553240740740741,70.8333333333333,50,1,NA,"Isla de Maipo","Isla de Maipo"
1992,"Municipales","05201","ISLA DE PASCUA",0.599415204678363,68.4210526315789,66.6666666666667,1,NA,"Isla de Pascua","Isla de Pascua"
1992,"Municipales","05104","JUAN FERNANDEZ",0.3,20,33.3333333333333,1,NA,"Juan Fernández","Juan Fernández"
1992,"Municipales","13109","LA CISTERNA",0.729166666666667,87.5,83.3333333333333,1,NA,"La Cisterna","La Cisterna"
1992,"Municipales","05504","LA CRUZ",0.711805555555555,68.75,100,1,NA,"La Cruz","La Cruz"
1992,"Municipales","06202","LA ESTRELLA",0.694444444444445,78.5714285714286,83.3333333333333,1,NA,"La Estrella","La Estrella"
1992,"Municipales","13110","LA FLORIDA",0.751388888888889,87.5,90,1,NA,"La Florida","La Florida"
1992,"Municipales","13111","LA GRANJA",0.696759259259259,79.1666666666667,83.3333333333333,1,NA,"La Granja","La Granja"
1992,"Municipales","04104","LA HIGUERA",0.760416666666667,81.25,100,1,NA,"La Higuera","La Higuera"
1992,"Municipales","05401","LA LIGUA",0.625,75,66.6666666666667,1,NA,"La Ligua","La Ligua"
1992,"Municipales","13112","LA PINTANA",0.755555555555556,80,100,1,NA,"La Pintana","La Pintana"
1992,"Municipales","13113","LA REINA",0.707070707070707,81.8181818181818,83.3333333333333,1,NA,"La Reina","La Reina"
1992,"Municipales","04101","LA SERENA",0.797979797979798,90.9090909090909,100,1,NA,"La Serena","La Serena"
1992,"Municipales","14201","LA UNION",0.695906432748538,78.9473684210526,83.3333333333333,1,NA,"La Unión","La Unión"
1992,"Municipales","14203","LAGO RANCO",0.716374269005848,84.2105263157895,83.3333333333333,1,NA,"Lago Ranco","Lago Ranco"
1992,"Municipales","11102","LAGO VERDE",0.688034188034188,76.9230769230769,83.3333333333333,1,NA,"Lago Verde","Lago Verde"
1992,"Municipales","12102","LAGUNA BLANCA",0.638888888888889,64.2857142857143,83.3333333333333,1,NA,"Laguna Blanca","Laguna Blanca"
1992,"Municipales","08304","LAJA",0.7,80,83.3333333333333,1,NA,"Laja","Laja"
1992,"Municipales","13302","LAMPA",0.712962962962963,83.3333333333333,83.3333333333333,1,NA,"Lampa","Lampa"
1992,"Municipales","14103","LANCO",0.7,80,83.3333333333333,1,NA,"Lanco","Lanco"
1992,"Municipales","06107","LAS CABRAS",0.592592592592592,66.6666666666667,66.6666666666667,1,NA,"Las Cabras","Las Cabras"
1992,"Municipales","13114","LAS CONDES",0.630555555555556,80,62.5,1,NA,"Las Condes","Las Condes"
1992,"Municipales","09108","LAUTARO",0.689393939393939,77.2727272727273,83.3333333333333,1,NA,"Lautaro","Lautaro"
1992,"Municipales","08201","LEBU",0.46969696969697,63.6363636363636,33.3333333333333,1,NA,"Lebu","Lebu"
1992,"Municipales","07303","LICANTEN",0.680555555555556,75,83.3333333333333,1,NA,"Licantén","Licantén"
1992,"Municipales","05802","LIMACHE",0.659420289855072,69.5652173913043,83.3333333333333,1,NA,"Limache","Limache"
1992,"Municipales","07401","LINARES",0.712962962962963,83.3333333333333,83.3333333333333,1,NA,"Linares","Linares"
1992,"Municipales","06203","LITUECHE",0.704861111111111,81.25,83.3333333333333,1,NA,"Litueche","Litueche"
1992,"Municipales","05703","LLAILLAY",0.744949494949495,77.2727272727273,100,1,NA,"Llaillay","Llaillay"
1992,"Municipales","10107","LLANQUIHUE",0.741830065359477,76.4705882352941,100,1,NA,"Llanquihue","Llanquihue"
1992,"Municipales","13115","LO BARNECHEA",0.671717171717172,72.7272727272727,83.3333333333333,1,NA,"Lo Barnechea","Lo Barnechea"
1992,"Municipales","13116","LO ESPEJO",0.694444444444444,75,87.5,1,NA,"Lo Espejo","Lo Espejo"
1992,"Municipales","13117","LO PRADO",0.7,80,83.3333333333333,1,NA,"Lo Prado","Lo Prado"
1992,"Municipales","06304","LOLOL",0.694444444444445,78.5714285714286,83.3333333333333,1,NA,"Lolol","Lolol"
1992,"Municipales","09109","LONCOCHE",0.760416666666667,81.25,100,1,NA,"Loncoche","Loncoche"
1992,"Municipales","07403","LONGAVI",0.760416666666667,81.25,100,1,NA,"Longaví","Longaví"
1992,"Municipales","09205","LONQUIMAY",0.525252525252525,63.6363636363636,50,1,NA,"Lonquimay","Lonquimay"
1992,"Municipales","08206","LOS ALAMOS",0.614197530864197,72.2222222222222,66.6666666666667,1,NA,"Los Alamos","Los Alamos"
1992,"Municipales","05301","LOS ANDES",0.654589371980676,82.6086956521739,66.6666666666667,1,NA,"Los Andes","Los Andes"
1992,"Municipales","08301","LOS ANGELES",0.625,78.5714285714286,62.5,1,NA,"Los Angeles","Los Angeles"
1992,"Municipales","14104","LOS LAGOS",0.654589371980676,82.6086956521739,66.6666666666667,1,NA,"Los Lagos","Los Lagos"
1992,"Municipales","10106","LOS MUERMOS",0.600694444444444,68.75,66.6666666666667,1,NA,"Los Muermos","Los Muermos"
1992,"Municipales","09206","LOS SAUCES",0.688034188034188,76.9230769230769,83.3333333333333,1,NA,"Los Sauces","Los Sauces"
1992,"Municipales","04203","LOS VILOS",0.693236714975845,78.2608695652174,83.3333333333333,1,NA,"Los Vilos","Los Vilos"
1992,"Municipales","08106","LOTA",0.719907407407407,70.8333333333333,100,1,NA,"Lota","Lota"
1992,"Municipales","09207","LUMACO",0.669753086419753,72.2222222222222,83.3333333333333,1,NA,"Lumaco","Lumaco"
1992,"Municipales","06108","MACHALI",0.693236714975845,78.2608695652174,83.3333333333333,1,NA,"Machalí","Machalí"
1992,"Municipales","13118","MACUL",0.726851851851852,83.3333333333333,87.5,1,NA,"Macul","Macul"
1992,"Municipales","14105","MAFIL",0.691358024691358,77.7777777777778,83.3333333333333,1,NA,"Máfil","Máfil"
1992,"Municipales","13119","MAIPU",0.743055555555555,87.5,87.5,1,NA,"Maipú","Maipú"
1992,"Municipales","06109","MALLOA",0.625,75,66.6666666666667,1,NA,"Malloa","Malloa"
1992,"Municipales","06204","MARCHIHUE",0.648148148148148,66.6666666666667,83.3333333333333,1,NA,"Marchihue","Marchihue"
1992,"Municipales","02302","MARIA ELENA",0.496732026143791,70.5882352941177,33.3333333333333,1,NA,"María Elena","María Elena"
1992,"Municipales","13504","MARIA PINTO",0.600694444444444,68.75,66.6666666666667,1,NA,"María Pinto","María Pinto"
1992,"Municipales","14106","MARIQUINA",0.686274509803922,76.4705882352941,83.3333333333333,1,NA,"Mariquina","Mariquina"
1992,"Municipales","07105","MAULE",0.669753086419753,72.2222222222222,83.3333333333333,1,NA,"Maule","Maule"
1992,"Municipales","10108","MAULLIN",0.736842105263158,89.4736842105263,83.3333333333333,1,NA,"Maullín","Maullín"
1992,"Municipales","02102","MEJILLONES",0.626543209876543,61.1111111111111,83.3333333333333,1,NA,"Mejillones","Mejillones"
1992,"Municipales","09110","MELIPEUCO",0.584967320261438,64.7058823529412,66.6666666666667,1,NA,"Melipeuco","Melipeuco"
1992,"Municipales","13501","MELIPILLA",0.603864734299517,69.5652173913043,66.6666666666667,1,NA,"Melipilla","Melipilla"
1992,"Municipales","07304","MOLINA",0.62962962962963,76.1904761904762,66.6666666666667,1,NA,"Molina","Molina"
1992,"Municipales","04303","MONTE PATRIA",0.707070707070707,81.8181818181818,83.3333333333333,1,NA,"Monte Patria","Monte Patria"
1992,"Municipales","06110","MOSTAZAL",0.625,75,66.6666666666667,1,NA,"Mostazal","Mostazal"
1992,"Municipales","08305","MULCHEN",0.760416666666667,81.25,100,1,NA,"Mulchén","Mulchén"
1992,"Municipales","08306","NACIMIENTO",0.626543209876543,61.1111111111111,83.3333333333333,1,NA,"Nacimiento","Nacimiento"
1992,"Municipales","06305","NANCAGUA",0.707070707070707,81.8181818181818,83.3333333333333,1,NA,"Nancagua","Nancagua"
1992,"Municipales","12401","NATALES",0.648148148148148,80.9523809523809,66.6666666666667,1,NA,"Natales","Natales"
1992,"Municipales","06205","NAVIDAD",0.695906432748538,78.9473684210526,83.3333333333333,1,NA,"Navidad","Navidad"
1992,"Municipales","08307","NEGRETE",0.618518518518518,73.3333333333333,66.6666666666667,1,NA,"Negrete","Negrete"
1992,"Municipales","16204","NINHUE",0.487179487179487,53.8461538461538,50,1,NA,"Ninhue","Ninhue"
1992,"Municipales","16303","NIQUEN",0.592592592592592,66.6666666666667,66.6666666666667,1,NA,"Ñiquén","Ñiquén"
1992,"Municipales","05506","NOGALES",0.712962962962963,83.3333333333333,83.3333333333333,1,NA,"Nogales","Nogales"
1992,"Municipales","09111","NUEVA IMPERIAL",0.724747474747475,86.3636363636364,83.3333333333333,1,NA,"Nueva Imperial","Nueva Imperial"
1992,"Municipales","13120","NUNOA",0.766283524904214,82.7586206896552,100,1,NA,"Ñuñoa","Ñuñoa"
1992,"Municipales","11302","OHIGGINS",0.601010101010101,54.5454545454545,83.3333333333333,1,NA,"O'Higgins","O'Higgins"
1992,"Municipales","06111","OLIVAR",0.648148148148148,66.6666666666667,83.3333333333333,1,NA,"Olivar","Olivar"
1992,"Municipales","02202","OLLAGUE",0.308080808080808,36.3636363636364,16.6666666666667,1,NA,"Ollagüe","Ollagüe"
1992,"Municipales","05803","OLMUE",0.792397660818713,89.4736842105263,100,1,NA,"Olmué","Olmué"
1992,"Municipales","10301","OSORNO",0.694444444444444,75,87.5,1,NA,"Osorno","Osorno"
1992,"Municipales","04301","OVALLE",0.797979797979798,90.9090909090909,100,1,NA,"Ovalle","Ovalle"
1992,"Municipales","04105","PAIGUANO",0.625,75,66.6666666666667,1,NA,"Paiguano","Paiguano"
1992,"Municipales","14107","PAILLACO",0.748792270531401,78.2608695652174,100,1,NA,"Paillaco","Paillaco"
1992,"Municipales","13404","PAINE",0.625,75,66.6666666666667,1,NA,"Paine","Paine"
1992,"Municipales","10404","PALENA",0.742424242424243,90.9090909090909,83.3333333333333,1,NA,"Palena","Palena"
1992,"Municipales","06306","PALMILLA",0.781481481481481,86.6666666666667,100,1,NA,"Palmilla","Palmilla"
1992,"Municipales","14108","PANGUIPULLI",0.58695652173913,65.2173913043478,66.6666666666667,1,NA,"Panguipulli","Panguipulli"
1992,"Municipales","05704","PANQUEHUE",0.741830065359477,76.4705882352941,100,1,NA,"Panquehue","Panquehue"
1992,"Municipales","05403","PAPUDO",0.694444444444445,78.5714285714286,83.3333333333333,1,NA,"Papudo","Papudo"
1992,"Municipales","06206","PAREDONES",0.751461988304094,78.9473684210526,100,1,NA,"Paredones","Paredones"
1992,"Municipales","07404","PARRAL",0.777777777777778,85.7142857142857,100,1,NA,"Parral","Parral"
1992,"Municipales","13121","PEDRO AGUIRRE CERDA",0.758064516129032,80.6451612903226,100,1,NA,"Pedro Aguirre Cerda","Pedro Aguirre Cerda"
1992,"Municipales","07106","PELARCO",0.669753086419753,72.2222222222222,83.3333333333333,1,NA,"Pelarco","Pelarco"
1992,"Municipales","07203","PELLUHUE",0.743589743589744,76.9230769230769,100,1,NA,"Pelluhue","Pelluhue"
1992,"Municipales","16105","PEMUCO",0.560606060606061,72.7272727272727,50,1,NA,"Pemuco","Pemuco"
1992,"Municipales","13605","PENAFLOR",0.707070707070707,81.8181818181818,83.3333333333333,1,NA,"Peñaflor","Peñaflor"
1992,"Municipales","13122","PENALOLEN",0.659259259259259,76.6666666666667,75,1,NA,"Peñalolén","Peñalolén"
1992,"Municipales","07107","PENCAHUE",0.712962962962963,83.3333333333333,83.3333333333333,1,NA,"Pencahue","Pencahue"
1992,"Municipales","08107","PENCO",0.703703703703704,80.9523809523809,83.3333333333333,1,NA,"Penco","Penco"
1992,"Municipales","06307","PERALILLO",0.666666666666667,85.7142857142857,66.6666666666667,1,NA,"Peralillo","Peralillo"
1992,"Municipales","09113","PERQUENCO",0.680555555555556,75,83.3333333333333,1,NA,"Perquenco","Perquenco"
1992,"Municipales","05404","PETORCA",0.709150326797386,82.3529411764706,83.3333333333333,1,NA,"Petorca","Petorca"
1992,"Municipales","06112","PEUMO",0.675438596491228,73.6842105263158,83.3333333333333,1,NA,"Peumo","Peumo"
1992,"Municipales","01405","PICA",0.618518518518518,73.3333333333333,66.6666666666667,1,NA,"Pica","Pica"
1992,"Municipales","06113","PICHIDEGUA",0.65359477124183,82.3529411764706,66.6666666666667,1,NA,"Pichidegua","Pichidegua"
1992,"Municipales","06201","PICHILEMU",0.710144927536232,82.6086956521739,83.3333333333333,1,NA,"Pichilemu","Pichilemu"
1992,"Municipales","16106","PINTO",0.65625,68.75,83.3333333333333,1,NA,"Pinto","Pinto"
1992,"Municipales","13202","PIRQUE",0.764705882352941,82.3529411764706,100,1,NA,"Pirque","Pirque"
1992,"Municipales","09114","PITRUFQUEN",0.74537037037037,91.6666666666667,83.3333333333333,1,NA,"Pitrufquén","Pitrufquén"
1992,"Municipales","06308","PLACILLA",0.704861111111111,81.25,83.3333333333333,1,NA,"Placilla","Placilla"
1992,"Municipales","16205","PORTEZUELO",0.704861111111111,81.25,83.3333333333333,1,NA,"Portezuelo","Portezuelo"
1992,"Municipales","12301","PORVENIR",0.592592592592592,66.6666666666667,66.6666666666667,1,NA,"Porvenir","Porvenir"
1992,"Municipales","01401","POZO ALMONTE",0.648148148148148,66.6666666666667,83.3333333333333,1,NA,"Pozo Almonte","Pozo Almonte"
1992,"Municipales","12302","PRIMAVERA",0.431623931623932,53.8461538461538,33.3333333333333,1,NA,"Primavera","Primavera"
1992,"Municipales","13123","PROVIDENCIA",0.67798353909465,81.4814814814815,75,1,NA,"Providencia","Providencia"
1992,"Municipales","05105","PUCHUNCAVI",0.527777777777778,64.2857142857143,50,1,NA,"Puchuncaví","Puchuncaví"
1992,"Municipales","09115","PUCON",0.564327485380117,73.6842105263158,50,1,NA,"Pucón","Pucón"
1992,"Municipales","13124","PUDAHUEL",0.712962962962963,83.3333333333333,83.3333333333333,1,NA,"Pudahuel","Pudahuel"
1992,"Municipales","13201","PUENTE ALTO",0.741487455197133,87.0967741935484,87.5,1,NA,"Puente Alto","Puente Alto"
1992,"Municipales","10101","PUERTO MONTT",0.762626262626263,81.8181818181818,100,1,NA,"Puerto Montt","Puerto Montt"
1992,"Municipales","10302","PUERTO OCTAY",0.743589743589744,76.9230769230769,100,1,NA,"Puerto Octay","Puerto Octay"
1992,"Municipales","10109","PUERTO VARAS",0.741830065359477,76.4705882352941,100,1,NA,"Puerto Varas","Puerto Varas"
1992,"Municipales","06309","PUMANQUE",0.760416666666667,81.25,100,1,NA,"Pumanque","Pumanque"
1992,"Municipales","04304","PUNITAQUI",0.640350877192982,78.9473684210526,66.6666666666667,1,NA,"Punitaqui","Punitaqui"
1992,"Municipales","12101","PUNTA ARENAS",0.743055555555555,87.5,87.5,1,NA,"Punta Arenas","Punta Arenas"
1992,"Municipales","10206","PUQUELDON",0.790123456790123,88.8888888888889,100,1,NA,"Puqueldón","Puqueldón"
1992,"Municipales","09208","PUREN",0.762626262626263,81.8181818181818,100,1,NA,"Purén","Purén"
1992,"Municipales","10303","PURRANQUE",0.669753086419753,72.2222222222222,83.3333333333333,1,NA,"Purranque","Purranque"
1992,"Municipales","05705","PUTAENDO",0.78030303030303,86.3636363636364,100,1,NA,"Putaendo","Putaendo"
1992,"Municipales","15201","PUTRE",0.537037037037037,66.6666666666667,50,1,NA,"Putre","Putre"
1992,"Municipales","10304","PUYEHUE",0.695906432748538,78.9473684210526,83.3333333333333,1,NA,"Puyehue","Puyehue"
1992,"Municipales","10207","QUEILEN",0.760416666666667,81.25,100,1,NA,"Queilén","Queilén"
1992,"Municipales","10208","QUELLON",0.7,80,83.3333333333333,1,NA,"Quellón","Quellón"
1992,"Municipales","10209","QUEMCHI",0.709150326797386,82.3529411764706,83.3333333333333,1,NA,"Quemchi","Quemchi"
1992,"Municipales","08308","QUILACO",0.628205128205128,61.5384615384615,83.3333333333333,1,NA,"Quilaco","Quilaco"
1992,"Municipales","13125","QUILICURA",0.654589371980676,82.6086956521739,66.6666666666667,1,NA,"Quilicura","Quilicura"
1992,"Municipales","08309","QUILLECO",0.572649572649573,61.5384615384615,66.6666666666667,1,NA,"Quilleco","Quilleco"
1992,"Municipales","16107","QUILLON",0.743589743589744,76.9230769230769,100,1,NA,"Quillón","Quillón"
1992,"Municipales","05501","QUILLOTA",0.712962962962963,83.3333333333333,83.3333333333333,1,NA,"Quillota","Quillota"
1992,"Municipales","05801","QUILPUE",0.7,80,83.3333333333333,1,NA,"Quilpué","Quilpué"
1992,"Municipales","10210","QUINCHAO",0.760416666666667,81.25,100,1,NA,"Quinchao","Quinchao"
1992,"Municipales","06114","QUINTA DE TILCOCO",0.607843137254902,70.5882352941177,66.6666666666667,1,NA,"Quinta de Tilcoco","Quinta de Tilcoco"
1992,"Municipales","13126","QUINTA NORMAL",0.724616858237548,82.7586206896552,87.5,1,NA,"Quinta Normal","Quinta Normal"
1992,"Municipales","05107","QUINTERO",0.746913580246914,77.7777777777778,100,1,NA,"Quintero","Quintero"
1992,"Municipales","16201","QUIRIHUE",0.65625,68.75,83.3333333333333,1,NA,"Quirihue","Quirihue"
1992,"Municipales","06101","RANCAGUA",0.793103448275862,89.6551724137931,100,1,NA,"Rancagua","Rancagua"
1992,"Municipales","16206","RANQUIL",0.654970760233918,68.4210526315789,83.3333333333333,1,NA,"Ranquil","Ranquil"
1992,"Municipales","07305","RAUCO",0.584967320261438,64.7058823529412,66.6666666666667,1,NA,"Rauco","Rauco"
1992,"Municipales","13127","RECOLETA",0.724616858237548,82.7586206896552,87.5,1,NA,"Recoleta","Recoleta"
1992,"Municipales","09209","RENAICO",0.666666666666667,71.4285714285714,83.3333333333333,1,NA,"Renaico","Renaico"
1992,"Municipales","13128","RENCA",0.632478632478632,76.9230769230769,66.6666666666667,1,NA,"Renca","Renca"
1992,"Municipales","06115","RENGO",0.676328502415459,73.9130434782609,83.3333333333333,1,NA,"Rengo","Rengo"
1992,"Municipales","06116","REQUINOA",0.712962962962963,83.3333333333333,83.3333333333333,1,NA,"Requínoa","Requínoa"
1992,"Municipales","07405","RETIRO",0.75,78.5714285714286,100,1,NA,"Retiro","Retiro"
1992,"Municipales","05303","RINCONADA",0.680555555555556,75,83.3333333333333,1,NA,"Rinconada","Rinconada"
1992,"Municipales","14204","RIO BUENO",0.792397660818713,89.4736842105263,100,1,NA,"Río Bueno","Río Bueno"
1992,"Municipales","07108","RIO CLARO",0.552287581699346,70.5882352941177,50,1,NA,"Río Claro","Río Claro"
1992,"Municipales","04305","RIO HURTADO",0.686274509803922,76.4705882352941,83.3333333333333,1,NA,"Río Hurtado","Río Hurtado"
1992,"Municipales","11402","RIO IBANEZ",0.636363636363636,63.6363636363636,83.3333333333333,1,NA,"Río Ibáñez","Río Ibáñez"
1992,"Municipales","10305","RIO NEGRO",0.686274509803922,76.4705882352941,83.3333333333333,1,NA,"Río Negro","Río Negro"
1992,"Municipales","12103","RIO VERDE",0.628205128205128,61.5384615384615,83.3333333333333,1,NA,"Río Verde","Río Verde"
1992,"Municipales","07306","ROMERAL",0.638888888888889,64.2857142857143,83.3333333333333,1,NA,"Romeral","Romeral"
1992,"Municipales","09116","SAAVEDRA",0.703703703703704,80.9523809523809,83.3333333333333,1,NA,"Saavedra","Saavedra"
1992,"Municipales","07307","SAGRADA FAMILIA",0.691358024691358,77.7777777777778,83.3333333333333,1,NA,"Sagrada Familia","Sagrada Familia"
1992,"Municipales","04204","SALAMANCA",0.686274509803922,76.4705882352941,83.3333333333333,1,NA,"Salamanca","Salamanca"
1992,"Municipales","05601","SAN ANTONIO",0.771111111111111,84,100,1,NA,"San Antonio","San Antonio"
1992,"Municipales","13401","SAN BERNARDO",0.697390572390572,75.7575757575758,87.5,1,NA,"San Bernardo","San Bernardo"
1992,"Municipales","16301","SAN CARLOS",0.743589743589744,76.9230769230769,100,1,NA,"San Carlos","San Carlos"
1992,"Municipales","07109","SAN CLEMENTE",0.703703703703704,80.9523809523809,83.3333333333333,1,NA,"San Clemente","San Clemente"
1992,"Municipales","05304","SAN ESTEBAN",0.712962962962963,83.3333333333333,83.3333333333333,1,NA,"San Esteban","San Esteban"
1992,"Municipales","16304","SAN FABIAN",0.625,75,66.6666666666667,1,NA,"San Fabián","San Fabián"
1992,"Municipales","05701","SAN FELIPE",0.784722222222222,87.5,100,1,NA,"San Felipe","San Felipe"
1992,"Municipales","06301","SAN FERNANDO",0.693236714975845,78.2608695652174,83.3333333333333,1,NA,"San Fernando","San Fernando"
1992,"Municipales","12104","SAN GREGORIO",0.401709401709402,46.1538461538462,33.3333333333333,1,NA,"San Gregorio","San Gregorio"
1992,"Municipales","16108","SAN IGNACIO",0.625,75,66.6666666666667,1,NA,"San Ignacio","San Ignacio"
1992,"Municipales","07406","SAN JAVIER",0.734567901234568,88.8888888888889,83.3333333333333,1,NA,"San Javier","San Javier"
1992,"Municipales","13129","SAN JOAQUIN",0.691077441077441,84.8484848484848,75,1,NA,"San Joaquín","San Joaquín"
1992,"Municipales","13203","SAN JOSE DE MAIPO",0.709150326797386,82.3529411764706,83.3333333333333,1,NA,"San José de Maipo","San José de Maipo"
1992,"Municipales","10306","SAN JUAN DE LA COSTA",0.787581699346405,88.2352941176471,100,1,NA,"San Juan de la Costa","San Juan de la Costa"
1992,"Municipales","13130","SAN MIGUEL",0.691358024691358,77.7777777777778,83.3333333333333,1,NA,"San Miguel","San Miguel"
1992,"Municipales","16305","SAN NICOLAS",0.537037037037037,66.6666666666667,50,1,NA,"San Nicolás","San Nicolás"
1992,"Municipales","10307","SAN PABLO",0.48989898989899,54.5454545454545,50,1,NA,"San Pablo","San Pablo"
1992,"Municipales","13505","SAN PEDRO",0.611111111111111,71.4285714285714,66.6666666666667,1,NA,"San Pedro","San Pedro"
1992,"Municipales","02203","SAN PEDRO DE ATACAMA",0.552287581699346,70.5882352941177,50,1,NA,"San Pedro de Atacama","San Pedro de Atacama"
1992,"Municipales","13131","SAN RAMON",0.632478632478632,76.9230769230769,66.6666666666667,1,NA,"San Ramón","San Ramón"
1992,"Municipales","08310","SAN ROSENDO",0.704861111111111,81.25,83.3333333333333,1,NA,"San Rosendo","San Rosendo"
1992,"Municipales","06117","SAN VICENTE",0.685185185185185,76.1904761904762,83.3333333333333,1,NA,"San Vicente","San Vicente"
1992,"Municipales","08311","SANTA BARBARA",0.648148148148148,66.6666666666667,83.3333333333333,1,NA,"Santa Bárbara","Santa Bárbara"
1992,"Municipales","06310","SANTA CRUZ",0.63768115942029,78.2608695652174,66.6666666666667,1,NA,"Santa Cruz","Santa Cruz"
1992,"Municipales","08109","SANTA JUANA",0.691358024691358,77.7777777777778,83.3333333333333,1,NA,"Santa Juana","Santa Juana"
1992,"Municipales","05706","SANTA MARIA",0.695906432748538,78.9473684210526,83.3333333333333,1,NA,"Santa María","Santa María"
1992,"Municipales","13101","SANTIAGO",0.715497076023392,86.8421052631579,80,1,NA,"Santiago","Santiago"
1992,"Municipales","05606","SANTO DOMINGO",0.768518518518519,83.3333333333333,100,1,NA,"Santo Domingo","Santo Domingo"
1992,"Municipales","02103","SIERRA GORDA",0.638888888888889,64.2857142857143,83.3333333333333,1,NA,"Sierra Gorda","Sierra Gorda"
1992,"Municipales","13601","TALAGANTE",0.611111111111111,71.4285714285714,66.6666666666667,1,NA,"Talagante","Talagante"
1992,"Municipales","07101","TALCA",0.760416666666667,81.25,100,1,NA,"Talca","Talca"
1992,"Municipales","08110","TALCAHUANO",0.779693486590038,86.2068965517241,100,1,NA,"Talcahuano","Talcahuano"
1992,"Municipales","02104","TALTAL",0.688405797101449,91.304347826087,66.6666666666667,1,NA,"Taltal","Taltal"
1992,"Municipales","09101","TEMUCO",0.730902777777778,84.375,87.5,1,NA,"Temuco","Temuco"
1992,"Municipales","07308","TENO",0.691358024691358,77.7777777777778,83.3333333333333,1,NA,"Teno","Teno"
1992,"Municipales","09117","TEODORO SCHMIDT",0.792397660818713,89.4736842105263,100,1,NA,"Teodoro Schmidt","Teodoro Schmidt"
1992,"Municipales","03103","TIERRA AMARILLA",0.696759259259259,79.1666666666667,83.3333333333333,1,NA,"Tierra Amarilla","Tierra Amarilla"
1992,"Municipales","13303","TILTIL",0.746913580246914,77.7777777777778,100,1,NA,"Tiltil","Tiltil"
1992,"Municipales","12303","TIMAUKEL",0.50462962962963,58.3333333333333,50,1,NA,"Timaukel","Timaukel"
1992,"Municipales","08207","TIRUA",0.506535947712418,58.8235294117647,50,1,NA,"Tirúa","Tirúa"
1992,"Municipales","02301","TOCOPILLA",0.746913580246914,77.7777777777778,100,1,NA,"Tocopilla","Tocopilla"
1992,"Municipales","09118","TOLTEN",0.771929824561403,84.2105263157895,100,1,NA,"Toltén","Toltén"
1992,"Municipales","08111","TOME",0.768518518518519,83.3333333333333,100,1,NA,"Tomé","Tomé"
1992,"Municipales","12402","TORRES DEL PAINE",0.632478632478632,76.9230769230769,66.6666666666667,1,NA,"Torres del Paine","Torres del Paine"
1992,"Municipales","11303","TORTEL",0.398989898989899,45.4545454545455,33.3333333333333,1,NA,"Tortel","Tortel"
1992,"Municipales","09210","TRAIGUEN",0.635802469135803,77.7777777777778,66.6666666666667,1,NA,"Traiguén","Traiguén"
1992,"Municipales","16207","TREGUACO",0.569444444444444,75,50,1,NA,"Treguaco","Treguaco"
1992,"Municipales","08312","TUCAPEL",0.638888888888889,50,100,1,NA,"Tucapel","Tucapel"
1992,"Municipales","14101","VALDIVIA",0.726851851851852,83.3333333333333,87.5,1,NA,"Valdivia","Valdivia"
1992,"Municipales","03301","VALLENAR",0.673076923076923,73.0769230769231,83.3333333333333,1,NA,"Vallenar","Vallenar"
1992,"Municipales","05101","VALPARAISO",0.70479797979798,84.0909090909091,80,1,NA,"Valparaíso","Valparaíso"
1992,"Municipales","07309","VICHUQUEN",0.634502923976608,63.1578947368421,83.3333333333333,1,NA,"Vichuquén","Vichuquén"
1992,"Municipales","09211","VICTORIA",0.686274509803922,76.4705882352941,83.3333333333333,1,NA,"Victoria","Victoria"
1992,"Municipales","04106","VICUNA",0.768518518518519,83.3333333333333,100,1,NA,"Vicuña","Vicuña"
1992,"Municipales","09119","VILCUN",0.663398692810457,70.5882352941177,83.3333333333333,1,NA,"Vilcún","Vilcún"
1992,"Municipales","07407","VILLA ALEGRE",0.680555555555556,75,83.3333333333333,1,NA,"Villa Alegre","Villa Alegre"
1992,"Municipales","05804","VILLA ALEMANA",0.712962962962963,83.3333333333333,83.3333333333333,1,NA,"Villa Alemana","Villa Alemana"
1992,"Municipales","09120","VILLARRICA",0.703703703703704,80.9523809523809,83.3333333333333,1,NA,"Villarrica","Villarrica"
1992,"Municipales","05109","VINA DEL MAR",0.706837606837607,84.6153846153846,80,1,NA,"Viña del Mar","Viña del Mar"
1992,"Municipales","13132","VITACURA",0.485185185185185,53.3333333333333,50,1,NA,"Vitacura","Vitacura"
1992,"Municipales","07408","YERBAS BUENAS",0.625,75,66.6666666666667,1,NA,"Yerbas Buenas","Yerbas Buenas"
1992,"Municipales","08313","YUMBEL",0.719444444444445,85,83.3333333333333,1,NA,"Yumbel","Yumbel"
1992,"Municipales","16109","YUNGAY",0.648148148148148,66.6666666666667,83.3333333333333,1,NA,"Yungay","Yungay"
1992,"Municipales","05405","ZAPALLAR",0.666666666666667,71.4285714285714,83.3333333333333,1,NA,"Zapallar","Zapallar"
1996,"Municipales","05602","ALGARROBO",0.323717948717949,53.8461538461538,33.3333333333333,1,0,"Algarrobo","Algarrobo"
1996,"Municipales","13502","ALHUE",0.5625,50,66.6666666666667,1,66.6666666666667,"Alhué","Alhué"
1996,"Municipales","03302","ALTO DEL CARMEN",0.569444444444444,66.6666666666667,66.6666666666667,1,50,"Alto del Carmen","Alto del Carmen"
1996,"Municipales","10202","ANCUD",0.62037037037037,55.5555555555556,50,1,100,"Ancud","Ancud"
1996,"Municipales","04103","ANDACOLLO",0.760416666666667,75,83.3333333333333,1,100,"Andacollo","Andacollo"
1996,"Municipales","09201","ANGOL",0.668859649122807,57.8947368421053,66.6666666666667,1,100,"Angol","Angol"
1996,"Municipales","02101","ANTOFAGASTA",0.664583333333333,60,87.5,1,75,"Antofagasta","Antofagasta"
1996,"Municipales","08302","ANTUCO",0.745833333333333,70,83.3333333333333,1,100,"Antuco","Antuco"
1996,"Municipales","08202","ARAUCO",0.754901960784314,58.8235294117647,100,1,100,"Arauco","Arauco"
1996,"Municipales","15101","ARICA",0.695138888888889,83.3333333333333,87.5,1,60,"Arica","Arica"
1996,"Municipales","11201","AYSEN",0.67156862745098,58.8235294117647,66.6666666666667,1,100,"Aisén","Aisén"
1996,"Municipales","13402","BUIN",0.589583333333333,45,50,1,100,"Buin","Buin"
1996,"Municipales","16102","BULNES",0.816666666666667,80,100,1,100,"Bulnes","Bulnes"
1996,"Municipales","05402","CABILDO",0.821969696969697,81.8181818181818,100,1,100,"Cabildo","Cabildo"
1996,"Municipales","12201","CABO DE HORNOS",0.493589743589744,69.2307692307692,33.3333333333333,1,50,"Cabo de Hornos","Cabo de Hornos"
1996,"Municipales","08303","CABRERO",0.702083333333333,75,100,1,60,"Cabrero","Cabrero"
1996,"Municipales","02201","CALAMA",0.782894736842105,68.4210526315789,100,1,100,"Calama","Calama"
1996,"Municipales","10102","CALBUCO",0.791666666666667,71.4285714285714,100,1,100,"Calbuco","Calbuco"
1996,"Municipales","03102","CALDERA",0.6796875,68.75,83.3333333333333,1,75,"Caldera","Caldera"
1996,"Municipales","05502","CALERA",0.666666666666667,71.4285714285714,50,1,100,"Calera","Calera"
1996,"Municipales","13403","CALERA DE TANGO",0.48989898989899,54.5454545454545,50,1,NA,"Calera de Tango","Calera de Tango"
1996,"Municipales","05302","CALLE LARGA",0.654166666666667,60,83.3333333333333,1,75,"Calle Larga","Calle Larga"
1996,"Municipales","15102","CAMARONES",0.7625,78.5714285714286,100,1,80,"Camarones","Camarones"
1996,"Municipales","01402","CAMINA",0.700757575757576,54.5454545454545,83.3333333333333,1,100,"Camiña","Camiña"
1996,"Municipales","04202","CANELA",0.669270833333333,43.75,83.3333333333333,1,100,"Canela","Canela"
1996,"Municipales","08203","CANETE",0.784722222222222,83.3333333333333,83.3333333333333,1,100,"Cañete","Cañete"
1996,"Municipales","09102","CARAHUE",0.636574074074074,61.1111111111111,83.3333333333333,1,66.6666666666667,"Carahue","Carahue"
1996,"Municipales","05603","CARTAGENA",0.703525641025641,76.9230769230769,83.3333333333333,1,75,"Cartagena","Cartagena"
1996,"Municipales","05102","CASABLANCA",0.736111111111111,66.6666666666667,83.3333333333333,1,100,"Casablanca","Casablanca"
1996,"Municipales","10201","CASTRO",0.647058823529412,64.7058823529412,100,1,50,"Castro","Castro"
1996,"Municipales","05702","CATEMU",0.721153846153846,61.5384615384615,83.3333333333333,1,100,"Catemu","Catemu"
1996,"Municipales","07201","CAUQUENES",0.569444444444444,66.6666666666667,50,1,66.6666666666667,"Cauquenes","Cauquenes"
1996,"Municipales","13102","CERRILLOS",0.729166666666667,50,100,1,100,"Cerrillos","Cerrillos"
1996,"Municipales","13103","CERRO NAVIA",0.640600998463902,54.8387096774194,87.5,1,71.4285714285714,"Cerro Navia","Cerro Navia"
1996,"Municipales","10401","CHAITEN",0.679487179487179,61.5384615384615,66.6666666666667,1,100,"Chaitén","Chaitén"
1996,"Municipales","03201","CHANARAL",0.46875,75,66.6666666666667,1,0,"Chañaral","Chañaral"
1996,"Municipales","07202","CHANCO",0.576923076923077,69.2307692307692,50,1,66.6666666666667,"Chanco","Chanco"
1996,"Municipales","06302","CHEPICA",0.696969696969697,81.8181818181818,100,1,50,"Chépica","Chépica"
1996,"Municipales","08103","CHIGUAYANTE",0.57037037037037,46.6666666666667,83.3333333333333,1,NA,"Chiguayante","Chiguayante"
1996,"Municipales","11401","CHILE CHICO",0.37719298245614,57.8947368421053,50,1,0,"Chile Chico","Chile Chico"
1996,"Municipales","16101","CHILLAN",0.81359649122807,78.9473684210526,100,1,100,"Chillán","Chillán"
1996,"Municipales","16103","CHILLAN VIEJO",0.611111111111111,57.1428571428571,83.3333333333333,1,NA,"Chillán Viejo","Chillán Viejo"
1996,"Municipales","06303","CHIMBARONGO",0.747222222222222,73.3333333333333,100,1,80,"Chimbarongo","Chimbarongo"
1996,"Municipales","10203","CHONCHI",0.527777777777778,66.6666666666667,66.6666666666667,1,33.3333333333333,"Chonchi","Chonchi"
1996,"Municipales","11202","CISNES",0.745833333333333,70,83.3333333333333,1,100,"Cisnes","Cisnes"
1996,"Municipales","16202","COBQUECURA",0.826388888888889,83.3333333333333,100,1,100,"Cobquecura","Cobquecura"
1996,"Municipales","10103","COCHAMO",0.694444444444444,66.6666666666667,66.6666666666667,1,100,"Cochamó","Cochamó"
1996,"Municipales","11301","COCHRANE",0.586805555555555,58.3333333333333,66.6666666666667,1,66.6666666666667,"Cochrane","Cochrane"
1996,"Municipales","06102","CODEGUA",0.677777777777778,46.6666666666667,83.3333333333333,1,100,"Codegua","Codegua"
1996,"Municipales","16203","COELEMU",0.700320512820513,61.5384615384615,100,1,75,"Coelemu","Coelemu"
1996,"Municipales","11101","COIHAIQUE",0.520833333333333,64.2857142857143,50,1,50,"Coihaique","Coihaique"
1996,"Municipales","16302","COIHUECO",0.710416666666667,75,83.3333333333333,1,80,"Coihueco","Coihueco"
1996,"Municipales","06103","COINCO",0.576923076923077,69.2307692307692,50,1,66.6666666666667,"Coinco","Coinco"
1996,"Municipales","07402","COLBUN",0.5859375,43.75,50,1,100,"Colbún","Colbún"
1996,"Municipales","01403","COLCHANE",0.736111111111111,66.6666666666667,83.3333333333333,1,100,"Colchane","Colchane"
1996,"Municipales","13301","COLINA",0.806372549019608,76.4705882352941,100,1,100,"Colina","Colina"
1996,"Municipales","09202","COLLIPULLI",0.528508771929824,52.6315789473684,66.6666666666667,1,50,"Collipulli","Collipulli"
1996,"Municipales","06104","COLTAUCO",0.635416666666667,75,83.3333333333333,1,50,"Coltauco","Coltauco"
1996,"Municipales","04302","COMBARBALA",0.425,60,33.3333333333333,1,33.3333333333333,"Combarbalá","Combarbalá"
1996,"Municipales","08101","CONCEPCION",0.651327838827839,69.2307692307692,75,1,71.4285714285714,"Concepción","Concepción"
1996,"Municipales","13104","CONCHALI",0.72275641025641,69.2307692307692,75,1,100,"Conchalí","Conchalí"
1996,"Municipales","05103","CONCON",0.454545454545455,45.4545454545455,50,1,NA,"Concón","Concón"
1996,"Municipales","07102","CONSTITUCION",0.645833333333333,50,66.6666666666667,1,100,"Constitución","Constitución"
1996,"Municipales","08204","CONTULMO",0.816666666666667,80,100,1,100,"Contulmo","Contulmo"
1996,"Municipales","03101","COPIAPO",0.699074074074074,61.1111111111111,100,1,75,"Copiapó","Copiapó"
1996,"Municipales","04102","COQUIMBO",0.69537037037037,55.5555555555556,100,1,80,"Coquimbo","Coquimbo"
1996,"Municipales","08102","CORONEL",0.7875,70,100,1,100,"Coronel","Coronel"
1996,"Municipales","14102","CORRAL",0.791666666666667,71.4285714285714,100,1,100,"Corral","Corral"
1996,"Municipales","09103","CUNCO",0.620138888888889,58.3333333333333,66.6666666666667,1,80,"Cunco","Cunco"
1996,"Municipales","09203","CURACAUTIN",0.458333333333333,57.1428571428571,33.3333333333333,1,50,"Curacautín","Curacautín"
1996,"Municipales","13503","CURACAVI",0.639423076923077,69.2307692307692,66.6666666666667,1,75,"Curacaví","Curacaví"
1996,"Municipales","10204","CURACO DE VELEZ",0.545833333333333,50,66.6666666666667,1,60,"Curaco de Vélez","Curaco de Vélez"
1996,"Municipales","08205","CURANILAHUE",0.666666666666667,64.2857142857143,83.3333333333333,1,75,"Curanilahue","Curanilahue"
1996,"Municipales","09104","CURARREHUE",0.6875,64.2857142857143,66.6666666666667,1,100,"Curarrehue","Curarrehue"
1996,"Municipales","07103","CUREPTO",0.629487179487179,61.5384615384615,66.6666666666667,1,80,"Curepto","Curepto"
1996,"Municipales","07301","CURICO",0.666666666666667,57.1428571428571,66.6666666666667,1,100,"Curicó","Curicó"
1996,"Municipales","10205","DALCAHUE",0.743589743589744,69.2307692307692,83.3333333333333,1,100,"Dalcahue","Dalcahue"
1996,"Municipales","03202","DIEGO DE ALMAGRO",0.816666666666667,80,100,1,100,"Diego de Almagro","Diego de Almagro"
1996,"Municipales","06105","DONIHUE",0.637254901960784,47.0588235294118,66.6666666666667,1,100,"Doñihue","Doñihue"
1996,"Municipales","13105","EL BOSQUE",0.648674242424242,54.5454545454545,87.5,1,75,"El Bosque","El Bosque"
1996,"Municipales","16104","EL CARMEN",0.635416666666667,75,66.6666666666667,1,66.6666666666667,"El Carmen","El Carmen"
1996,"Municipales","13602","EL MONTE",0.691666666666667,80,83.3333333333333,1,66.6666666666667,"El Monte","El Monte"
1996,"Municipales","05604","EL QUISCO",0.452777777777778,45,50,1,NA,"El Quisco","El Quisco"
1996,"Municipales","05605","EL TABO",0.538725490196078,64.7058823529412,66.6666666666667,1,40,"El Tabo","El Tabo"
1996,"Municipales","07104","EMPEDRADO",0.6875,64.2857142857143,66.6666666666667,1,100,"Empedrado","Empedrado"
1996,"Municipales","09204","ERCILLA",0.6875,64.2857142857143,66.6666666666667,1,100,"Ercilla","Ercilla"
1996,"Municipales","13106","ESTACION CENTRAL",0.799731182795699,74.1935483870968,100,1,100,"Estación Central","Estación Central"
1996,"Municipales","08104","FLORIDA",0.586805555555556,58.3333333333333,33.3333333333333,1,100,"Florida","Florida"
1996,"Municipales","09105","FREIRE",0.816666666666667,80,100,1,100,"Freire","Freire"
1996,"Municipales","03303","FREIRINA",0.78525641025641,69.2307692307692,100,1,100,"Freirina","Freirina"
1996,"Municipales","10104","FRESIA",0.775,80,83.3333333333333,1,100,"Fresia","Fresia"
1996,"Municipales","10105","FRUTILLAR",0.712121212121212,72.7272727272727,66.6666666666667,1,100,"Frutillar","Frutillar"
1996,"Municipales","10402","FUTALEUFU",0.520833333333333,50,16.6666666666667,1,100,"Futaleufú","Futaleufú"
1996,"Municipales","14202","FUTRONO",0.743589743589744,69.2307692307692,83.3333333333333,1,100,"Futrono","Futrono"
1996,"Municipales","09106","GALVARINO",0.747395833333333,56.25,100,1,100,"Galvarino","Galvarino"
1996,"Municipales","15202","GENERAL LAGOS",0.804166666666667,90,83.3333333333333,1,100,"General Lagos","General Lagos"
1996,"Municipales","09107","GORBEA",0.752314814814815,72.2222222222222,100,1,83.3333333333333,"Gorbea","Gorbea"
1996,"Municipales","06106","GRANEROS",0.515625,62.5,66.6666666666667,1,33.3333333333333,"Graneros","Graneros"
1996,"Municipales","11203","GUAITECAS",0.617424242424242,54.5454545454545,50,1,100,"Guaitecas","Guaitecas"
1996,"Municipales","05503","HIJUELAS",0.65,80,83.3333333333333,1,50,"Hijuelas","Hijuelas"
1996,"Municipales","10403","HUALAIHUE",0.583333333333333,57.1428571428571,66.6666666666667,1,66.6666666666667,"Hualaihué","Hualaihué"
1996,"Municipales","07302","HUALANE",0.487745098039216,52.9411764705882,50,1,50,"Hualañé","Hualañé"
1996,"Municipales","08105","HUALQUI",0.721153846153846,61.5384615384615,83.3333333333333,1,100,"Hualqui","Hualqui"
1996,"Municipales","01404","HUARA",0.676851851851852,77.7777777777778,66.6666666666667,1,80,"Huara","Huara"
1996,"Municipales","03304","HUASCO",0.7125,78.5714285714286,100,1,60,"Huasco","Huasco"
1996,"Municipales","13107","HUECHURABA",0.740530303030303,68.1818181818182,83.3333333333333,1,100,"Huechuraba","Huechuraba"
1996,"Municipales","04201","ILLAPEL",0.821969696969697,81.8181818181818,100,1,100,"Illapel","Illapel"
1996,"Municipales","13108","INDEPENDENCIA",0.541666666666667,71.4285714285714,66.6666666666667,1,33.3333333333333,"Independencia","Independencia"
1996,"Municipales","01101","IQUIQUE",0.510416666666667,64.2857142857143,62.5,1,33.3333333333333,"Iquique","Iquique"
1996,"Municipales","13603","ISLA DE MAIPO",0.57843137254902,41.1764705882353,50,1,100,"Isla de Maipo","Isla de Maipo"
1996,"Municipales","05201","ISLA DE PASCUA",0.675,60,66.6666666666667,1,100,"Isla de Pascua","Isla de Pascua"
1996,"Municipales","05104","JUAN FERNANDEZ",0.361111111111111,35.7142857142857,33.3333333333333,1,NA,"Juan Fernández","Juan Fernández"
1996,"Municipales","13109","LA CISTERNA",0.664855072463768,56.5217391304348,66.6666666666667,1,100,"La Cisterna","La Cisterna"
1996,"Municipales","05504","LA CRUZ",0.601923076923077,69.2307692307692,66.6666666666667,1,60,"La Cruz","La Cruz"
1996,"Municipales","06202","LA ESTRELLA",0.798484848484849,90.9090909090909,100,1,80,"La Estrella","La Estrella"
1996,"Municipales","13110","LA FLORIDA",0.714025297619048,65.625,90,1,85.7142857142857,"La Florida","La Florida"
1996,"Municipales","13111","LA GRANJA",0.802083333333333,75,100,1,100,"La Granja","La Granja"
1996,"Municipales","04104","LA HIGUERA",0.725,80,83.3333333333333,1,80,"La Higuera","La Higuera"
1996,"Municipales","05401","LA LIGUA",0.53525641025641,69.2307692307692,50,1,50,"La Ligua","La Ligua"
1996,"Municipales","13112","LA PINTANA",0.736111111111111,66.6666666666667,83.3333333333333,1,100,"La Pintana","La Pintana"
1996,"Municipales","13113","LA REINA",0.763888888888889,76.1904761904762,83.3333333333333,1,100,"La Reina","La Reina"
1996,"Municipales","04101","LA SERENA",0.774305555555556,76.1904761904762,87.5,1,100,"La Serena","La Serena"
1996,"Municipales","14201","LA UNION",0.753787878787879,72.7272727272727,83.3333333333333,1,100,"La Unión","La Unión"
1996,"Municipales","14203","LAGO RANCO",0.75,57.1428571428571,100,1,100,"Lago Ranco","Lago Ranco"
1996,"Municipales","11102","LAGO VERDE",0.567708333333333,37.5,50,1,100,"Lago Verde","Lago Verde"
1996,"Municipales","12102","LAGUNA BLANCA",0.527777777777778,66.6666666666667,50,1,50,"Laguna Blanca","Laguna Blanca"
1996,"Municipales","08304","LAJA",0.802083333333333,75,100,1,100,"Laja","Laja"
1996,"Municipales","13302","LAMPA",0.725877192982456,63.1578947368421,83.3333333333333,1,100,"Lampa","Lampa"
1996,"Municipales","14103","LANCO",0.712121212121212,72.7272727272727,66.6666666666667,1,100,"Lanco","Lanco"
1996,"Municipales","06107","LAS CABRAS",0.611111111111111,66.6666666666667,66.6666666666667,1,66.6666666666667,"Las Cabras","Las Cabras"
1996,"Municipales","13114","LAS CONDES",0.555871212121212,72.7272727272727,37.5,1,66.6666666666667,"Las Condes","Las Condes"
1996,"Municipales","09108","LAUTARO",0.669270833333333,43.75,83.3333333333333,1,100,"Lautaro","Lautaro"
1996,"Municipales","08201","LEBU",0.662037037037037,55.5555555555556,100,1,66.6666666666667,"Lebu","Lebu"
1996,"Municipales","07303","LICANTEN",0.587962962962963,44.4444444444444,50,1,100,"Licantén","Licantén"
1996,"Municipales","05802","LIMACHE",0.408333333333333,40,33.3333333333333,1,50,"Limache","Limache"
1996,"Municipales","07401","LINARES",0.571078431372549,52.9411764705882,83.3333333333333,1,50,"Linares","Linares"
1996,"Municipales","06203","LITUECHE",0.694444444444444,66.6666666666667,66.6666666666667,1,100,"Litueche","Litueche"
1996,"Municipales","05703","LLAILLAY",0.652314814814815,72.2222222222222,83.3333333333333,1,60,"Llaillay","Llaillay"
1996,"Municipales","10107","LLANQUIHUE",0.579166666666667,70,50,1,66.6666666666667,"Llanquihue","Llanquihue"
1996,"Municipales","13115","LO BARNECHEA",0.611111111111111,66.6666666666667,66.6666666666667,1,66.6666666666667,"Lo Barnechea","Lo Barnechea"
1996,"Municipales","13116","LO ESPEJO",0.686111111111111,56.6666666666667,75,1,100,"Lo Espejo","Lo Espejo"
1996,"Municipales","13117","LO PRADO",0.635416666666667,53.5714285714286,83.3333333333333,1,75,"Lo Prado","Lo Prado"
1996,"Municipales","06304","LOLOL",0.816666666666667,80,100,1,100,"Lolol","Lolol"
1996,"Municipales","09109","LONCOCHE",0.583333333333333,57.1428571428571,66.6666666666667,1,66.6666666666667,"Loncoche","Loncoche"
1996,"Municipales","07403","LONGAVI",0.727272727272727,63.6363636363636,83.3333333333333,1,100,"Longaví","Longaví"
1996,"Municipales","09205","LONQUIMAY",0.736111111111111,66.6666666666667,83.3333333333333,1,100,"Lonquimay","Lonquimay"
1996,"Municipales","08206","LOS ALAMOS",0.604166666666667,50,83.3333333333333,1,66.6666666666667,"Los Alamos","Los Alamos"
1996,"Municipales","05301","LOS ANDES",0.520833333333333,50,50,1,66.6666666666667,"Los Andes","Los Andes"
1996,"Municipales","08301","LOS ANGELES",0.627083333333333,65,75,1,66.6666666666667,"Los Angeles","Los Angeles"
1996,"Municipales","14104","LOS LAGOS",0.724358974358974,76.9230769230769,66.6666666666667,1,100,"Los Lagos","Los Lagos"
1996,"Municipales","10106","LOS MUERMOS",0.587121212121212,72.7272727272727,66.6666666666667,1,50,"Los Muermos","Los Muermos"
1996,"Municipales","09206","LOS SAUCES",0.729166666666667,64.2857142857143,83.3333333333333,1,100,"Los Sauces","Los Sauces"
1996,"Municipales","04203","LOS VILOS",0.698529411764706,82.3529411764706,100,1,50,"Los Vilos","Los Vilos"
1996,"Municipales","08106","LOTA",0.765625,62.5,100,1,100,"Lota","Lota"
1996,"Municipales","09207","LUMACO",0.541666666666667,57.1428571428571,50,1,66.6666666666667,"Lumaco","Lumaco"
1996,"Municipales","06108","MACHALI",0.706521739130435,56.5217391304348,83.3333333333333,1,100,"Machalí","Machalí"
1996,"Municipales","13118","MACUL",0.749702380952381,80,87.5,1,85.7142857142857,"Macul","Macul"
1996,"Municipales","14105","MAFIL",0.659090909090909,54.5454545454545,66.6666666666667,1,100,"Máfil","Máfil"
1996,"Municipales","13119","MAIPU",0.770833333333333,64.2857142857143,100,1,100,"Maipú","Maipú"
1996,"Municipales","06109","MALLOA",0.611111111111111,66.6666666666667,66.6666666666667,1,66.6666666666667,"Malloa","Malloa"
1996,"Municipales","06204","MARCHIHUE",0.592948717948718,46.1538461538462,50,1,100,"Marchihue","Marchihue"
1996,"Municipales","02302","MARIA ELENA",0.596153846153846,61.5384615384615,33.3333333333333,1,100,"María Elena","María Elena"
1996,"Municipales","13504","MARIA PINTO",0.575320512820513,61.5384615384615,50,1,75,"María Pinto","María Pinto"
1996,"Municipales","14106","MARIQUINA",0.716025641025641,76.9230769230769,83.3333333333333,1,80,"Mariquina","Mariquina"
1996,"Municipales","07105","MAULE",0.530555555555556,53.3333333333333,83.3333333333333,1,33.3333333333333,"Maule","Maule"
1996,"Municipales","10108","MAULLIN",0.54656862745098,58.8235294117647,66.6666666666667,1,50,"Maullín","Maullín"
1996,"Municipales","02102","MEJILLONES",0.762820512820513,61.5384615384615,100,1,100,"Mejillones","Mejillones"
1996,"Municipales","09110","MELIPEUCO",0.637820512820513,61.5384615384615,83.3333333333333,1,66.6666666666667,"Melipeuco","Melipeuco"
1996,"Municipales","13501","MELIPILLA",0.626225490196078,64.7058823529412,66.6666666666667,1,75,"Melipilla","Melipilla"
1996,"Municipales","07304","MOLINA",0.640625,62.5,50,1,100,"Molina","Molina"
1996,"Municipales","04303","MONTE PATRIA",0.640625,62.5,83.3333333333333,1,66.6666666666667,"Monte Patria","Monte Patria"
1996,"Municipales","06110","MOSTAZAL",0.600877192982456,63.1578947368421,66.6666666666667,1,66.6666666666667,"Mostazal","Mostazal"
1996,"Municipales","08305","MULCHEN",0.57156862745098,58.8235294117647,66.6666666666667,1,60,"Mulchén","Mulchén"
1996,"Municipales","08306","NACIMIENTO",0.637820512820513,61.5384615384615,83.3333333333333,1,66.6666666666667,"Nacimiento","Nacimiento"
1996,"Municipales","06305","NANCAGUA",0.683854166666667,68.75,100,1,60,"Nancagua","Nancagua"
1996,"Municipales","12401","NATALES",0.6875,50,83.3333333333333,1,100,"Natales","Natales"
1996,"Municipales","06205","NAVIDAD",0.720833333333333,64.2857142857143,100,1,80,"Navidad","Navidad"
1996,"Municipales","08307","NEGRETE",0.71875,75,66.6666666666667,1,100,"Negrete","Negrete"
1996,"Municipales","16204","NINHUE",0.51593137254902,41.1764705882353,50,1,75,"Ninhue","Ninhue"
1996,"Municipales","16303","NIQUEN",0.766666666666667,80,100,1,80,"Ñiquén","Ñiquén"
1996,"Municipales","05506","NOGALES",0.6875,50,83.3333333333333,1,100,"Nogales","Nogales"
1996,"Municipales","09111","NUEVA IMPERIAL",0.682894736842105,68.4210526315789,100,1,60,"Nueva Imperial","Nueva Imperial"
1996,"Municipales","13120","NUNOA",0.716435185185185,77.7777777777778,87.5,1,75,"Ñuñoa","Ñuñoa"
1996,"Municipales","11302","OHIGGINS",0.503472222222222,58.3333333333333,50,1,50,"O'Higgins","O'Higgins"
1996,"Municipales","06111","OLIVAR",0.55,60,66.6666666666667,1,50,"Olivar","Olivar"
1996,"Municipales","02202","OLLAGUE",0.533333333333333,40,33.3333333333333,1,100,"Ollagüe","Ollagüe"
1996,"Municipales","05803","OLMUE",0.479166666666667,50,33.3333333333333,1,66.6666666666667,"Olmué","Olmué"
1996,"Municipales","10301","OSORNO",0.751644736842105,68.4210526315789,87.5,1,100,"Osorno","Osorno"
1996,"Municipales","04301","OVALLE",0.806372549019608,76.4705882352941,100,1,100,"Ovalle","Ovalle"
1996,"Municipales","13604","PADRE HURTADO",0.631944444444445,62.5,83.3333333333333,1,NA,"Padre Hurtado","Padre Hurtado"
1996,"Municipales","09112","PADRE LAS CASAS",0.648148148148148,66.6666666666667,83.3333333333333,1,NA,"Padre Las Casas","Padre Las Casas"
1996,"Municipales","04105","PAIGUANO",0.825,100,100,1,80,"Paiguano","Paiguano"
1996,"Municipales","14107","PAILLACO",0.675,80,83.3333333333333,1,60,"Paillaco","Paillaco"
1996,"Municipales","13404","PAINE",0.6015625,56.25,66.6666666666667,1,75,"Paine","Paine"
1996,"Municipales","10404","PALENA",0.78525641025641,69.2307692307692,100,1,100,"Palena","Palena"
1996,"Municipales","06306","PALMILLA",0.582291666666667,62.5,66.6666666666667,1,60,"Palmilla","Palmilla"
1996,"Municipales","14108","PANGUIPULLI",0.482456140350877,36.8421052631579,50,1,66.6666666666667,"Panguipulli","Panguipulli"
1996,"Municipales","05704","PANQUEHUE",0.693055555555556,73.3333333333333,83.3333333333333,1,75,"Panquehue","Panquehue"
1996,"Municipales","05403","PAPUDO",0.616666666666667,57.1428571428571,66.6666666666667,1,80,"Papudo","Papudo"
1996,"Municipales","06206","PAREDONES",0.622395833333333,56.25,83.3333333333333,1,66.6666666666667,"Paredones","Paredones"
1996,"Municipales","07404","PARRAL",0.65625,75,66.6666666666667,1,75,"Parral","Parral"
1996,"Municipales","13121","PEDRO AGUIRRE CERDA",0.770833333333333,75,100,1,87.5,"Pedro Aguirre Cerda","Pedro Aguirre Cerda"
1996,"Municipales","07106","PELARCO",0.426282051282051,46.1538461538462,33.3333333333333,1,50,"Pelarco","Pelarco"
1996,"Municipales","07203","PELLUHUE",0.590277777777778,66.6666666666667,50,1,75,"Pelluhue","Pelluhue"
1996,"Municipales","16105","PEMUCO",0.416666666666667,50,33.3333333333333,1,NA,"Pemuco","Pemuco"
1996,"Municipales","13605","PENAFLOR",0.645833333333333,50,66.6666666666667,1,100,"Peñaflor","Peñaflor"
1996,"Municipales","13122","PENALOLEN",0.64375,70,62.5,1,80,"Peñalolén","Peñalolén"
1996,"Municipales","07107","PENCAHUE",0.6375,50,83.3333333333333,1,80,"Pencahue","Pencahue"
1996,"Municipales","08107","PENCO",0.77,64,100,1,100,"Penco","Penco"
1996,"Municipales","06307","PERALILLO",0.615384615384615,53.8461538461538,50,1,100,"Peralillo","Peralillo"
1996,"Municipales","09113","PERQUENCO",0.795833333333333,90,100,1,80,"Perquenco","Perquenco"
1996,"Municipales","05404","PETORCA",0.721153846153846,61.5384615384615,83.3333333333333,1,100,"Petorca","Petorca"
1996,"Municipales","06112","PEUMO",0.727272727272727,63.6363636363636,83.3333333333333,1,100,"Peumo","Peumo"
1996,"Municipales","01405","PICA",0.401041666666667,37.5,33.3333333333333,1,50,"Pica","Pica"
1996,"Municipales","06113","PICHIDEGUA",0.583333333333333,50,66.6666666666667,1,75,"Pichidegua","Pichidegua"
1996,"Municipales","06201","PICHILEMU",0.575,40,50,1,100,"Pichilemu","Pichilemu"
1996,"Municipales","16106","PINTO",0.826388888888889,83.3333333333333,100,1,100,"Pinto","Pinto"
1996,"Municipales","13202","PIRQUE",0.639423076923077,69.2307692307692,66.6666666666667,1,75,"Pirque","Pirque"
1996,"Municipales","09114","PITRUFQUEN",0.575520833333333,68.75,50,1,66.6666666666667,"Pitrufquén","Pitrufquén"
1996,"Municipales","06308","PLACILLA",0.740384615384615,53.8461538461538,100,1,100,"Placilla","Placilla"
1996,"Municipales","16205","PORTEZUELO",0.810185185185185,77.7777777777778,100,1,100,"Portezuelo","Portezuelo"
1996,"Municipales","12301","PORVENIR",0.679487179487179,61.5384615384615,66.6666666666667,1,100,"Porvenir","Porvenir"
1996,"Municipales","01401","POZO ALMONTE",0.658333333333333,40,100,1,83.3333333333333,"Pozo Almonte","Pozo Almonte"
1996,"Municipales","12302","PRIMAVERA",0.393939393939394,63.6363636363636,50,1,0,"Primavera","Primavera"
1996,"Municipales","13123","PROVIDENCIA",0.470486111111111,79.1666666666667,37.5,1,25,"Providencia","Providencia"
1996,"Municipales","05105","PUCHUNCAVI",0.611111111111111,66.6666666666667,33.3333333333333,1,100,"Puchuncaví","Puchuncaví"
1996,"Municipales","09115","PUCON",0.508333333333333,60,50,1,50,"Pucón","Pucón"
1996,"Municipales","13124","PUDAHUEL",0.683333333333333,70,83.3333333333333,1,75,"Pudahuel","Pudahuel"
1996,"Municipales","13201","PUENTE ALTO",0.7875,70,100,1,100,"Puente Alto","Puente Alto"
1996,"Municipales","10101","PUERTO MONTT",0.708333333333333,75,87.5,1,75,"Puerto Montt","Puerto Montt"
1996,"Municipales","10302","PUERTO OCTAY",0.768518518518519,77.7777777777778,83.3333333333333,1,100,"Puerto Octay","Puerto Octay"
1996,"Municipales","10109","PUERTO VARAS",0.625,71.4285714285714,66.6666666666667,1,66.6666666666667,"Puerto Varas","Puerto Varas"
1996,"Municipales","06309","PUMANQUE",0.583333333333333,64.2857142857143,50,1,75,"Pumanque","Pumanque"
1996,"Municipales","04304","PUNITAQUI",0.543859649122807,57.8947368421053,83.3333333333333,1,33.3333333333333,"Punitaqui","Punitaqui"
1996,"Municipales","12101","PUNTA ARENAS",0.615808823529412,64.7058823529412,87.5,1,50,"Punta Arenas","Punta Arenas"
1996,"Municipales","10206","PUQUELDON",0.352272727272727,63.6363636363636,33.3333333333333,1,0,"Puqueldón","Puqueldón"
1996,"Municipales","09208","PUREN",0.571078431372549,52.9411764705882,66.6666666666667,1,66.6666666666667,"Purén","Purén"
1996,"Municipales","10303","PURRANQUE",0.670138888888889,58.3333333333333,66.6666666666667,1,100,"Purranque","Purranque"
1996,"Municipales","05705","PUTAENDO",0.718518518518519,77.7777777777778,83.3333333333333,1,80,"Putaendo","Putaendo"
1996,"Municipales","15201","PUTRE",0.4375,50,50,1,33.3333333333333,"Putre","Putre"
1996,"Municipales","10304","PUYEHUE",0.644444444444444,66.6666666666667,66.6666666666667,1,80,"Puyehue","Puyehue"
1996,"Municipales","10207","QUEILEN",0.802083333333333,75,100,1,100,"Queilén","Queilén"
1996,"Municipales","10208","QUELLON",0.628787878787879,72.7272727272727,66.6666666666667,1,66.6666666666667,"Quellón","Quellón"
1996,"Municipales","10209","QUEMCHI",0.760416666666667,75,83.3333333333333,1,100,"Quemchi","Quemchi"
1996,"Municipales","08308","QUILACO",0.621527777777778,41.6666666666667,66.6666666666667,1,100,"Quilaco","Quilaco"
1996,"Municipales","13125","QUILICURA",0.734375,87.5,83.3333333333333,1,75,"Quilicura","Quilicura"
1996,"Municipales","08309","QUILLECO",0.716666666666667,60,83.3333333333333,1,100,"Quilleco","Quilleco"
1996,"Municipales","16107","QUILLON",0.736111111111111,66.6666666666667,83.3333333333333,1,100,"Quillón","Quillón"
1996,"Municipales","05501","QUILLOTA",0.710416666666667,75,83.3333333333333,1,80,"Quillota","Quillota"
1996,"Municipales","05801","QUILPUE",0.649652777777778,54.1666666666667,83.3333333333333,1,80,"Quilpué","Quilpué"
1996,"Municipales","10210","QUINCHAO",0.691287878787879,72.7272727272727,83.3333333333333,1,75,"Quinchao","Quinchao"
1996,"Municipales","06114","QUINTA DE TILCOCO",0.708333333333333,60,100,1,80,"Quinta de Tilcoco","Quinta de Tilcoco"
1996,"Municipales","13126","QUINTA NORMAL",0.712121212121212,72.7272727272727,100,1,66.6666666666667,"Quinta Normal","Quinta Normal"
1996,"Municipales","05107","QUINTERO",0.673611111111111,66.6666666666667,83.3333333333333,1,75,"Quintero","Quintero"
1996,"Municipales","16201","QUIRIHUE",0.760416666666667,75,83.3333333333333,1,100,"Quirihue","Quirihue"
1996,"Municipales","06101","RANCAGUA",0.741554054054054,75.6756756756757,100,1,75,"Rancagua","Rancagua"
1996,"Municipales","16206","RANQUIL",0.816666666666667,80,100,1,100,"Ranquil","Ranquil"
1996,"Municipales","07305","RAUCO",0.629166666666667,50,100,1,60,"Rauco","Rauco"
1996,"Municipales","13127","RECOLETA",0.737268518518519,77.7777777777778,87.5,1,83.3333333333333,"Recoleta","Recoleta"
1996,"Municipales","09209","RENAICO",0.710416666666667,75,83.3333333333333,1,80,"Renaico","Renaico"
1996,"Municipales","13128","RENCA",0.688762626262626,57.5757575757576,75,1,100,"Renca","Renca"
1996,"Municipales","06115","RENGO",0.711805555555556,58.3333333333333,83.3333333333333,1,100,"Rengo","Rengo"
1996,"Municipales","06116","REQUINOA",0.583333333333333,50,66.6666666666667,1,75,"Requínoa","Requínoa"
1996,"Municipales","07405","RETIRO",0.694444444444444,66.6666666666667,66.6666666666667,1,100,"Retiro","Retiro"
1996,"Municipales","05303","RINCONADA",0.60625,65,66.6666666666667,1,66.6666666666667,"Rinconada","Rinconada"
1996,"Municipales","14204","RIO BUENO",0.785984848484849,90.9090909090909,100,1,75,"Río Bueno","Río Bueno"
1996,"Municipales","07108","RIO CLARO",0.458333333333333,42.8571428571429,50,1,50,"Río Claro","Río Claro"
1996,"Municipales","04305","RIO HURTADO",0.631944444444444,66.6666666666667,66.6666666666667,1,75,"Río Hurtado","Río Hurtado"
1996,"Municipales","11402","RIO IBANEZ",0.573717948717949,53.8461538461538,66.6666666666667,1,66.6666666666667,"Río Ibáñez","Río Ibáñez"
1996,"Municipales","10305","RIO NEGRO",0.545454545454545,72.7272727272727,66.6666666666667,1,33.3333333333333,"Río Negro","Río Negro"
1996,"Municipales","12103","RIO VERDE",0.604166666666667,50,50,1,100,"Río Verde","Río Verde"
1996,"Municipales","07306","ROMERAL",0.845833333333333,90,100,1,100,"Romeral","Romeral"
1996,"Municipales","09116","SAAVEDRA",0.596491228070175,47.3684210526316,83.3333333333333,1,66.6666666666667,"Saavedra","Saavedra"
1996,"Municipales","07307","SAGRADA FAMILIA",0.601973684210526,42.1052631578947,83.3333333333333,1,75,"Sagrada Familia","Sagrada Familia"
1996,"Municipales","04204","SALAMANCA",0.736111111111111,66.6666666666667,83.3333333333333,1,100,"Salamanca","Salamanca"
1996,"Municipales","05601","SAN ANTONIO",0.705,56,83.3333333333333,1,100,"San Antonio","San Antonio"
1996,"Municipales","13401","SAN BERNARDO",0.723731884057971,69.5652173913043,75,1,100,"San Bernardo","San Bernardo"
1996,"Municipales","16301","SAN CARLOS",0.743589743589744,69.2307692307692,83.3333333333333,1,100,"San Carlos","San Carlos"
1996,"Municipales","07109","SAN CLEMENTE",0.595833333333333,50,66.6666666666667,1,80,"San Clemente","San Clemente"
1996,"Municipales","05304","SAN ESTEBAN",0.743589743589744,69.2307692307692,83.3333333333333,1,100,"San Esteban","San Esteban"
1996,"Municipales","16304","SAN FABIAN",0.721153846153846,61.5384615384615,83.3333333333333,1,100,"San Fabián","San Fabián"
1996,"Municipales","05701","SAN FELIPE",0.627314814814815,72.2222222222222,66.6666666666667,1,66.6666666666667,"San Felipe","San Felipe"
1996,"Municipales","06301","SAN FERNANDO",0.78921568627451,70.5882352941177,100,1,100,"San Fernando","San Fernando"
1996,"Municipales","12104","SAN GREGORIO",0.729166666666667,50,100,1,100,"San Gregorio","San Gregorio"
1996,"Municipales","16108","SAN IGNACIO",0.733333333333333,80,66.6666666666667,1,100,"San Ignacio","San Ignacio"
1996,"Municipales","07406","SAN JAVIER",0.497549019607843,70.5882352941177,50,1,33.3333333333333,"San Javier","San Javier"
1996,"Municipales","13129","SAN JOAQUIN",0.75625,70,87.5,1,100,"San Joaquín","San Joaquín"
1996,"Municipales","13203","SAN JOSE DE MAIPO",0.710526315789474,57.8947368421053,83.3333333333333,1,100,"San José de Maipo","San José de Maipo"
1996,"Municipales","10306","SAN JUAN DE LA COSTA",0.798484848484849,90.9090909090909,100,1,80,"San Juan de la Costa","San Juan de la Costa"
1996,"Municipales","13130","SAN MIGUEL",0.703787878787879,72.7272727272727,83.3333333333333,1,80,"San Miguel","San Miguel"
1996,"Municipales","16305","SAN NICOLAS",0.673611111111111,66.6666666666667,83.3333333333333,1,75,"San Nicolás","San Nicolás"
1996,"Municipales","10307","SAN PABLO",0.628787878787879,72.7272727272727,66.6666666666667,1,66.6666666666667,"San Pablo","San Pablo"
1996,"Municipales","13505","SAN PEDRO",0.679487179487179,61.5384615384615,66.6666666666667,1,100,"San Pedro","San Pedro"
1996,"Municipales","02203","SAN PEDRO DE ATACAMA",0.532051282051282,53.8461538461538,50,1,66.6666666666667,"San Pedro de Atacama","San Pedro de Atacama"
1996,"Municipales","08108","SAN PEDRO DE LA PAZ",0.429012345679012,38.8888888888889,50,1,NA,"San Pedro de la Paz","San Pedro de la Paz"
1996,"Municipales","07110","SAN RAFAEL",0.392156862745098,29.4117647058824,50,1,NA,"San Rafael","San Rafael"
1996,"Municipales","13131","SAN RAMON",0.615530303030303,68.1818181818182,66.6666666666667,1,66.6666666666667,"San Ramón","San Ramón"
1996,"Municipales","08310","SAN ROSENDO",0.694444444444444,66.6666666666667,66.6666666666667,1,100,"San Rosendo","San Rosendo"
1996,"Municipales","06117","SAN VICENTE",0.608333333333333,71.4285714285714,66.6666666666667,1,60,"San Vicente","San Vicente"
1996,"Municipales","08311","SANTA BARBARA",0.638636363636364,81.8181818181818,66.6666666666667,1,60,"Santa Bárbara","Santa Bárbara"
1996,"Municipales","06310","SANTA CRUZ",0.645833333333333,50,66.6666666666667,1,100,"Santa Cruz","Santa Cruz"
1996,"Municipales","08109","SANTA JUANA",0.657051282051282,53.8461538461538,66.6666666666667,1,100,"Santa Juana","Santa Juana"
1996,"Municipales","05706","SANTA MARIA",0.680555555555556,83.3333333333333,66.6666666666667,1,75,"Santa María","Santa María"
1996,"Municipales","13101","SANTIAGO",0.763288288288288,70.2702702702703,90,1,100,"Santiago","Santiago"
1996,"Municipales","05606","SANTO DOMINGO",0.615384615384615,53.8461538461538,50,1,100,"Santo Domingo","Santo Domingo"
1996,"Municipales","02103","SIERRA GORDA",0.645833333333333,50,66.6666666666667,1,100,"Sierra Gorda","Sierra Gorda"
1996,"Municipales","13601","TALAGANTE",0.50219298245614,57.8947368421053,33.3333333333333,1,66.6666666666667,"Talagante","Talagante"
1996,"Municipales","07101","TALCA",0.5625,53.5714285714286,62.5,1,66.6666666666667,"Talca","Talca"
1996,"Municipales","08110","TALCAHUANO",0.736805555555555,63.3333333333333,87.5,1,100,"Talcahuano","Talcahuano"
1996,"Municipales","02104","TALTAL",0.643939393939394,63.6363636363636,83.3333333333333,1,66.6666666666667,"Taltal","Taltal"
1996,"Municipales","09101","TEMUCO",0.781666666666667,68,100,1,100,"Temuco","Temuco"
1996,"Municipales","07308","TENO",0.395833333333333,50,16.6666666666667,1,50,"Teno","Teno"
1996,"Municipales","09117","TEODORO SCHMIDT",0.643055555555556,83.3333333333333,66.6666666666667,1,60,"Teodoro Schmidt","Teodoro Schmidt"
1996,"Municipales","03103","TIERRA AMARILLA",0.682291666666667,62.5,66.6666666666667,1,100,"Tierra Amarilla","Tierra Amarilla"
1996,"Municipales","13303","TILTIL",0.830128205128205,84.6153846153846,100,1,100,"Tiltil","Tiltil"
1996,"Municipales","12303","TIMAUKEL",0.204861111111111,41.6666666666667,0,1,0,"Timaukel","Timaukel"
1996,"Municipales","08207","TIRUA",0.413194444444444,41.6666666666667,33.3333333333333,1,50,"Tirúa","Tirúa"
1996,"Municipales","02301","TOCOPILLA",0.698529411764706,82.3529411764706,83.3333333333333,1,66.6666666666667,"Tocopilla","Tocopilla"
1996,"Municipales","09118","TOLTEN",0.736979166666667,81.25,100,1,66.6666666666667,"Toltén","Toltén"
1996,"Municipales","08111","TOME",0.706578947368421,73.6842105263158,83.3333333333333,1,80,"Tomé","Tomé"
1996,"Municipales","12402","TORRES DEL PAINE",0.246527777777778,41.6666666666667,16.6666666666667,1,0,"Torres del Paine","Torres del Paine"
1996,"Municipales","11303","TORTEL",0.62037037037037,55.5555555555556,50,1,100,"Tortel","Tortel"
1996,"Municipales","09210","TRAIGUEN",0.657051282051282,53.8461538461538,66.6666666666667,1,100,"Traiguén","Traiguén"
1996,"Municipales","16207","TREGUACO",0.560606060606061,63.6363636363636,66.6666666666667,1,50,"Treguaco","Treguaco"
1996,"Municipales","08312","TUCAPEL",0.802083333333333,75,100,1,100,"Tucapel","Tucapel"
1996,"Municipales","14101","VALDIVIA",0.791666666666667,71.4285714285714,100,1,100,"Valdivia","Valdivia"
1996,"Municipales","03301","VALLENAR",0.78030303030303,81.8181818181818,83.3333333333333,1,100,"Vallenar","Vallenar"
1996,"Municipales","05101","VALPARAISO",0.666666666666667,54.2857142857143,70,1,100,"Valparaíso","Valparaíso"
1996,"Municipales","07309","VICHUQUEN",0.488425925925926,38.8888888888889,50,1,66.6666666666667,"Vichuquén","Vichuquén"
1996,"Municipales","09211","VICTORIA",0.588235294117647,58.8235294117647,83.3333333333333,1,50,"Victoria","Victoria"
1996,"Municipales","04106","VICUNA",0.673958333333333,62.5,83.3333333333333,1,80,"Vicuña","Vicuña"
1996,"Municipales","09119","VILCUN",0.477083333333333,35,66.6666666666667,1,50,"Vilcún","Vilcún"
1996,"Municipales","07407","VILLA ALEGRE",0.766025641025641,76.9230769230769,83.3333333333333,1,100,"Villa Alegre","Villa Alegre"
1996,"Municipales","05804","VILLA ALEMANA",0.605392156862745,64.7058823529412,66.6666666666667,1,66.6666666666667,"Villa Alemana","Villa Alemana"
1996,"Municipales","09120","VILLARRICA",0.66875,75,66.6666666666667,1,80,"Villarrica","Villarrica"
1996,"Municipales","05109","VINA DEL MAR",0.617424242424242,54.5454545454545,70,1,80,"Viña del Mar","Viña del Mar"
1996,"Municipales","13132","VITACURA",0.668859649122807,57.8947368421053,66.6666666666667,1,100,"Vitacura","Vitacura"
1996,"Municipales","07408","YERBAS BUENAS",0.579861111111111,41.6666666666667,50,1,100,"Yerbas Buenas","Yerbas Buenas"
1996,"Municipales","08313","YUMBEL",0.766025641025641,76.9230769230769,83.3333333333333,1,100,"Yumbel","Yumbel"
1996,"Municipales","16109","YUNGAY",0.842592592592593,88.8888888888889,100,1,100,"Yungay","Yungay"
1996,"Municipales","05405","ZAPALLAR",0.534090909090909,54.5454545454545,66.6666666666667,1,50,"Zapallar","Zapallar"
2000,"Municipales","05602","ALGARROBO",0.544270833333333,43.75,33.3333333333333,1,100,"Algarrobo","Algarrobo"
2000,"Municipales","13502","ALHUE",0.407407407407407,33.3333333333333,50,1,NA,"Alhué","Alhué"
2000,"Municipales","03302","ALTO DEL CARMEN",0.743589743589744,69.2307692307692,83.3333333333333,1,100,"Alto del Carmen","Alto del Carmen"
2000,"Municipales","10202","ANCUD",0.604166666666667,50,50,1,100,"Ancud","Ancud"
2000,"Municipales","04103","ANDACOLLO",0.520833333333333,50,66.6666666666667,1,50,"Andacollo","Andacollo"
2000,"Municipales","09201","ANGOL",0.670454545454546,72.7272727272727,83.3333333333333,1,66.6666666666667,"Angol","Angol"
2000,"Municipales","02101","ANTOFAGASTA",0.679276315789474,57.8947368421053,87.5,1,83.3333333333333,"Antofagasta","Antofagasta"
2000,"Municipales","08302","ANTUCO",0.768939393939394,63.6363636363636,100,1,100,"Antuco","Antuco"
2000,"Municipales","08202","ARAUCO",0.587121212121212,72.7272727272727,66.6666666666667,1,50,"Arauco","Arauco"
2000,"Municipales","15101","ARICA",0.585737179487179,61.5384615384615,62.5,1,66.6666666666667,"Arica","Arica"
2000,"Municipales","11201","AYSEN",0.57051282051282,38.4615384615385,50,1,100,"Aisén","Aisén"
2000,"Municipales","13402","BUIN",0.760416666666667,75,83.3333333333333,1,100,"Buin","Buin"
2000,"Municipales","16102","BULNES",0.711805555555556,58.3333333333333,83.3333333333333,1,100,"Bulnes","Bulnes"
2000,"Municipales","05402","CABILDO",0.594444444444444,66.6666666666667,66.6666666666667,1,60,"Cabildo","Cabildo"
2000,"Municipales","12201","CABO DE HORNOS",0.338888888888889,30,33.3333333333333,1,NA,"Cabo de Hornos","Cabo de Hornos"
2000,"Municipales","08303","CABRERO",0.795454545454545,72.7272727272727,100,1,100,"Cabrero","Cabrero"
2000,"Municipales","02201","CALAMA",0.611174242424242,54.5454545454545,87.5,1,60,"Calama","Calama"
2000,"Municipales","10102","CALBUCO",0.736111111111111,66.6666666666667,83.3333333333333,1,100,"Calbuco","Calbuco"
2000,"Municipales","03102","CALDERA",0.838541666666667,87.5,100,1,100,"Caldera","Caldera"
2000,"Municipales","05502","CALERA",0.503787878787879,72.7272727272727,50,1,33.3333333333333,"Calera","Calera"
2000,"Municipales","13403","CALERA DE TANGO",0.6625,70,50,1,100,"Calera de Tango","Calera de Tango"
2000,"Municipales","05302","CALLE LARGA",0.694444444444444,66.6666666666667,66.6666666666667,1,100,"Calle Larga","Calle Larga"
2000,"Municipales","15102","CAMARONES",0.754166666666667,80,100,1,75,"Camarones","Camarones"
2000,"Municipales","01402","CAMINA",0.541666666666667,50,50,1,75,"Camiña","Camiña"
2000,"Municipales","04202","CANELA",0.682692307692308,76.9230769230769,83.3333333333333,1,66.6666666666667,"Canela","Canela"
2000,"Municipales","08203","CANETE",0.594444444444444,66.6666666666667,66.6666666666667,1,60,"Cañete","Cañete"
2000,"Municipales","09102","CARAHUE",0.743589743589744,69.2307692307692,83.3333333333333,1,100,"Carahue","Carahue"
2000,"Municipales","05603","CARTAGENA",0.697222222222222,53.3333333333333,83.3333333333333,1,100,"Cartagena","Cartagena"
2000,"Municipales","05102","CASABLANCA",0.654166666666667,60,83.3333333333333,1,75,"Casablanca","Casablanca"
2000,"Municipales","10201","CASTRO",0.78030303030303,81.8181818181818,83.3333333333333,1,100,"Castro","Castro"
2000,"Municipales","05702","CATEMU",0.533088235294118,47.0588235294118,50,1,75,"Catemu","Catemu"
2000,"Municipales","07201","CAUQUENES",0.537037037037037,66.6666666666667,50,1,NA,"Cauquenes","Cauquenes"
2000,"Municipales","13102","CERRILLOS",0.739583333333333,75,100,1,75,"Cerrillos","Cerrillos"
2000,"Municipales","13103","CERRO NAVIA",0.64375,60,87.5,1,66.6666666666667,"Cerro Navia","Cerro Navia"
2000,"Municipales","10401","CHAITEN",0.645833333333333,50,66.6666666666667,1,100,"Chaitén","Chaitén"
2000,"Municipales","03201","CHANARAL",0.5625,50,66.6666666666667,1,66.6666666666667,"Chañaral","Chañaral"
2000,"Municipales","07202","CHANCO",0.768518518518519,77.7777777777778,83.3333333333333,1,100,"Chanco","Chanco"
2000,"Municipales","06302","CHEPICA",0.530555555555555,53.3333333333333,66.6666666666667,1,50,"Chépica","Chépica"
2000,"Municipales","08103","CHIGUAYANTE",0.580729166666667,56.25,66.6666666666667,1,66.6666666666667,"Chiguayante","Chiguayante"
2000,"Municipales","11401","CHILE CHICO",0.58578431372549,29.4117647058824,66.6666666666667,1,100,"Chile Chico","Chile Chico"
2000,"Municipales","16101","CHILLAN",0.744791666666667,87.5,87.5,1,75,"Chillán","Chillán"
2000,"Municipales","16103","CHILLAN VIEJO",0.7,57.1428571428571,100,1,80,"Chillán Viejo","Chillán Viejo"
2000,"Municipales","06303","CHIMBARONGO",0.708333333333333,57.1428571428571,83.3333333333333,1,100,"Chimbarongo","Chimbarongo"
2000,"Municipales","10203","CHONCHI",0.675,60,66.6666666666667,1,100,"Chonchi","Chonchi"
2000,"Municipales","11202","CISNES",0.676282051282051,46.1538461538462,83.3333333333333,1,100,"Cisnes","Cisnes"
2000,"Municipales","16202","COBQUECURA",0.806878306878307,88.8888888888889,100,1,85.7142857142857,"Cobquecura","Cobquecura"
2000,"Municipales","10103","COCHAMO",0.669270833333333,43.75,83.3333333333333,1,100,"Cochamó","Cochamó"
2000,"Municipales","11301","COCHRANE",0.534090909090909,54.5454545454545,66.6666666666667,1,50,"Cochrane","Cochrane"
2000,"Municipales","06102","CODEGUA",0.625,60,66.6666666666667,1,80,"Codegua","Codegua"
2000,"Municipales","16203","COELEMU",0.594551282051282,53.8461538461538,66.6666666666667,1,75,"Coelemu","Coelemu"
2000,"Municipales","11101","COIHAIQUE",0.684210526315789,63.1578947368421,66.6666666666667,1,100,"Coihaique","Coihaique"
2000,"Municipales","16302","COIHUECO",0.5625,64.2857142857143,66.6666666666667,1,50,"Coihueco","Coihueco"
2000,"Municipales","06103","COINCO",0.694444444444444,66.6666666666667,66.6666666666667,1,100,"Coinco","Coinco"
2000,"Municipales","07402","COLBUN",0.745454545454545,72.7272727272727,100,1,80,"Colbún","Colbún"
2000,"Municipales","01403","COLCHANE",0.583333333333333,42.8571428571429,50,1,100,"Colchane","Colchane"
2000,"Municipales","13301","COLINA",0.675,80,83.3333333333333,1,60,"Colina","Colina"
2000,"Municipales","09202","COLLIPULLI",0.655555555555555,53.3333333333333,66.6666666666667,1,100,"Collipulli","Collipulli"
2000,"Municipales","06104","COLTAUCO",0.635416666666667,75,66.6666666666667,1,66.6666666666667,"Coltauco","Coltauco"
2000,"Municipales","04302","COMBARBALA",0.625,64.2857142857143,66.6666666666667,1,75,"Combarbalá","Combarbalá"
2000,"Municipales","08101","CONCEPCION",0.72275641025641,69.2307692307692,75,1,100,"Concepción","Concepción"
2000,"Municipales","13104","CONCHALI",0.75109649122807,78.9473684210526,75,1,100,"Conchalí","Conchalí"
2000,"Municipales","05103","CONCON",0.604166666666667,50,50,1,100,"Concón","Concón"
2000,"Municipales","07102","CONSTITUCION",0.672222222222222,73.3333333333333,50,1,100,"Constitución","Constitución"
2000,"Municipales","08204","CONTULMO",0.545138888888889,58.3333333333333,50,1,66.6666666666667,"Contulmo","Contulmo"
2000,"Municipales","03101","COPIAPO",0.736111111111111,66.6666666666667,83.3333333333333,1,100,"Copiapó","Copiapó"
2000,"Municipales","04102","COQUIMBO",0.78921568627451,70.5882352941177,100,1,100,"Coquimbo","Coquimbo"
2000,"Municipales","08102","CORONEL",0.688725490196078,64.7058823529412,83.3333333333333,1,83.3333333333333,"Coronel","Coronel"
2000,"Municipales","14102","CORRAL",0.684722222222222,83.3333333333333,83.3333333333333,1,60,"Corral","Corral"
2000,"Municipales","09103","CUNCO",0.768518518518519,77.7777777777778,83.3333333333333,1,100,"Cunco","Cunco"
2000,"Municipales","09203","CURACAUTIN",0.554487179487179,61.5384615384615,66.6666666666667,1,50,"Curacautín","Curacautín"
2000,"Municipales","13503","CURACAVI",0.573717948717949,53.8461538461538,66.6666666666667,1,66.6666666666667,"Curacaví","Curacaví"
2000,"Municipales","10204","CURACO DE VELEZ",0.694444444444444,66.6666666666667,66.6666666666667,1,100,"Curaco de Vélez","Curaco de Vélez"
2000,"Municipales","08205","CURANILAHUE",0.723958333333333,62.5,83.3333333333333,1,100,"Curanilahue","Curanilahue"
2000,"Municipales","09104","CURARREHUE",0.700320512820513,61.5384615384615,100,1,75,"Curarrehue","Curarrehue"
2000,"Municipales","07103","CUREPTO",0.608333333333333,80,66.6666666666667,1,50,"Curepto","Curepto"
2000,"Municipales","07301","CURICO",0.503472222222222,58.3333333333333,50,1,50,"Curicó","Curicó"
2000,"Municipales","10205","DALCAHUE",0.648717948717949,53.8461538461538,83.3333333333333,1,80,"Dalcahue","Dalcahue"
2000,"Municipales","03202","DIEGO DE ALMAGRO",0.791666666666667,71.4285714285714,100,1,100,"Diego de Almagro","Diego de Almagro"
2000,"Municipales","06105","DONIHUE",0.655555555555555,53.3333333333333,66.6666666666667,1,100,"Doñihue","Doñihue"
2000,"Municipales","13105","EL BOSQUE",0.742300724637681,65.2173913043478,87.5,1,100,"El Bosque","El Bosque"
2000,"Municipales","16104","EL CARMEN",0.645833333333333,50,66.6666666666667,1,100,"El Carmen","El Carmen"
2000,"Municipales","13602","EL MONTE",0.508333333333333,60,50,1,50,"El Monte","El Monte"
2000,"Municipales","05604","EL QUISCO",0.697222222222222,53.3333333333333,83.3333333333333,1,100,"El Quisco","El Quisco"
2000,"Municipales","05605","EL TABO",0.6625,70,50,1,100,"El Tabo","El Tabo"
2000,"Municipales","07104","EMPEDRADO",0.619791666666667,62.5,66.6666666666667,1,75,"Empedrado","Empedrado"
2000,"Municipales","09204","ERCILLA",0.479166666666667,50,33.3333333333333,1,66.6666666666667,"Ercilla","Ercilla"
2000,"Municipales","13106","ESTACION CENTRAL",0.647685185185185,77.7777777777778,75,1,60,"Estación Central","Estación Central"
2000,"Municipales","08104","FLORIDA",0.482456140350877,36.8421052631579,50,1,66.6666666666667,"Florida","Florida"
2000,"Municipales","09105","FREIRE",0.716025641025641,76.9230769230769,83.3333333333333,1,80,"Freire","Freire"
2000,"Municipales","03303","FREIRINA",0.635416666666667,75,83.3333333333333,1,50,"Freirina","Freirina"
2000,"Municipales","10104","FRESIA",0.605729166666667,56.25,83.3333333333333,1,60,"Fresia","Fresia"
2000,"Municipales","10105","FRUTILLAR",0.770833333333333,78.5714285714286,83.3333333333333,1,100,"Frutillar","Frutillar"
2000,"Municipales","10402","FUTALEUFU",0.351851851851852,33.3333333333333,33.3333333333333,1,NA,"Futaleufú","Futaleufú"
2000,"Municipales","14202","FUTRONO",0.570138888888889,58.3333333333333,66.6666666666667,1,60,"Futrono","Futrono"
2000,"Municipales","09106","GALVARINO",0.652777777777778,66.6666666666667,83.3333333333333,1,66.6666666666667,"Galvarino","Galvarino"
2000,"Municipales","15202","GENERAL LAGOS",0.716666666666667,60,83.3333333333333,1,100,"General Lagos","General Lagos"
2000,"Municipales","09107","GORBEA",0.634615384615385,46.1538461538462,66.6666666666667,1,100,"Gorbea","Gorbea"
2000,"Municipales","06106","GRANEROS",0.516025641025641,76.9230769230769,50,1,33.3333333333333,"Graneros","Graneros"
2000,"Municipales","11203","GUAITECAS",0.579861111111111,41.6666666666667,50,1,100,"Guaitecas","Guaitecas"
2000,"Municipales","05503","HIJUELAS",0.708333333333333,64.2857142857143,100,1,75,"Hijuelas","Hijuelas"
2000,"Municipales","10403","HUALAIHUE",0.534090909090909,54.5454545454545,50,1,66.6666666666667,"Hualaihué","Hualaihué"
2000,"Municipales","07302","HUALANE",0.530448717948718,46.1538461538462,50,1,75,"Hualañé","Hualañé"
2000,"Municipales","08105","HUALQUI",0.607051282051282,53.8461538461538,66.6666666666667,1,80,"Hualqui","Hualqui"
2000,"Municipales","01404","HUARA",0.670138888888889,58.3333333333333,66.6666666666667,1,100,"Huara","Huara"
2000,"Municipales","03304","HUASCO",0.698717948717949,53.8461538461538,83.3333333333333,1,100,"Huasco","Huasco"
2000,"Municipales","13107","HUECHURABA",0.686979166666667,81.25,66.6666666666667,1,80,"Huechuraba","Huechuraba"
2000,"Municipales","04201","ILLAPEL",0.791666666666667,71.4285714285714,100,1,100,"Illapel","Illapel"
2000,"Municipales","13108","INDEPENDENCIA",0.721153846153846,61.5384615384615,83.3333333333333,1,100,"Independencia","Independencia"
2000,"Municipales","01101","IQUIQUE",0.731481481481481,72.2222222222222,75,1,100,"Iquique","Iquique"
2000,"Municipales","13603","ISLA DE MAIPO",0.670454545454546,72.7272727272727,83.3333333333333,1,66.6666666666667,"Isla de Maipo","Isla de Maipo"
2000,"Municipales","05201","ISLA DE PASCUA",0.616666666666667,40,66.6666666666667,1,100,"Isla de Pascua","Isla de Pascua"
2000,"Municipales","05104","JUAN FERNANDEZ",0.253086419753086,22.2222222222222,16.6666666666667,1,NA,"Juan Fernández","Juan Fernández"
2000,"Municipales","13109","LA CISTERNA",0.71875,75,66.6666666666667,1,100,"La Cisterna","La Cisterna"
2000,"Municipales","05504","LA CRUZ",0.712121212121212,72.7272727272727,66.6666666666667,1,100,"La Cruz","La Cruz"
2000,"Municipales","06202","LA ESTRELLA",0.590909090909091,45.4545454545455,50,1,100,"La Estrella","La Estrella"
2000,"Municipales","13110","LA FLORIDA",0.769444444444444,80.9523809523809,80,1,100,"La Florida","La Florida"
2000,"Municipales","13111","LA GRANJA",0.755208333333333,87.5,83.3333333333333,1,83.3333333333333,"La Granja","La Granja"
2000,"Municipales","04104","LA HIGUERA",0.637254901960784,47.0588235294118,66.6666666666667,1,100,"La Higuera","La Higuera"
2000,"Municipales","05401","LA LIGUA",0.6375,64.2857142857143,66.6666666666667,1,80,"La Ligua","La Ligua"
2000,"Municipales","13112","LA PINTANA",0.833333333333333,85.7142857142857,100,1,100,"La Pintana","La Pintana"
2000,"Municipales","13113","LA REINA",0.5625,64.2857142857143,50,1,66.6666666666667,"La Reina","La Reina"
2000,"Municipales","04101","LA SERENA",0.729166666666667,50,100,1,100,"La Serena","La Serena"
2000,"Municipales","14201","LA UNION",0.78030303030303,81.8181818181818,83.3333333333333,1,100,"La Unión","La Unión"
2000,"Municipales","14203","LAGO RANCO",0.541666666666667,57.1428571428571,66.6666666666667,1,50,"Lago Ranco","Lago Ranco"
2000,"Municipales","11102","LAGO VERDE",0.802083333333333,75,100,1,100,"Lago Verde","Lago Verde"
2000,"Municipales","12102","LAGUNA BLANCA",0.662037037037037,55.5555555555556,66.6666666666667,1,100,"Laguna Blanca","Laguna Blanca"
2000,"Municipales","08304","LAJA",0.726388888888889,83.3333333333333,100,1,60,"Laja","Laja"
2000,"Municipales","13302","LAMPA",0.663377192982456,63.1578947368421,83.3333333333333,1,75,"Lampa","Lampa"
2000,"Municipales","14103","LANCO",0.682692307692308,76.9230769230769,100,1,50,"Lanco","Lanco"
2000,"Municipales","06107","LAS CABRAS",0.579166666666667,70,66.6666666666667,1,50,"Las Cabras","Las Cabras"
2000,"Municipales","13114","LAS CONDES",0.643939393939394,63.6363636363636,50,1,100,"Las Condes","Las Condes"
2000,"Municipales","09108","LAUTARO",0.682291666666667,62.5,66.6666666666667,1,100,"Lautaro","Lautaro"
2000,"Municipales","08201","LEBU",0.703525641025641,76.9230769230769,83.3333333333333,1,75,"Lebu","Lebu"
2000,"Municipales","07303","LICANTEN",0.555555555555556,33.3333333333333,50,1,100,"Licantén","Licantén"
2000,"Municipales","05802","LIMACHE",0.446078431372549,52.9411764705882,33.3333333333333,1,50,"Limache","Limache"
2000,"Municipales","07401","LINARES",0.645833333333333,50,66.6666666666667,1,100,"Linares","Linares"
2000,"Municipales","06203","LITUECHE",0.643939393939394,63.6363636363636,50,1,100,"Litueche","Litueche"
2000,"Municipales","05703","LLAILLAY",0.738888888888889,53.3333333333333,100,1,100,"Llaillay","Llaillay"
2000,"Municipales","10107","LLANQUIHUE",0.62962962962963,44.4444444444444,66.6666666666667,1,100,"Llanquihue","Llanquihue"
2000,"Municipales","13115","LO BARNECHEA",0.704166666666667,70,66.6666666666667,1,100,"Lo Barnechea","Lo Barnechea"
2000,"Municipales","13116","LO ESPEJO",0.668859649122807,57.8947368421053,66.6666666666667,1,100,"Lo Espejo","Lo Espejo"
2000,"Municipales","13117","LO PRADO",0.688725490196078,64.7058823529412,100,1,66.6666666666667,"Lo Prado","Lo Prado"
2000,"Municipales","06304","LOLOL",0.6875,64.2857142857143,100,1,66.6666666666667,"Lolol","Lolol"
2000,"Municipales","09109","LONCOCHE",0.736111111111111,66.6666666666667,83.3333333333333,1,100,"Loncoche","Loncoche"
2000,"Municipales","07403","LONGAVI",0.675,60,66.6666666666667,1,100,"Longaví","Longaví"
2000,"Municipales","09205","LONQUIMAY",0.643939393939394,63.6363636363636,50,1,100,"Lonquimay","Lonquimay"
2000,"Municipales","08206","LOS ALAMOS",0.507575757575758,45.4545454545455,50,1,66.6666666666667,"Los Alamos","Los Alamos"
2000,"Municipales","05301","LOS ANDES",0.518939393939394,63.6363636363636,50,1,50,"Los Andes","Los Andes"
2000,"Municipales","08301","LOS ANGELES",0.739583333333333,75,75,1,100,"Los Angeles","Los Angeles"
2000,"Municipales","14104","LOS LAGOS",0.743589743589744,69.2307692307692,83.3333333333333,1,100,"Los Lagos","Los Lagos"
2000,"Municipales","10106","LOS MUERMOS",0.6875,50,83.3333333333333,1,100,"Los Muermos","Los Muermos"
2000,"Municipales","09206","LOS SAUCES",0.662037037037037,55.5555555555556,66.6666666666667,1,100,"Los Sauces","Los Sauces"
2000,"Municipales","04203","LOS VILOS",0.679166666666667,50,100,1,80,"Los Vilos","Los Vilos"
2000,"Municipales","08106","LOTA",0.569270833333333,43.75,83.3333333333333,1,60,"Lota","Lota"
2000,"Municipales","09207","LUMACO",0.528846153846154,38.4615384615385,33.3333333333333,1,100,"Lumaco","Lumaco"
2000,"Municipales","06108","MACHALI",0.713235294117647,58.8235294117647,83.3333333333333,1,100,"Machalí","Machalí"
2000,"Municipales","13118","MACUL",0.600694444444444,80.9523809523809,62.5,1,50,"Macul","Macul"
2000,"Municipales","14105","MAFIL",0.554924242424242,54.5454545454545,50,1,75,"Máfil","Máfil"
2000,"Municipales","13119","MAIPU",0.56344696969697,68.1818181818182,62.5,1,50,"Maipú","Maipú"
2000,"Municipales","06109","MALLOA",0.7125,80,83.3333333333333,1,75,"Malloa","Malloa"
2000,"Municipales","06204","MARCHIHUE",0.698717948717949,53.8461538461538,83.3333333333333,1,100,"Marchihue","Marchihue"
2000,"Municipales","02302","MARIA ELENA",0.347222222222222,33.3333333333333,16.6666666666667,1,50,"María Elena","María Elena"
2000,"Municipales","13504","MARIA PINTO",0.628472222222222,58.3333333333333,50,1,100,"María Pinto","María Pinto"
2000,"Municipales","14106","MARIQUINA",0.691287878787879,72.7272727272727,83.3333333333333,1,75,"Mariquina","Mariquina"
2000,"Municipales","07105","MAULE",0.807692307692308,76.9230769230769,100,1,100,"Maule","Maule"
2000,"Municipales","10108","MAULLIN",0.78525641025641,69.2307692307692,100,1,100,"Maullín","Maullín"
2000,"Municipales","02102","MEJILLONES",0.5,35.7142857142857,50,1,75,"Mejillones","Mejillones"
2000,"Municipales","09110","MELIPEUCO",0.511111111111111,46.6666666666667,66.6666666666667,1,50,"Melipeuco","Melipeuco"
2000,"Municipales","13501","MELIPILLA",0.645833333333333,71.4285714285714,66.6666666666667,1,75,"Melipilla","Melipilla"
2000,"Municipales","07304","MOLINA",0.560606060606061,63.6363636363636,50,1,66.6666666666667,"Molina","Molina"
2000,"Municipales","04303","MONTE PATRIA",0.663235294117647,58.8235294117647,83.3333333333333,1,80,"Monte Patria","Monte Patria"
2000,"Municipales","06110","MOSTAZAL",0.630555555555555,73.3333333333333,66.6666666666667,1,66.6666666666667,"Mostazal","Mostazal"
2000,"Municipales","08305","MULCHEN",0.679487179487179,61.5384615384615,66.6666666666667,1,100,"Mulchén","Mulchén"
2000,"Municipales","08306","NACIMIENTO",0.73525641025641,69.2307692307692,100,1,80,"Nacimiento","Nacimiento"
2000,"Municipales","06305","NANCAGUA",0.677272727272727,63.6363636363636,83.3333333333333,1,80,"Nancagua","Nancagua"
2000,"Municipales","12401","NATALES",0.661764705882353,41.1764705882353,83.3333333333333,1,100,"Natales","Natales"
2000,"Municipales","06205","NAVIDAD",0.636217948717949,53.8461538461538,83.3333333333333,1,75,"Navidad","Navidad"
2000,"Municipales","08307","NEGRETE",0.726851851851852,77.7777777777778,66.6666666666667,1,100,"Negrete","Negrete"
2000,"Municipales","16204","NINHUE",0.634615384615385,46.1538461538462,66.6666666666667,1,100,"Ninhue","Ninhue"
2000,"Municipales","16303","NIQUEN",0.759259259259259,88.8888888888889,83.3333333333333,1,83.3333333333333,"Ñiquén","Ñiquén"
2000,"Municipales","05506","NOGALES",0.559027777777778,41.6666666666667,66.6666666666667,1,75,"Nogales","Nogales"
2000,"Municipales","09111","NUEVA IMPERIAL",0.5625,64.2857142857143,66.6666666666667,1,50,"Nueva Imperial","Nueva Imperial"
2000,"Municipales","13120","NUNOA",0.723731884057971,69.5652173913043,75,1,100,"Ñuñoa","Ñuñoa"
2000,"Municipales","11302","OHIGGINS",0.545833333333333,30,50,1,100,"O'Higgins","O'Higgins"
2000,"Municipales","06111","OLIVAR",0.599537037037037,55.5555555555556,66.6666666666667,1,75,"Olivar","Olivar"
2000,"Municipales","02202","OLLAGUE",0.416666666666667,14.2857142857143,16.6666666666667,1,100,"Ollagüe","Ollagüe"
2000,"Municipales","05803","OLMUE",0.416666666666667,42.8571428571429,33.3333333333333,1,50,"Olmué","Olmué"
2000,"Municipales","10301","OSORNO",0.58125,60,62.5,1,66.6666666666667,"Osorno","Osorno"
2000,"Municipales","04301","OVALLE",0.723484848484849,90.9090909090909,83.3333333333333,1,66.6666666666667,"Ovalle","Ovalle"
2000,"Municipales","13604","PADRE HURTADO",0.666666666666667,71.4285714285714,83.3333333333333,1,66.6666666666667,"Padre Hurtado","Padre Hurtado"
2000,"Municipales","09112","PADRE LAS CASAS",0.762820512820513,61.5384615384615,100,1,100,"Padre Las Casas","Padre Las Casas"
2000,"Municipales","04105","PAIGUANO",0.78525641025641,69.2307692307692,100,1,100,"Paiguano","Paiguano"
2000,"Municipales","14107","PAILLACO",0.617424242424242,54.5454545454545,83.3333333333333,1,66.6666666666667,"Paillaco","Paillaco"
2000,"Municipales","13404","PAINE",0.6875,64.2857142857143,66.6666666666667,1,100,"Paine","Paine"
2000,"Municipales","10404","PALENA",0.833333333333333,85.7142857142857,100,1,100,"Palena","Palena"
2000,"Municipales","06306","PALMILLA",0.579166666666667,70,66.6666666666667,1,50,"Palmilla","Palmilla"
2000,"Municipales","14108","PANGUIPULLI",0.575,40,50,1,100,"Panguipulli","Panguipulli"
2000,"Municipales","05704","PANQUEHUE",0.673611111111111,66.6666666666667,83.3333333333333,1,75,"Panquehue","Panquehue"
2000,"Municipales","05403","PAPUDO",0.508333333333333,60,50,1,50,"Papudo","Papudo"
2000,"Municipales","06206","PAREDONES",0.696969696969697,81.8181818181818,83.3333333333333,1,66.6666666666667,"Paredones","Paredones"
2000,"Municipales","07404","PARRAL",0.734375,87.5,83.3333333333333,1,75,"Parral","Parral"
2000,"Municipales","13121","PEDRO AGUIRRE CERDA",0.68234649122807,78.9473684210526,87.5,1,60,"Pedro Aguirre Cerda","Pedro Aguirre Cerda"
2000,"Municipales","07106","PELARCO",0.508333333333333,60,33.3333333333333,1,66.6666666666667,"Pelarco","Pelarco"
2000,"Municipales","07203","PELLUHUE",0.625,57.1428571428571,50,1,100,"Pelluhue","Pelluhue"
2000,"Municipales","16105","PEMUCO",0.62037037037037,55.5555555555556,50,1,100,"Pemuco","Pemuco"
2000,"Municipales","13605","PENAFLOR",0.527777777777778,66.6666666666667,66.6666666666667,1,33.3333333333333,"Peñaflor","Peñaflor"
2000,"Municipales","13122","PENALOLEN",0.758487654320988,81.4814814814815,75,1,100,"Peñalolén","Peñalolén"
2000,"Municipales","07107","PENCAHUE",0.694444444444444,66.6666666666667,66.6666666666667,1,100,"Pencahue","Pencahue"
2000,"Municipales","08107","PENCO",0.755555555555556,73.3333333333333,83.3333333333333,1,100,"Penco","Penco"
2000,"Municipales","06307","PERALILLO",0.628787878787879,72.7272727272727,83.3333333333333,1,50,"Peralillo","Peralillo"
2000,"Municipales","09113","PERQUENCO",0.569444444444444,66.6666666666667,66.6666666666667,1,50,"Perquenco","Perquenco"
2000,"Municipales","05404","PETORCA",0.467948717948718,46.1538461538462,50,1,50,"Petorca","Petorca"
2000,"Municipales","06112","PEUMO",0.554487179487179,61.5384615384615,50,1,66.6666666666667,"Peumo","Peumo"
2000,"Municipales","01405","PICA",0.604166666666667,50,50,1,100,"Pica","Pica"
2000,"Municipales","06113","PICHIDEGUA",0.78030303030303,81.8181818181818,83.3333333333333,1,100,"Pichidegua","Pichidegua"
2000,"Municipales","06201","PICHILEMU",0.625,50,83.3333333333333,1,75,"Pichilemu","Pichilemu"
2000,"Municipales","16106","PINTO",0.490384615384615,53.8461538461538,33.3333333333333,1,66.6666666666667,"Pinto","Pinto"
2000,"Municipales","13202","PIRQUE",0.727272727272727,63.6363636363636,83.3333333333333,1,100,"Pirque","Pirque"
2000,"Municipales","09114","PITRUFQUEN",0.579166666666667,70,50,1,66.6666666666667,"Pitrufquén","Pitrufquén"
2000,"Municipales","06308","PLACILLA",0.652777777777778,66.6666666666667,83.3333333333333,1,66.6666666666667,"Placilla","Placilla"
2000,"Municipales","16205","PORTEZUELO",0.635416666666667,75,83.3333333333333,1,50,"Portezuelo","Portezuelo"
2000,"Municipales","12301","PORVENIR",0.435606060606061,63.6363636363636,66.6666666666667,1,0,"Porvenir","Porvenir"
2000,"Municipales","01401","POZO ALMONTE",0.821969696969697,81.8181818181818,100,1,100,"Pozo Almonte","Pozo Almonte"
2000,"Municipales","12302","PRIMAVERA",0.465277777777778,16.6666666666667,33.3333333333333,1,100,"Primavera","Primavera"
2000,"Municipales","13123","PROVIDENCIA",0.678308823529412,64.7058823529412,62.5,1,100,"Providencia","Providencia"
2000,"Municipales","05105","PUCHUNCAVI",0.506410256410256,30.7692307692308,33.3333333333333,1,100,"Puchuncaví","Puchuncaví"
2000,"Municipales","09115","PUCON",0.625,42.8571428571429,66.6666666666667,1,100,"Pucón","Pucón"
2000,"Municipales","13124","PUDAHUEL",0.747685185185185,77.7777777777778,75,1,100,"Pudahuel","Pudahuel"
2000,"Municipales","13201","PUENTE ALTO",0.610339506172839,59.2592592592593,75,1,66.6666666666667,"Puente Alto","Puente Alto"
2000,"Municipales","10101","PUERTO MONTT",0.723651960784314,58.8235294117647,87.5,1,100,"Puerto Montt","Puerto Montt"
2000,"Municipales","10302","PUERTO OCTAY",0.704166666666667,70,66.6666666666667,1,100,"Puerto Octay","Puerto Octay"
2000,"Municipales","10109","PUERTO VARAS",0.6125,60,66.6666666666667,1,75,"Puerto Varas","Puerto Varas"
2000,"Municipales","06309","PUMANQUE",0.2,40,0,1,0,"Pumanque","Pumanque"
2000,"Municipales","04304","PUNITAQUI",0.638888888888889,61.9047619047619,83.3333333333333,1,66.6666666666667,"Punitaqui","Punitaqui"
2000,"Municipales","12101","PUNTA ARENAS",0.653472222222222,73.3333333333333,62.5,1,80,"Punta Arenas","Punta Arenas"
2000,"Municipales","10206","PUQUELDON",0.645833333333333,50,66.6666666666667,1,100,"Puqueldón","Puqueldón"
2000,"Municipales","09208","PUREN",0.457264957264957,46.1538461538462,50,1,NA,"Purén","Purén"
2000,"Municipales","10303","PURRANQUE",0.613636363636364,81.8181818181818,66.6666666666667,1,50,"Purranque","Purranque"
2000,"Municipales","05705","PUTAENDO",0.533854166666667,68.75,50,1,50,"Putaendo","Putaendo"
2000,"Municipales","15201","PUTRE",0.354166666666667,50,50,1,0,"Putre","Putre"
2000,"Municipales","10304","PUYEHUE",0.617424242424242,54.5454545454545,50,1,100,"Puyehue","Puyehue"
2000,"Municipales","10207","QUEILEN",0.760185185185185,77.7777777777778,100,1,80,"Queilén","Queilén"
2000,"Municipales","10208","QUELLON",0.631944444444444,66.6666666666667,66.6666666666667,1,75,"Quellón","Quellón"
2000,"Municipales","10209","QUEMCHI",0.65625,75,66.6666666666667,1,75,"Quemchi","Quemchi"
2000,"Municipales","08308","QUILACO",0.700757575757576,54.5454545454545,83.3333333333333,1,100,"Quilaco","Quilaco"
2000,"Municipales","13125","QUILICURA",0.723958333333333,62.5,83.3333333333333,1,100,"Quilicura","Quilicura"
2000,"Municipales","08309","QUILLECO",0.704166666666667,70,100,1,66.6666666666667,"Quilleco","Quilleco"
2000,"Municipales","16107","QUILLON",0.685606060606061,63.6363636363636,66.6666666666667,1,100,"Quillón","Quillón"
2000,"Municipales","05501","QUILLOTA",0.75,71.4285714285714,83.3333333333333,1,100,"Quillota","Quillota"
2000,"Municipales","05801","QUILPUE",0.594551282051282,53.8461538461538,66.6666666666667,1,75,"Quilpué","Quilpué"
2000,"Municipales","10210","QUINCHAO",0.59375,75,66.6666666666667,1,50,"Quinchao","Quinchao"
2000,"Municipales","06114","QUINTA DE TILCOCO",0.745833333333333,70,83.3333333333333,1,100,"Quinta de Tilcoco","Quinta de Tilcoco"
2000,"Municipales","13126","QUINTA NORMAL",0.83125,85,100,1,100,"Quinta Normal","Quinta Normal"
2000,"Municipales","05107","QUINTERO",0.485144927536232,43.4782608695652,50,1,60,"Quintero","Quintero"
2000,"Municipales","16201","QUIRIHUE",0.694444444444444,66.6666666666667,66.6666666666667,1,100,"Quirihue","Quirihue"
2000,"Municipales","06101","RANCAGUA",0.682692307692308,76.9230769230769,75,1,75,"Rancagua","Rancagua"
2000,"Municipales","16206","RANQUIL",0.740384615384615,53.8461538461538,100,1,100,"Ranquil","Ranquil"
2000,"Municipales","07305","RAUCO",0.875,100,100,1,100,"Rauco","Rauco"
2000,"Municipales","13127","RECOLETA",0.497916666666667,65,50,1,40,"Recoleta","Recoleta"
2000,"Municipales","09209","RENAICO",0.634615384615385,46.1538461538462,66.6666666666667,1,100,"Renaico","Renaico"
2000,"Municipales","13128","RENCA",0.6171875,68.75,66.6666666666667,1,66.6666666666667,"Renca","Renca"
2000,"Municipales","06115","RENGO",0.604166666666667,64.2857142857143,66.6666666666667,1,66.6666666666667,"Rengo","Rengo"
2000,"Municipales","06116","REQUINOA",0.643939393939394,63.6363636363636,50,1,100,"Requínoa","Requínoa"
2000,"Municipales","07405","RETIRO",0.73030303030303,81.8181818181818,83.3333333333333,1,80,"Retiro","Retiro"
2000,"Municipales","05303","RINCONADA",0.583333333333333,57.1428571428571,66.6666666666667,1,66.6666666666667,"Rinconada","Rinconada"
2000,"Municipales","14204","RIO BUENO",0.768518518518519,77.7777777777778,83.3333333333333,1,100,"Río Bueno","Río Bueno"
2000,"Municipales","07108","RIO CLARO",0.5625,50,66.6666666666667,1,66.6666666666667,"Río Claro","Río Claro"
2000,"Municipales","04305","RIO HURTADO",0.583333333333333,50,66.6666666666667,1,75,"Río Hurtado","Río Hurtado"
2000,"Municipales","11402","RIO IBANEZ",0.694444444444444,66.6666666666667,66.6666666666667,1,100,"Río Ibáñez","Río Ibáñez"
2000,"Municipales","10305","RIO NEGRO",0.62280701754386,42.1052631578947,66.6666666666667,1,100,"Río Negro","Río Negro"
2000,"Municipales","12103","RIO VERDE",0.416666666666667,42.8571428571429,33.3333333333333,1,50,"Río Verde","Río Verde"
2000,"Municipales","07306","ROMERAL",0.795454545454545,72.7272727272727,100,1,100,"Romeral","Romeral"
2000,"Municipales","09116","SAAVEDRA",0.703703703703704,55.5555555555556,83.3333333333333,1,100,"Saavedra","Saavedra"
2000,"Municipales","07307","SAGRADA FAMILIA",0.573717948717949,53.8461538461538,66.6666666666667,1,66.6666666666667,"Sagrada Familia","Sagrada Familia"
2000,"Municipales","04204","SALAMANCA",0.608333333333333,80,66.6666666666667,1,50,"Salamanca","Salamanca"
2000,"Municipales","05601","SAN ANTONIO",0.666666666666667,64.2857142857143,83.3333333333333,1,75,"San Antonio","San Antonio"
2000,"Municipales","13401","SAN BERNARDO",0.709469696969697,81.8181818181818,75,1,80,"San Bernardo","San Bernardo"
2000,"Municipales","16301","SAN CARLOS",0.615384615384615,53.8461538461538,83.3333333333333,1,66.6666666666667,"San Carlos","San Carlos"
2000,"Municipales","07109","SAN CLEMENTE",0.679487179487179,61.5384615384615,66.6666666666667,1,100,"San Clemente","San Clemente"
2000,"Municipales","05304","SAN ESTEBAN",0.742424242424242,54.5454545454545,100,1,100,"San Esteban","San Esteban"
2000,"Municipales","16304","SAN FABIAN",0.697222222222222,53.3333333333333,83.3333333333333,1,100,"San Fabián","San Fabián"
2000,"Municipales","05701","SAN FELIPE",0.708333333333333,71.4285714285714,66.6666666666667,1,100,"San Felipe","San Felipe"
2000,"Municipales","06301","SAN FERNANDO",0.752314814814815,72.2222222222222,83.3333333333333,1,100,"San Fernando","San Fernando"
2000,"Municipales","12104","SAN GREGORIO",0.652777777777778,66.6666666666667,50,1,100,"San Gregorio","San Gregorio"
2000,"Municipales","16108","SAN IGNACIO",0.6875,50,83.3333333333333,1,100,"San Ignacio","San Ignacio"
2000,"Municipales","07406","SAN JAVIER",0.616987179487179,61.5384615384615,66.6666666666667,1,75,"San Javier","San Javier"
2000,"Municipales","13129","SAN JOAQUIN",0.721929824561404,78.9473684210526,83.3333333333333,1,80,"San Joaquín","San Joaquín"
2000,"Municipales","13203","SAN JOSE DE MAIPO",0.698717948717949,53.8461538461538,83.3333333333333,1,100,"San José de Maipo","San José de Maipo"
2000,"Municipales","10306","SAN JUAN DE LA COSTA",0.585606060606061,63.6363636363636,66.6666666666667,1,60,"San Juan de la Costa","San Juan de la Costa"
2000,"Municipales","13130","SAN MIGUEL",0.639705882352941,76.4705882352941,83.3333333333333,1,50,"San Miguel","San Miguel"
2000,"Municipales","16305","SAN NICOLAS",0.578703703703704,55.5555555555556,66.6666666666667,1,66.6666666666667,"San Nicolás","San Nicolás"
2000,"Municipales","10307","SAN PABLO",0.595833333333333,50,66.6666666666667,1,80,"San Pablo","San Pablo"
2000,"Municipales","13505","SAN PEDRO",0.703525641025641,76.9230769230769,83.3333333333333,1,75,"San Pedro","San Pedro"
2000,"Municipales","02203","SAN PEDRO DE ATACAMA",0.604166666666667,50,50,1,100,"San Pedro de Atacama","San Pedro de Atacama"
2000,"Municipales","08108","SAN PEDRO DE LA PAZ",0.696078431372549,52.9411764705882,83.3333333333333,1,100,"San Pedro de la Paz","San Pedro de la Paz"
2000,"Municipales","07110","SAN RAFAEL",0.490384615384615,53.8461538461538,33.3333333333333,1,66.6666666666667,"San Rafael","San Rafael"
2000,"Municipales","13131","SAN RAMON",0.694444444444444,66.6666666666667,66.6666666666667,1,100,"San Ramón","San Ramón"
2000,"Municipales","08310","SAN ROSENDO",0.784722222222222,83.3333333333333,100,1,83.3333333333333,"San Rosendo","San Rosendo"
2000,"Municipales","06117","SAN VICENTE",0.729166666666667,78.5714285714286,66.6666666666667,1,100,"San Vicente","San Vicente"
2000,"Municipales","08311","SANTA BARBARA",0.632575757575758,45.4545454545455,66.6666666666667,1,100,"Santa Bárbara","Santa Bárbara"
2000,"Municipales","06310","SANTA CRUZ",0.672222222222222,73.3333333333333,83.3333333333333,1,66.6666666666667,"Santa Cruz","Santa Cruz"
2000,"Municipales","08109","SANTA JUANA",0.678921568627451,47.0588235294118,83.3333333333333,1,100,"Santa Juana","Santa Juana"
2000,"Municipales","05706","SANTA MARIA",0.525462962962963,44.4444444444444,50,1,75,"Santa María","Santa María"
2000,"Municipales","13101","SANTIAGO",0.559027777777778,66.6666666666667,62.5,1,50,"Santiago","Santiago"
2000,"Municipales","05606","SANTO DOMINGO",0.564393939393939,36.3636363636364,50,1,100,"Santo Domingo","Santo Domingo"
2000,"Municipales","02103","SIERRA GORDA",0.721153846153846,61.5384615384615,83.3333333333333,1,100,"Sierra Gorda","Sierra Gorda"
2000,"Municipales","13601","TALAGANTE",0.554487179487179,61.5384615384615,50,1,66.6666666666667,"Talagante","Talagante"
2000,"Municipales","07101","TALCA",0.671875,62.5,62.5,1,100,"Talca","Talca"
2000,"Municipales","08110","TALCAHUANO",0.689814814814815,72.2222222222222,75,1,83.3333333333333,"Talcahuano","Talcahuano"
2000,"Municipales","02104","TALTAL",0.753787878787879,72.7272727272727,83.3333333333333,1,100,"Taltal","Taltal"
2000,"Municipales","09101","TEMUCO",0.720833333333333,85.7142857142857,75,1,80,"Temuco","Temuco"
2000,"Municipales","07308","TENO",0.283333333333333,40,33.3333333333333,1,0,"Teno","Teno"
2000,"Municipales","09117","TEODORO SCHMIDT",0.694444444444444,66.6666666666667,66.6666666666667,1,100,"Teodoro Schmidt","Teodoro Schmidt"
2000,"Municipales","03103","TIERRA AMARILLA",0.578703703703704,55.5555555555556,33.3333333333333,1,100,"Tierra Amarilla","Tierra Amarilla"
2000,"Municipales","13303","TILTIL",0.797222222222222,73.3333333333333,100,1,100,"Tiltil","Tiltil"
2000,"Municipales","12303","TIMAUKEL",0.283333333333333,30,16.6666666666667,1,NA,"Timaukel","Timaukel"
2000,"Municipales","08207","TIRUA",0.520833333333333,50,50,1,66.6666666666667,"Tirúa","Tirúa"
2000,"Municipales","02301","TOCOPILLA",0.6875,50,83.3333333333333,1,100,"Tocopilla","Tocopilla"
2000,"Municipales","09118","TOLTEN",0.545138888888889,58.3333333333333,66.6666666666667,1,50,"Toltén","Toltén"
2000,"Municipales","08111","TOME",0.734722222222222,73.3333333333333,100,1,75,"Tomé","Tomé"
2000,"Municipales","12402","TORRES DEL PAINE",0.504166666666667,30,33.3333333333333,1,100,"Torres del Paine","Torres del Paine"
2000,"Municipales","11303","TORTEL",0.616666666666667,40,66.6666666666667,1,100,"Tortel","Tortel"
2000,"Municipales","09210","TRAIGUEN",0.552777777777778,66.6666666666667,50,1,60,"Traiguén","Traiguén"
2000,"Municipales","16207","TREGUACO",0.682291666666667,62.5,66.6666666666667,1,100,"Treguaco","Treguaco"
2000,"Municipales","08312","TUCAPEL",0.604166666666667,42.8571428571429,83.3333333333333,1,75,"Tucapel","Tucapel"
2000,"Municipales","14101","VALDIVIA",0.770833333333333,75,87.5,1,100,"Valdivia","Valdivia"
2000,"Municipales","03301","VALLENAR",0.78030303030303,81.8181818181818,83.3333333333333,1,100,"Vallenar","Vallenar"
2000,"Municipales","05101","VALPARAISO",0.688711001642036,65.5172413793103,80,1,85.7142857142857,"Valparaíso","Valparaíso"
2000,"Municipales","07309","VICHUQUEN",0.711805555555556,58.3333333333333,83.3333333333333,1,100,"Vichuquén","Vichuquén"
2000,"Municipales","09211","VICTORIA",0.541666666666667,50,50,1,75,"Victoria","Victoria"
2000,"Municipales","04106","VICUNA",0.701923076923077,69.2307692307692,66.6666666666667,1,100,"Vicuña","Vicuña"
2000,"Municipales","09119","VILCUN",0.645833333333333,50,66.6666666666667,1,100,"Vilcún","Vilcún"
2000,"Municipales","07407","VILLA ALEGRE",0.7875,70,100,1,100,"Villa Alegre","Villa Alegre"
2000,"Municipales","05804","VILLA ALEMANA",0.53125,25,50,1,100,"Villa Alemana","Villa Alemana"
2000,"Municipales","09120","VILLARRICA",0.694444444444444,66.6666666666667,66.6666666666667,1,100,"Villarrica","Villarrica"
2000,"Municipales","05109","VINA DEL MAR",0.708333333333333,60,80,1,100,"Viña del Mar","Viña del Mar"
2000,"Municipales","13132","VITACURA",0.733333333333333,80,66.6666666666667,1,100,"Vitacura","Vitacura"
2000,"Municipales","07408","YERBAS BUENAS",0.6875,50,83.3333333333333,1,100,"Yerbas Buenas","Yerbas Buenas"
2000,"Municipales","08313","YUMBEL",0.657051282051282,53.8461538461538,66.6666666666667,1,100,"Yumbel","Yumbel"
2000,"Municipales","16109","YUNGAY",0.621527777777778,41.6666666666667,66.6666666666667,1,100,"Yungay","Yungay"
2000,"Municipales","05405","ZAPALLAR",0.578125,62.5,50,1,75,"Zapallar","Zapallar"
2004,"Alcaldes","05602","ALGARROBO",0.416666666666667,25,0,1,NA,"Algarrobo","Algarrobo"
2004,"Alcaldes","13502","ALHUE",0.416666666666667,25,0,1,NA,"Alhué","Alhué"
2004,"Alcaldes","08314","ALTO BIOBIO",0,0,0,0,NA,"Alto Biobío","Alto Biobío"
2004,"Alcaldes","03302","ALTO DEL CARMEN",0.444444444444444,33.3333333333333,0,1,NA,"Alto del Carmen","Alto del Carmen"
2004,"Alcaldes","01107","ALTO HOSPICIO",0.444444444444444,33.3333333333333,0,1,NA,"Alto Hospicio","Alto Hospicio"
2004,"Alcaldes","10202","ANCUD",0.75,25,100,1,NA,"Ancud","Ancud"
2004,"Alcaldes","04103","ANDACOLLO",0.833333333333333,50,100,1,NA,"Andacollo","Andacollo"
2004,"Alcaldes","09201","ANGOL",0.388888888888889,16.6666666666667,0,1,NA,"Angol","Angol"
2004,"Alcaldes","02101","ANTOFAGASTA",0.416666666666667,25,0,1,NA,"Antofagasta","Antofagasta"
2004,"Alcaldes","08302","ANTUCO",1,100,100,1,NA,"Antuco","Antuco"
2004,"Alcaldes","08202","ARAUCO",0.75,25,100,1,NA,"Arauco","Arauco"
2004,"Alcaldes","15101","ARICA",0.916666666666667,75,100,1,NA,"Arica","Arica"
2004,"Alcaldes","11201","AYSEN",0.388888888888889,16.6666666666667,0,1,NA,"Aisén","Aisén"
2004,"Alcaldes","13402","BUIN",0.833333333333333,50,100,1,NA,"Buin","Buin"
2004,"Alcaldes","16102","BULNES",0.777777777777778,33.3333333333333,100,1,NA,"Bulnes","Bulnes"
2004,"Alcaldes","05402","CABILDO",0.888888888888889,66.6666666666667,100,1,NA,"Cabildo","Cabildo"
2004,"Alcaldes","12201","CABO DE HORNOS",0.777777777777778,33.3333333333333,100,1,NA,"Cabo de Hornos","Cabo de Hornos"
2004,"Alcaldes","08303","CABRERO",0.833333333333333,50,100,1,NA,"Cabrero","Cabrero"
2004,"Alcaldes","02201","CALAMA",0.75,25,100,1,NA,"Calama","Calama"
2004,"Alcaldes","10102","CALBUCO",0.777777777777778,33.3333333333333,100,1,NA,"Calbuco","Calbuco"
2004,"Alcaldes","03102","CALDERA",0.555555555555555,66.6666666666667,0,1,NA,"Caldera","Caldera"
2004,"Alcaldes","05502","CALERA",1,100,100,1,NA,"Calera","Calera"
2004,"Alcaldes","13403","CALERA DE TANGO",0.416666666666667,25,0,1,NA,"Calera de Tango","Calera de Tango"
2004,"Alcaldes","05302","CALLE LARGA",0.5,50,0,1,NA,"Calle Larga","Calle Larga"
2004,"Alcaldes","15102","CAMARONES",0.8,40,100,1,NA,"Camarones","Camarones"
2004,"Alcaldes","01402","CAMINA",1,100,100,1,NA,"Camiña","Camiña"
2004,"Alcaldes","04202","CANELA",0.833333333333333,50,100,1,NA,"Canela","Canela"
2004,"Alcaldes","08203","CANETE",0.555555555555555,66.6666666666667,0,1,NA,"Cañete","Cañete"
2004,"Alcaldes","09102","CARAHUE",0.444444444444444,33.3333333333333,0,1,NA,"Carahue","Carahue"
2004,"Alcaldes","05603","CARTAGENA",0.533333333333333,60,0,1,NA,"Cartagena","Cartagena"
2004,"Alcaldes","05102","CASABLANCA",0.888888888888889,66.6666666666667,100,1,NA,"Casablanca","Casablanca"
2004,"Alcaldes","10201","CASTRO",0.888888888888889,66.6666666666667,100,1,NA,"Castro","Castro"
2004,"Alcaldes","05702","CATEMU",0.8,40,100,1,NA,"Catemu","Catemu"
2004,"Alcaldes","07201","CAUQUENES",0.777777777777778,33.3333333333333,100,1,NA,"Cauquenes","Cauquenes"
2004,"Alcaldes","13102","CERRILLOS",1,100,100,1,NA,"Cerrillos","Cerrillos"
2004,"Alcaldes","13103","CERRO NAVIA",0.888888888888889,66.6666666666667,100,1,NA,"Cerro Navia","Cerro Navia"
2004,"Alcaldes","10401","CHAITEN",0.444444444444444,33.3333333333333,0,1,NA,"Chaitén","Chaitén"
2004,"Alcaldes","03201","CHANARAL",0.777777777777778,33.3333333333333,100,1,NA,"Chañaral","Chañaral"
2004,"Alcaldes","07202","CHANCO",0.888888888888889,66.6666666666667,100,1,NA,"Chanco","Chanco"
2004,"Alcaldes","06302","CHEPICA",0.8,40,100,1,NA,"Chépica","Chépica"
2004,"Alcaldes","08103","CHIGUAYANTE",0.888888888888889,66.6666666666667,100,1,NA,"Chiguayante","Chiguayante"
2004,"Alcaldes","11401","CHILE CHICO",0.416666666666667,25,0,1,NA,"Chile Chico","Chile Chico"
2004,"Alcaldes","16101","CHILLAN",0.777777777777778,33.3333333333333,100,1,NA,"Chillán","Chillán"
2004,"Alcaldes","16103","CHILLAN VIEJO",0.777777777777778,33.3333333333333,100,1,NA,"Chillán Viejo","Chillán Viejo"
2004,"Alcaldes","06303","CHIMBARONGO",0.833333333333333,50,100,1,NA,"Chimbarongo","Chimbarongo"
2004,"Alcaldes","09121","CHOLCHOL",0.740740740740741,22.2222222222222,100,1,NA,"Cholchol","Cholchol"
2004,"Alcaldes","10203","CHONCHI",1,100,100,1,NA,"Chonchi","Chonchi"
2004,"Alcaldes","11202","CISNES",0.777777777777778,33.3333333333333,100,1,NA,"Cisnes","Cisnes"
2004,"Alcaldes","16202","COBQUECURA",0.777777777777778,33.3333333333333,100,1,NA,"Cobquecura","Cobquecura"
2004,"Alcaldes","10103","COCHAMO",0.777777777777778,33.3333333333333,100,1,NA,"Cochamó","Cochamó"
2004,"Alcaldes","11301","COCHRANE",0.777777777777778,33.3333333333333,100,1,NA,"Cochrane","Cochrane"
2004,"Alcaldes","06102","CODEGUA",0.888888888888889,66.6666666666667,100,1,NA,"Codegua","Codegua"
2004,"Alcaldes","16203","COELEMU",0.75,25,100,1,NA,"Coelemu","Coelemu"
2004,"Alcaldes","11101","COIHAIQUE",0.555555555555555,66.6666666666667,0,1,NA,"Coihaique","Coihaique"
2004,"Alcaldes","16302","COIHUECO",0.4,20,0,1,NA,"Coihueco","Coihueco"
2004,"Alcaldes","06103","COINCO",1,100,100,1,NA,"Coinco","Coinco"
2004,"Alcaldes","07402","COLBUN",0.916666666666667,75,100,1,NA,"Colbún","Colbún"
2004,"Alcaldes","01403","COLCHANE",0.916666666666667,75,100,1,NA,"Colchane","Colchane"
2004,"Alcaldes","13301","COLINA",0.444444444444444,33.3333333333333,0,1,NA,"Colina","Colina"
2004,"Alcaldes","09202","COLLIPULLI",0.916666666666667,75,100,1,NA,"Collipulli","Collipulli"
2004,"Alcaldes","06104","COLTAUCO",0.444444444444444,33.3333333333333,0,1,NA,"Coltauco","Coltauco"
2004,"Alcaldes","04302","COMBARBALA",0.833333333333333,50,100,1,NA,"Combarbalá","Combarbalá"
2004,"Alcaldes","08101","CONCEPCION",0.555555555555555,66.6666666666667,0,1,NA,"Concepción","Concepción"
2004,"Alcaldes","13104","CONCHALI",0.777777777777778,33.3333333333333,100,1,NA,"Conchalí","Conchalí"
2004,"Alcaldes","05103","CONCON",0.388888888888889,16.6666666666667,0,1,NA,"Concón","Concón"
2004,"Alcaldes","07102","CONSTITUCION",0.75,25,100,1,NA,"Constitución","Constitución"
2004,"Alcaldes","08204","CONTULMO",0.444444444444444,33.3333333333333,0,1,NA,"Contulmo","Contulmo"
2004,"Alcaldes","03101","COPIAPO",1,100,100,1,NA,"Copiapó","Copiapó"
2004,"Alcaldes","04102","COQUIMBO",0.777777777777778,33.3333333333333,100,1,NA,"Coquimbo","Coquimbo"
2004,"Alcaldes","08102","CORONEL",0.833333333333333,50,100,1,NA,"Coronel","Coronel"
2004,"Alcaldes","14102","CORRAL",0.916666666666667,75,100,1,NA,"Corral","Corral"
2004,"Alcaldes","09103","CUNCO",0.444444444444444,33.3333333333333,0,1,NA,"Cunco","Cunco"
2004,"Alcaldes","09203","CURACAUTIN",1,100,100,1,NA,"Curacautín","Curacautín"
2004,"Alcaldes","13503","CURACAVI",0.5,50,0,1,NA,"Curacaví","Curacaví"
2004,"Alcaldes","10204","CURACO DE VELEZ",0.833333333333333,50,100,1,NA,"Curaco de Vélez","Curaco de Vélez"
2004,"Alcaldes","08205","CURANILAHUE",0.866666666666667,60,100,1,NA,"Curanilahue","Curanilahue"
2004,"Alcaldes","09104","CURARREHUE",1,100,100,1,NA,"Curarrehue","Curarrehue"
2004,"Alcaldes","07103","CUREPTO",1,100,100,1,NA,"Curepto","Curepto"
2004,"Alcaldes","07301","CURICO",0.444444444444444,33.3333333333333,0,1,NA,"Curicó","Curicó"
2004,"Alcaldes","10205","DALCAHUE",1,100,100,1,NA,"Dalcahue","Dalcahue"
2004,"Alcaldes","03202","DIEGO DE ALMAGRO",0.833333333333333,50,100,1,NA,"Diego de Almagro","Diego de Almagro"
2004,"Alcaldes","06105","DONIHUE",0,0,0,0,NA,"Doñihue","Doñihue"
2004,"Alcaldes","13105","EL BOSQUE",1,100,100,1,NA,"El Bosque","El Bosque"
2004,"Alcaldes","16104","EL CARMEN",0.777777777777778,33.3333333333333,100,1,NA,"El Carmen","El Carmen"
2004,"Alcaldes","13602","EL MONTE",0.916666666666667,75,100,1,NA,"El Monte","El Monte"
2004,"Alcaldes","05604","EL QUISCO",0.733333333333333,20,100,1,NA,"El Quisco","El Quisco"
2004,"Alcaldes","05605","EL TABO",0.5,50,0,1,NA,"El Tabo","El Tabo"
2004,"Alcaldes","07104","EMPEDRADO",0.5,50,0,1,NA,"Empedrado","Empedrado"
2004,"Alcaldes","09204","ERCILLA",0.777777777777778,33.3333333333333,100,1,NA,"Ercilla","Ercilla"
2004,"Alcaldes","13106","ESTACION CENTRAL",0.5,50,0,1,NA,"Estación Central","Estación Central"
2004,"Alcaldes","08104","FLORIDA",0.777777777777778,33.3333333333333,100,1,NA,"Florida","Florida"
2004,"Alcaldes","09105","FREIRE",0.916666666666667,75,100,1,NA,"Freire","Freire"
2004,"Alcaldes","03303","FREIRINA",0.833333333333333,50,100,1,NA,"Freirina","Freirina"
2004,"Alcaldes","10104","FRESIA",1,100,100,1,NA,"Fresia","Fresia"
2004,"Alcaldes","10105","FRUTILLAR",0.833333333333333,50,100,1,NA,"Frutillar","Frutillar"
2004,"Alcaldes","10402","FUTALEUFU",0.833333333333333,50,100,1,NA,"Futaleufú","Futaleufú"
2004,"Alcaldes","14202","FUTRONO",0.5,50,0,1,NA,"Futrono","Futrono"
2004,"Alcaldes","09106","GALVARINO",0.833333333333333,50,100,1,NA,"Galvarino","Galvarino"
2004,"Alcaldes","15202","GENERAL LAGOS",0.916666666666667,75,100,1,NA,"General Lagos","General Lagos"
2004,"Alcaldes","09107","GORBEA",0,0,0,0,NA,"Gorbea","Gorbea"
2004,"Alcaldes","06106","GRANEROS",0.833333333333333,50,100,1,NA,"Graneros","Graneros"
2004,"Alcaldes","11203","GUAITECAS",0.888888888888889,66.6666666666667,100,1,NA,"Guaitecas","Guaitecas"
2004,"Alcaldes","05503","HIJUELAS",0.833333333333333,50,100,1,NA,"Hijuelas","Hijuelas"
2004,"Alcaldes","10403","HUALAIHUE",0.833333333333333,50,100,1,NA,"Hualaihué","Hualaihué"
2004,"Alcaldes","07302","HUALANE",0.777777777777778,33.3333333333333,100,1,NA,"Hualañé","Hualañé"
2004,"Alcaldes","08112","HUALPEN",0.8,40,100,1,NA,"Hualpén","Hualpén"
2004,"Alcaldes","08105","HUALQUI",0.75,25,100,1,NA,"Hualqui","Hualqui"
2004,"Alcaldes","01404","HUARA",0.75,25,100,1,NA,"Huara","Huara"
2004,"Alcaldes","03304","HUASCO",0.777777777777778,33.3333333333333,100,1,NA,"Huasco","Huasco"
2004,"Alcaldes","13107","HUECHURABA",0.555555555555555,66.6666666666667,0,1,NA,"Huechuraba","Huechuraba"
2004,"Alcaldes","04201","ILLAPEL",0.833333333333333,50,100,1,NA,"Illapel","Illapel"
2004,"Alcaldes","13108","INDEPENDENCIA",1,100,100,1,NA,"Independencia","Independencia"
2004,"Alcaldes","01101","IQUIQUE",0.5,50,0,1,NA,"Iquique","Iquique"
2004,"Alcaldes","13603","ISLA DE MAIPO",0.833333333333333,50,100,1,NA,"Isla de Maipo","Isla de Maipo"
2004,"Alcaldes","05201","ISLA DE PASCUA",0.833333333333333,50,100,1,NA,"Isla de Pascua","Isla de Pascua"
2004,"Alcaldes","05104","JUAN FERNANDEZ",0.833333333333333,50,100,1,NA,"Juan Fernández","Juan Fernández"
2004,"Alcaldes","13109","LA CISTERNA",0.75,25,100,1,NA,"La Cisterna","La Cisterna"
2004,"Alcaldes","05504","LA CRUZ",0,0,0,0,NA,"La Cruz","La Cruz"
2004,"Alcaldes","06202","LA ESTRELLA",0.4,20,0,1,NA,"La Estrella","La Estrella"
2004,"Alcaldes","13110","LA FLORIDA",0.444444444444444,33.3333333333333,0,1,NA,"La Florida","La Florida"
2004,"Alcaldes","13111","LA GRANJA",0.777777777777778,33.3333333333333,100,1,NA,"La Granja","La Granja"
2004,"Alcaldes","04104","LA HIGUERA",0.888888888888889,66.6666666666667,100,1,NA,"La Higuera","La Higuera"
2004,"Alcaldes","05401","LA LIGUA",0.916666666666667,75,100,1,NA,"La Ligua","La Ligua"
2004,"Alcaldes","13112","LA PINTANA",0.75,25,100,1,NA,"La Pintana","La Pintana"
2004,"Alcaldes","13113","LA REINA",0.555555555555555,66.6666666666667,0,1,NA,"La Reina","La Reina"
2004,"Alcaldes","04101","LA SERENA",0.888888888888889,66.6666666666667,100,1,NA,"La Serena","La Serena"
2004,"Alcaldes","14201","LA UNION",0.388888888888889,16.6666666666667,0,1,NA,"La Unión","La Unión"
2004,"Alcaldes","14203","LAGO RANCO",0.888888888888889,66.6666666666667,100,1,NA,"Lago Ranco","Lago Ranco"
2004,"Alcaldes","11102","LAGO VERDE",0.733333333333333,20,100,1,NA,"Lago Verde","Lago Verde"
2004,"Alcaldes","12102","LAGUNA BLANCA",0,0,0,0,NA,"Laguna Blanca","Laguna Blanca"
2004,"Alcaldes","08304","LAJA",0.833333333333333,50,100,1,NA,"Laja","Laja"
2004,"Alcaldes","13302","LAMPA",0.916666666666667,75,100,1,NA,"Lampa","Lampa"
2004,"Alcaldes","14103","LANCO",0.866666666666667,60,100,1,NA,"Lanco","Lanco"
2004,"Alcaldes","06107","LAS CABRAS",0.416666666666667,25,0,1,NA,"Las Cabras","Las Cabras"
2004,"Alcaldes","13114","LAS CONDES",0.555555555555555,66.6666666666667,0,1,NA,"Las Condes","Las Condes"
2004,"Alcaldes","09108","LAUTARO",0.916666666666667,75,100,1,NA,"Lautaro","Lautaro"
2004,"Alcaldes","08201","LEBU",0.916666666666667,75,100,1,NA,"Lebu","Lebu"
2004,"Alcaldes","07303","LICANTEN",0.75,25,100,1,NA,"Licantén","Licantén"
2004,"Alcaldes","05802","LIMACHE",0.416666666666667,25,0,1,NA,"Limache","Limache"
2004,"Alcaldes","07401","LINARES",0.833333333333333,50,100,1,NA,"Linares","Linares"
2004,"Alcaldes","06203","LITUECHE",0.833333333333333,50,100,1,NA,"Litueche","Litueche"
2004,"Alcaldes","05703","LLAILLAY",0.833333333333333,50,100,1,NA,"Llaillay","Llaillay"
2004,"Alcaldes","10107","LLANQUIHUE",0.583333333333333,75,0,1,NA,"Llanquihue","Llanquihue"
2004,"Alcaldes","13115","LO BARNECHEA",0.777777777777778,33.3333333333333,100,1,NA,"Lo Barnechea","Lo Barnechea"
2004,"Alcaldes","13116","LO ESPEJO",0.75,25,100,1,NA,"Lo Espejo","Lo Espejo"
2004,"Alcaldes","13117","LO PRADO",0.75,25,100,1,NA,"Lo Prado","Lo Prado"
2004,"Alcaldes","06304","LOLOL",0.777777777777778,33.3333333333333,100,1,NA,"Lolol","Lolol"
2004,"Alcaldes","09109","LONCOCHE",0.866666666666667,60,100,1,NA,"Loncoche","Loncoche"
2004,"Alcaldes","07403","LONGAVI",0.833333333333333,50,100,1,NA,"Longaví","Longaví"
2004,"Alcaldes","09205","LONQUIMAY",0.444444444444444,33.3333333333333,0,1,NA,"Lonquimay","Lonquimay"
2004,"Alcaldes","08206","LOS ALAMOS",0,0,0,0,NA,"Los Alamos","Los Alamos"
2004,"Alcaldes","05301","LOS ANDES",0.5,50,0,1,NA,"Los Andes","Los Andes"
2004,"Alcaldes","08301","LOS ANGELES",0.583333333333333,75,0,1,NA,"Los Angeles","Los Angeles"
2004,"Alcaldes","14104","LOS LAGOS",0.8,40,100,1,NA,"Los Lagos","Los Lagos"
2004,"Alcaldes","10106","LOS MUERMOS",0.444444444444444,33.3333333333333,0,1,NA,"Los Muermos","Los Muermos"
2004,"Alcaldes","09206","LOS SAUCES",0.833333333333333,50,100,1,NA,"Los Sauces","Los Sauces"
2004,"Alcaldes","04203","LOS VILOS",0.833333333333333,50,100,1,NA,"Los Vilos","Los Vilos"
2004,"Alcaldes","08106","LOTA",0.733333333333333,20,100,1,NA,"Lota","Lota"
2004,"Alcaldes","09207","LUMACO",0.833333333333333,50,100,1,NA,"Lumaco","Lumaco"
2004,"Alcaldes","06108","MACHALI",0.833333333333333,50,100,1,NA,"Machalí","Machalí"
2004,"Alcaldes","13118","MACUL",0.888888888888889,66.6666666666667,100,1,NA,"Macul","Macul"
2004,"Alcaldes","14105","MAFIL",0.777777777777778,33.3333333333333,100,1,NA,"Máfil","Máfil"
2004,"Alcaldes","13119","MAIPU",0.777777777777778,33.3333333333333,100,1,NA,"Maipú","Maipú"
2004,"Alcaldes","06109","MALLOA",0.5,50,0,1,NA,"Malloa","Malloa"
2004,"Alcaldes","06204","MARCHIHUE",0.466666666666667,40,0,1,NA,"Marchihue","Marchihue"
2004,"Alcaldes","02302","MARIA ELENA",0.375,12.5,0,1,NA,"María Elena","María Elena"
2004,"Alcaldes","13504","MARIA PINTO",0.466666666666667,40,0,1,NA,"María Pinto","María Pinto"
2004,"Alcaldes","14106","MARIQUINA",1,100,100,1,NA,"Mariquina","Mariquina"
2004,"Alcaldes","07105","MAULE",0.733333333333333,20,100,1,NA,"Maule","Maule"
2004,"Alcaldes","10108","MAULLIN",0.916666666666667,75,100,1,NA,"Maullín","Maullín"
2004,"Alcaldes","02102","MEJILLONES",0.866666666666667,60,100,1,NA,"Mejillones","Mejillones"
2004,"Alcaldes","09110","MELIPEUCO",0,0,0,0,NA,"Melipeuco","Melipeuco"
2004,"Alcaldes","13501","MELIPILLA",0.555555555555555,66.6666666666667,0,1,NA,"Melipilla","Melipilla"
2004,"Alcaldes","07304","MOLINA",0,0,0,0,NA,"Molina","Molina"
2004,"Alcaldes","04303","MONTE PATRIA",0.888888888888889,66.6666666666667,100,1,NA,"Monte Patria","Monte Patria"
2004,"Alcaldes","06110","MOSTAZAL",0.75,25,100,1,NA,"Mostazal","Mostazal"
2004,"Alcaldes","08305","MULCHEN",0.466666666666667,40,0,1,NA,"Mulchén","Mulchén"
2004,"Alcaldes","08306","NACIMIENTO",0.833333333333333,50,100,1,NA,"Nacimiento","Nacimiento"
2004,"Alcaldes","06305","NANCAGUA",0.888888888888889,66.6666666666667,100,1,NA,"Nancagua","Nancagua"
2004,"Alcaldes","12401","NATALES",0.444444444444444,33.3333333333333,0,1,NA,"Natales","Natales"
2004,"Alcaldes","06205","NAVIDAD",0.888888888888889,66.6666666666667,100,1,NA,"Navidad","Navidad"
2004,"Alcaldes","08307","NEGRETE",0.833333333333333,50,100,1,NA,"Negrete","Negrete"
2004,"Alcaldes","16204","NINHUE",0.416666666666667,25,0,1,NA,"Ninhue","Ninhue"
2004,"Alcaldes","16303","NIQUEN",0.866666666666667,60,100,1,NA,"Ñiquén","Ñiquén"
2004,"Alcaldes","05506","NOGALES",0.8,40,100,1,NA,"Nogales","Nogales"
2004,"Alcaldes","09111","NUEVA IMPERIAL",0.777777777777778,33.3333333333333,100,1,NA,"Nueva Imperial","Nueva Imperial"
2004,"Alcaldes","13120","NUNOA",1,100,100,1,NA,"Ñuñoa","Ñuñoa"
2004,"Alcaldes","11302","OHIGGINS",1,100,100,1,NA,"O'Higgins","O'Higgins"
2004,"Alcaldes","06111","OLIVAR",0.5,50,0,1,NA,"Olivar","Olivar"
2004,"Alcaldes","02202","OLLAGUE",0.416666666666667,25,0,1,NA,"Ollagüe","Ollagüe"
2004,"Alcaldes","05803","OLMUE",0.444444444444444,33.3333333333333,0,1,NA,"Olmué","Olmué"
2004,"Alcaldes","10301","OSORNO",0.833333333333333,50,100,1,NA,"Osorno","Osorno"
2004,"Alcaldes","04301","OVALLE",0.583333333333333,75,0,1,NA,"Ovalle","Ovalle"
2004,"Alcaldes","13604","PADRE HURTADO",0.866666666666667,60,100,1,NA,"Padre Hurtado","Padre Hurtado"
2004,"Alcaldes","09112","PADRE LAS CASAS",0.8,40,100,1,NA,"Padre Las Casas","Padre Las Casas"
2004,"Alcaldes","04105","PAIGUANO",0.916666666666667,75,100,1,NA,"Paiguano","Paiguano"
2004,"Alcaldes","14107","PAILLACO",0.4,20,0,1,NA,"Paillaco","Paillaco"
2004,"Alcaldes","13404","PAINE",0.833333333333333,50,100,1,NA,"Paine","Paine"
2004,"Alcaldes","10404","PALENA",0.888888888888889,66.6666666666667,100,1,NA,"Palena","Palena"
2004,"Alcaldes","06306","PALMILLA",0.75,25,100,1,NA,"Palmilla","Palmilla"
2004,"Alcaldes","14108","PANGUIPULLI",0.833333333333333,50,100,1,NA,"Panguipulli","Panguipulli"
2004,"Alcaldes","05704","PANQUEHUE",0.833333333333333,50,100,1,NA,"Panquehue","Panquehue"
2004,"Alcaldes","05403","PAPUDO",1,100,100,1,NA,"Papudo","Papudo"
2004,"Alcaldes","06206","PAREDONES",0.777777777777778,33.3333333333333,100,1,NA,"Paredones","Paredones"
2004,"Alcaldes","07404","PARRAL",0.833333333333333,50,100,1,NA,"Parral","Parral"
2004,"Alcaldes","13121","PEDRO AGUIRRE CERDA",0.916666666666667,75,100,1,NA,"Pedro Aguirre Cerda","Pedro Aguirre Cerda"
2004,"Alcaldes","07106","PELARCO",0.416666666666667,25,0,1,NA,"Pelarco","Pelarco"
2004,"Alcaldes","07203","PELLUHUE",0.888888888888889,66.6666666666667,100,1,NA,"Pelluhue","Pelluhue"
2004,"Alcaldes","16105","PEMUCO",0.5,50,0,1,NA,"Pemuco","Pemuco"
2004,"Alcaldes","13605","PENAFLOR",0.444444444444444,33.3333333333333,0,1,NA,"Peñaflor","Peñaflor"
2004,"Alcaldes","13122","PENALOLEN",0.888888888888889,66.6666666666667,100,1,NA,"Peñalolén","Peñalolén"
2004,"Alcaldes","07107","PENCAHUE",0.888888888888889,66.6666666666667,100,1,NA,"Pencahue","Pencahue"
2004,"Alcaldes","08107","PENCO",0.444444444444444,33.3333333333333,0,1,NA,"Penco","Penco"
2004,"Alcaldes","06307","PERALILLO",0.75,25,100,1,NA,"Peralillo","Peralillo"
2004,"Alcaldes","09113","PERQUENCO",0.833333333333333,50,100,1,NA,"Perquenco","Perquenco"
2004,"Alcaldes","05404","PETORCA",0.833333333333333,50,100,1,NA,"Petorca","Petorca"
2004,"Alcaldes","06112","PEUMO",0.833333333333333,50,100,1,NA,"Peumo","Peumo"
2004,"Alcaldes","01405","PICA",0.555555555555555,66.6666666666667,0,1,NA,"Pica","Pica"
2004,"Alcaldes","06113","PICHIDEGUA",0.416666666666667,25,0,1,NA,"Pichidegua","Pichidegua"
2004,"Alcaldes","06201","PICHILEMU",0.761904761904762,28.5714285714286,100,1,NA,"Pichilemu","Pichilemu"
2004,"Alcaldes","16106","PINTO",0.4,20,0,1,NA,"Pinto","Pinto"
2004,"Alcaldes","13202","PIRQUE",0.777777777777778,33.3333333333333,100,1,NA,"Pirque","Pirque"
2004,"Alcaldes","09114","PITRUFQUEN",0,0,0,0,NA,"Pitrufquén","Pitrufquén"
2004,"Alcaldes","06308","PLACILLA",0.888888888888889,66.6666666666667,100,1,NA,"Placilla","Placilla"
2004,"Alcaldes","16205","PORTEZUELO",0.777777777777778,33.3333333333333,100,1,NA,"Portezuelo","Portezuelo"
2004,"Alcaldes","12301","PORVENIR",1,100,100,1,NA,"Porvenir","Porvenir"
2004,"Alcaldes","01401","POZO ALMONTE",0.833333333333333,50,100,1,NA,"Pozo Almonte","Pozo Almonte"
2004,"Alcaldes","12302","PRIMAVERA",0,0,0,0,NA,"Primavera","Primavera"
2004,"Alcaldes","13123","PROVIDENCIA",0.555555555555555,66.6666666666667,0,1,NA,"Providencia","Providencia"
2004,"Alcaldes","05105","PUCHUNCAVI",0,0,0,0,NA,"Puchuncaví","Puchuncaví"
2004,"Alcaldes","09115","PUCON",0.75,25,100,1,NA,"Pucón","Pucón"
2004,"Alcaldes","13124","PUDAHUEL",0.833333333333333,50,100,1,NA,"Pudahuel","Pudahuel"
2004,"Alcaldes","13201","PUENTE ALTO",1,100,100,1,NA,"Puente Alto","Puente Alto"
2004,"Alcaldes","10101","PUERTO MONTT",1,100,100,1,NA,"Puerto Montt","Puerto Montt"
2004,"Alcaldes","10302","PUERTO OCTAY",1,100,100,1,NA,"Puerto Octay","Puerto Octay"
2004,"Alcaldes","10109","PUERTO VARAS",0.466666666666667,40,0,1,NA,"Puerto Varas","Puerto Varas"
2004,"Alcaldes","06309","PUMANQUE",0.416666666666667,25,0,1,NA,"Pumanque","Pumanque"
2004,"Alcaldes","04304","PUNITAQUI",0.833333333333333,50,100,1,NA,"Punitaqui","Punitaqui"
2004,"Alcaldes","12101","PUNTA ARENAS",0.8,40,100,1,NA,"Punta Arenas","Punta Arenas"
2004,"Alcaldes","10206","PUQUELDON",0.777777777777778,33.3333333333333,100,1,NA,"Puqueldón","Puqueldón"
2004,"Alcaldes","09208","PUREN",0.777777777777778,33.3333333333333,100,1,NA,"Purén","Purén"
2004,"Alcaldes","10303","PURRANQUE",1,100,100,1,NA,"Purranque","Purranque"
2004,"Alcaldes","05705","PUTAENDO",0.8,40,100,1,NA,"Putaendo","Putaendo"
2004,"Alcaldes","15201","PUTRE",0,0,0,0,NA,"Putre","Putre"
2004,"Alcaldes","10304","PUYEHUE",0.5,50,0,1,NA,"Puyehue","Puyehue"
2004,"Alcaldes","10207","QUEILEN",1,100,100,1,NA,"Queilén","Queilén"
2004,"Alcaldes","10208","QUELLON",0.777777777777778,33.3333333333333,100,1,NA,"Quellón","Quellón"
2004,"Alcaldes","10209","QUEMCHI",0.416666666666667,25,0,1,NA,"Quemchi","Quemchi"
2004,"Alcaldes","08308","QUILACO",0.833333333333333,50,100,1,NA,"Quilaco","Quilaco"
2004,"Alcaldes","13125","QUILICURA",0.866666666666667,60,100,1,NA,"Quilicura","Quilicura"
2004,"Alcaldes","08309","QUILLECO",0.833333333333333,50,100,1,NA,"Quilleco","Quilleco"
2004,"Alcaldes","16107","QUILLON",0.833333333333333,50,100,1,NA,"Quillón","Quillón"
2004,"Alcaldes","05501","QUILLOTA",1,100,100,1,NA,"Quillota","Quillota"
2004,"Alcaldes","05801","QUILPUE",0.916666666666667,75,100,1,NA,"Quilpué","Quilpué"
2004,"Alcaldes","10210","QUINCHAO",0.5,50,0,1,NA,"Quinchao","Quinchao"
2004,"Alcaldes","06114","QUINTA DE TILCOCO",1,100,100,1,NA,"Quinta de Tilcoco","Quinta de Tilcoco"
2004,"Alcaldes","13126","QUINTA NORMAL",1,100,100,1,NA,"Quinta Normal","Quinta Normal"
2004,"Alcaldes","05107","QUINTERO",0.444444444444444,33.3333333333333,0,1,NA,"Quintero","Quintero"
2004,"Alcaldes","16201","QUIRIHUE",0.444444444444444,33.3333333333333,0,1,NA,"Quirihue","Quirihue"
2004,"Alcaldes","06101","RANCAGUA",0.833333333333333,50,100,1,NA,"Rancagua","Rancagua"
2004,"Alcaldes","16206","RANQUIL",0.777777777777778,33.3333333333333,100,1,NA,"Ranquil","Ranquil"
2004,"Alcaldes","07305","RAUCO",0.833333333333333,50,100,1,NA,"Rauco","Rauco"
2004,"Alcaldes","13127","RECOLETA",0.555555555555555,66.6666666666667,0,1,NA,"Recoleta","Recoleta"
2004,"Alcaldes","09209","RENAICO",1,100,100,1,NA,"Renaico","Renaico"
2004,"Alcaldes","13128","RENCA",0.555555555555555,66.6666666666667,0,1,NA,"Renca","Renca"
2004,"Alcaldes","06115","RENGO",0.5,50,0,1,NA,"Rengo","Rengo"
2004,"Alcaldes","06116","REQUINOA",0.5,50,0,1,NA,"Requínoa","Requínoa"
2004,"Alcaldes","07405","RETIRO",0.833333333333333,50,100,1,NA,"Retiro","Retiro"
2004,"Alcaldes","05303","RINCONADA",0.444444444444444,33.3333333333333,0,1,NA,"Rinconada","Rinconada"
2004,"Alcaldes","14204","RIO BUENO",0.916666666666667,75,100,1,NA,"Río Bueno","Río Bueno"
2004,"Alcaldes","07108","RIO CLARO",0.888888888888889,66.6666666666667,100,1,NA,"Río Claro","Río Claro"
2004,"Alcaldes","04305","RIO HURTADO",1,100,100,1,NA,"Río Hurtado","Río Hurtado"
2004,"Alcaldes","11402","RIO IBANEZ",0.5,50,0,1,NA,"Río Ibáñez","Río Ibáñez"
2004,"Alcaldes","10305","RIO NEGRO",0.5,50,0,1,NA,"Río Negro","Río Negro"
2004,"Alcaldes","12103","RIO VERDE",0.444444444444444,33.3333333333333,0,1,NA,"Río Verde","Río Verde"
2004,"Alcaldes","07306","ROMERAL",0.888888888888889,66.6666666666667,100,1,NA,"Romeral","Romeral"
2004,"Alcaldes","09116","SAAVEDRA",0.388888888888889,16.6666666666667,0,1,NA,"Saavedra","Saavedra"
2004,"Alcaldes","07307","SAGRADA FAMILIA",1,100,100,1,NA,"Sagrada Familia","Sagrada Familia"
2004,"Alcaldes","04204","SALAMANCA",0.833333333333333,50,100,1,NA,"Salamanca","Salamanca"
2004,"Alcaldes","05601","SAN ANTONIO",0.416666666666667,25,0,1,NA,"San Antonio","San Antonio"
2004,"Alcaldes","13401","SAN BERNARDO",0.888888888888889,66.6666666666667,100,1,NA,"San Bernardo","San Bernardo"
2004,"Alcaldes","16301","SAN CARLOS",0.888888888888889,66.6666666666667,100,1,NA,"San Carlos","San Carlos"
2004,"Alcaldes","07109","SAN CLEMENTE",0.8,40,100,1,NA,"San Clemente","San Clemente"
2004,"Alcaldes","05304","SAN ESTEBAN",0.416666666666667,25,0,1,NA,"San Esteban","San Esteban"
2004,"Alcaldes","16304","SAN FABIAN",0.416666666666667,25,0,1,NA,"San Fabián","San Fabián"
2004,"Alcaldes","05701","SAN FELIPE",1,100,100,1,NA,"San Felipe","San Felipe"
2004,"Alcaldes","06301","SAN FERNANDO",0.866666666666667,60,100,1,NA,"San Fernando","San Fernando"
2004,"Alcaldes","12104","SAN GREGORIO",1,100,100,1,NA,"San Gregorio","San Gregorio"
2004,"Alcaldes","16108","SAN IGNACIO",0.444444444444444,33.3333333333333,0,1,NA,"San Ignacio","San Ignacio"
2004,"Alcaldes","07406","SAN JAVIER",0.75,25,100,1,NA,"San Javier","San Javier"
2004,"Alcaldes","13129","SAN JOAQUIN",0.888888888888889,66.6666666666667,100,1,NA,"San Joaquín","San Joaquín"
2004,"Alcaldes","13203","SAN JOSE DE MAIPO",0.8,40,100,1,NA,"San José de Maipo","San José de Maipo"
2004,"Alcaldes","10306","SAN JUAN DE LA COSTA",0.888888888888889,66.6666666666667,100,1,NA,"San Juan de la Costa","San Juan de la Costa"
2004,"Alcaldes","13130","SAN MIGUEL",0.75,25,100,1,NA,"San Miguel","San Miguel"
2004,"Alcaldes","16305","SAN NICOLAS",0.833333333333333,50,100,1,NA,"San Nicolás","San Nicolás"
2004,"Alcaldes","10307","SAN PABLO",0.888888888888889,66.6666666666667,100,1,NA,"San Pablo","San Pablo"
2004,"Alcaldes","13505","SAN PEDRO",0.458333333333333,37.5,0,1,NA,"San Pedro","San Pedro"
2004,"Alcaldes","02203","SAN PEDRO DE ATACAMA",0.75,25,100,1,NA,"San Pedro de Atacama","San Pedro de Atacama"
2004,"Alcaldes","08108","SAN PEDRO DE LA PAZ",0.833333333333333,50,100,1,NA,"San Pedro de la Paz","San Pedro de la Paz"
2004,"Alcaldes","07110","SAN RAFAEL",0.833333333333333,50,100,1,NA,"San Rafael","San Rafael"
2004,"Alcaldes","13131","SAN RAMON",0.833333333333333,50,100,1,NA,"San Ramón","San Ramón"
2004,"Alcaldes","08310","SAN ROSENDO",1,100,100,1,NA,"San Rosendo","San Rosendo"
2004,"Alcaldes","06117","SAN VICENTE",0.555555555555555,66.6666666666667,0,1,NA,"San Vicente","San Vicente"
2004,"Alcaldes","08311","SANTA BARBARA",0.5,50,0,1,NA,"Santa Bárbara","Santa Bárbara"
2004,"Alcaldes","06310","SANTA CRUZ",0.5,50,0,1,NA,"Santa Cruz","Santa Cruz"
2004,"Alcaldes","08109","SANTA JUANA",1,100,100,1,NA,"Santa Juana","Santa Juana"
2004,"Alcaldes","05706","SANTA MARIA",0.888888888888889,66.6666666666667,100,1,NA,"Santa María","Santa María"
2004,"Alcaldes","13101","SANTIAGO",0.444444444444444,33.3333333333333,0,1,NA,"Santiago","Santiago"
2004,"Alcaldes","05606","SANTO DOMINGO",1,100,100,1,NA,"Santo Domingo","Santo Domingo"
2004,"Alcaldes","02103","SIERRA GORDA",0.777777777777778,33.3333333333333,100,1,NA,"Sierra Gorda","Sierra Gorda"
2004,"Alcaldes","13601","TALAGANTE",0.888888888888889,66.6666666666667,100,1,NA,"Talagante","Talagante"
2004,"Alcaldes","07101","TALCA",0.888888888888889,66.6666666666667,100,1,NA,"Talca","Talca"
2004,"Alcaldes","08110","TALCAHUANO",0.777777777777778,33.3333333333333,100,1,NA,"Talcahuano","Talcahuano"
2004,"Alcaldes","02104","TALTAL",0.8,40,100,1,NA,"Taltal","Taltal"
2004,"Alcaldes","09101","TEMUCO",0.833333333333333,50,100,1,NA,"Temuco","Temuco"
2004,"Alcaldes","07308","TENO",0.5,50,0,1,NA,"Teno","Teno"
2004,"Alcaldes","09117","TEODORO SCHMIDT",0.888888888888889,66.6666666666667,100,1,NA,"Teodoro Schmidt","Teodoro Schmidt"
2004,"Alcaldes","03103","TIERRA AMARILLA",0.733333333333333,20,100,1,NA,"Tierra Amarilla","Tierra Amarilla"
2004,"Alcaldes","13303","TILTIL",0.833333333333333,50,100,1,NA,"Tiltil","Tiltil"
2004,"Alcaldes","12303","TIMAUKEL",0.444444444444444,33.3333333333333,0,1,NA,"Timaukel","Timaukel"
2004,"Alcaldes","08207","TIRUA",0,0,0,0,NA,"Tirúa","Tirúa"
2004,"Alcaldes","02301","TOCOPILLA",0.380952380952381,14.2857142857143,0,1,NA,"Tocopilla","Tocopilla"
2004,"Alcaldes","09118","TOLTEN",0.555555555555555,66.6666666666667,0,1,NA,"Toltén","Toltén"
2004,"Alcaldes","08111","TOME",0.888888888888889,66.6666666666667,100,1,NA,"Tomé","Tomé"
2004,"Alcaldes","12402","TORRES DEL PAINE",0.5,50,0,1,NA,"Torres del Paine","Torres del Paine"
2004,"Alcaldes","11303","TORTEL",1,100,100,1,NA,"Tortel","Tortel"
2004,"Alcaldes","09210","TRAIGUEN",0.5,50,0,1,NA,"Traiguén","Traiguén"
2004,"Alcaldes","16207","TREGUACO",0.444444444444444,33.3333333333333,0,1,NA,"Treguaco","Treguaco"
2004,"Alcaldes","08312","TUCAPEL",1,100,100,1,NA,"Tucapel","Tucapel"
2004,"Alcaldes","14101","VALDIVIA",0.888888888888889,66.6666666666667,100,1,NA,"Valdivia","Valdivia"
2004,"Alcaldes","03301","VALLENAR",0.833333333333333,50,100,1,NA,"Vallenar","Vallenar"
2004,"Alcaldes","05101","VALPARAISO",0.888888888888889,66.6666666666667,100,1,NA,"Valparaíso","Valparaíso"
2004,"Alcaldes","07309","VICHUQUEN",0.444444444444444,33.3333333333333,0,1,NA,"Vichuquén","Vichuquén"
2004,"Alcaldes","09211","VICTORIA",0.833333333333333,50,100,1,NA,"Victoria","Victoria"
2004,"Alcaldes","04106","VICUNA",0.416666666666667,25,0,1,NA,"Vicuña","Vicuña"
2004,"Alcaldes","09119","VILCUN",0.722222222222222,16.6666666666667,100,1,NA,"Vilcún","Vilcún"
2004,"Alcaldes","07407","VILLA ALEGRE",0.777777777777778,33.3333333333333,100,1,NA,"Villa Alegre","Villa Alegre"
2004,"Alcaldes","05804","VILLA ALEMANA",0.416666666666667,25,0,1,NA,"Villa Alemana","Villa Alemana"
2004,"Alcaldes","09120","VILLARRICA",0.866666666666667,60,100,1,NA,"Villarrica","Villarrica"
2004,"Alcaldes","05109","VINA DEL MAR",0.555555555555555,66.6666666666667,0,1,NA,"Viña del Mar","Viña del Mar"
2004,"Alcaldes","13132","VITACURA",0.888888888888889,66.6666666666667,100,1,NA,"Vitacura","Vitacura"
2004,"Alcaldes","07408","YERBAS BUENAS",1,100,100,1,NA,"Yerbas Buenas","Yerbas Buenas"
2004,"Alcaldes","08313","YUMBEL",0.833333333333333,50,100,1,NA,"Yumbel","Yumbel"
2004,"Alcaldes","16109","YUNGAY",0.833333333333333,50,100,1,NA,"Yungay","Yungay"
2004,"Alcaldes","05405","ZAPALLAR",0.777777777777778,33.3333333333333,100,1,NA,"Zapallar","Zapallar"
2004,"Concejales","05602","ALGARROBO",0.740938799762329,47.0588235294118,66.6666666666667,1,NA,"Algarrobo","Algarrobo"
2004,"Concejales","13502","ALHUE",0.816644707949056,52.1739130434783,83.3333333333333,1,NA,"Alhué","Alhué"
2004,"Concejales","08314","ALTO BIOBIO",0.501443001443001,28.5714285714286,16.6666666666667,1,NA,"Alto Biobío","Alto Biobío"
2004,"Concejales","03302","ALTO DEL CARMEN",0.864357864357864,64.2857142857143,83.3333333333333,1,NA,"Alto del Carmen","Alto del Carmen"
2004,"Concejales","01107","ALTO HOSPICIO",0.689674523007856,48.1481481481481,50,1,NA,"Alto Hospicio","Alto Hospicio"
2004,"Concejales","10202","ANCUD",0.836219336219336,57.1428571428571,83.3333333333333,1,NA,"Ancud","Ancud"
2004,"Concejales","04103","ANDACOLLO",0.796296296296296,61.1111111111111,66.6666666666667,1,NA,"Andacollo","Andacollo"
2004,"Concejales","09201","ANGOL",0.752525252525252,50,66.6666666666667,1,NA,"Angol","Angol"
2004,"Concejales","02101","ANTOFAGASTA",0.835454545454545,64,75,1,NA,"Antofagasta","Antofagasta"
2004,"Concejales","08302","ANTUCO",0.791919191919192,60,66.6666666666667,1,NA,"Antuco","Antuco"
2004,"Concejales","08202","ARAUCO",0.847474747474747,60,83.3333333333333,1,NA,"Arauco","Arauco"
2004,"Concejales","15101","ARICA",0.775568181818182,59.375,62.5,1,NA,"Arica","Arica"
2004,"Concejales","11201","AYSEN",0.819667260843731,52.9411764705882,83.3333333333333,1,NA,"Aisén","Aisén"
2004,"Concejales","13402","BUIN",0.847474747474747,60,83.3333333333333,1,NA,"Buin","Buin"
2004,"Concejales","16102","BULNES",0.92156862745098,64.7058823529412,100,1,NA,"Bulnes","Bulnes"
2004,"Concejales","05402","CABILDO",0.836940836940837,71.4285714285714,66.6666666666667,1,NA,"Cabildo","Cabildo"
2004,"Concejales","12201","CABO DE HORNOS",0.708754208754209,38.8888888888889,66.6666666666667,1,NA,"Cabo de Hornos","Cabo de Hornos"
2004,"Concejales","08303","CABRERO",0.892496392496393,71.4285714285714,83.3333333333333,1,NA,"Cabrero","Cabrero"
2004,"Concejales","02201","CALAMA",0.892878787878788,68,87.5,1,NA,"Calama","Calama"
2004,"Concejales","10102","CALBUCO",0.71969696969697,41.6666666666667,66.6666666666667,1,NA,"Calbuco","Calbuco"
2004,"Concejales","03102","CALDERA",0.724386724386724,42.8571428571429,66.6666666666667,1,NA,"Caldera","Caldera"
2004,"Concejales","05502","CALERA",0.774410774410774,55.5555555555556,66.6666666666667,1,NA,"Calera","Calera"
2004,"Concejales","13403","CALERA DE TANGO",0.818181818181818,66.6666666666667,66.6666666666667,1,NA,"Calera de Tango","Calera de Tango"
2004,"Concejales","05302","CALLE LARGA",0.707336523125997,52.6315789473684,50,1,NA,"Calle Larga","Calle Larga"
2004,"Concejales","15102","CAMARONES",0.857323232323232,62.5,83.3333333333333,1,NA,"Camarones","Camarones"
2004,"Concejales","01402","CAMINA",0.780663780663781,57.1428571428571,66.6666666666667,1,NA,"Camiña","Camiña"
2004,"Concejales","04202","CANELA",0.892496392496393,71.4285714285714,83.3333333333333,1,NA,"Canela","Canela"
2004,"Concejales","08203","CANETE",0.842840166369578,58.8235294117647,83.3333333333333,1,NA,"Cañete","Cañete"
2004,"Concejales","09102","CARAHUE",0.818447634237108,52.6315789473684,83.3333333333333,1,NA,"Carahue","Carahue"
2004,"Concejales","05603","CARTAGENA",0.801767676767677,62.5,66.6666666666667,1,NA,"Cartagena","Cartagena"
2004,"Concejales","05102","CASABLANCA",0.801767676767677,62.5,66.6666666666667,1,NA,"Casablanca","Casablanca"
2004,"Concejales","10201","CASTRO",0.801767676767677,62.5,66.6666666666667,1,NA,"Castro","Castro"
2004,"Concejales","05702","CATEMU",0.762892078681552,52.6315789473684,66.6666666666667,1,NA,"Catemu","Catemu"
2004,"Concejales","07201","CAUQUENES",0.851851851851852,61.1111111111111,83.3333333333333,1,NA,"Cauquenes","Cauquenes"
2004,"Concejales","13102","CERRILLOS",0.92156862745098,64.7058823529412,100,1,NA,"Cerrillos","Cerrillos"
2004,"Concejales","13103","CERRO NAVIA",0.845959595959596,66.6666666666667,75,1,NA,"Cerro Navia","Cerro Navia"
2004,"Concejales","10401","CHAITEN",0.889185977421272,70.5882352941177,83.3333333333333,1,NA,"Chaitén","Chaitén"
2004,"Concejales","03201","CHANARAL",0.818447634237108,52.6315789473684,83.3333333333333,1,NA,"Chañaral","Chañaral"
2004,"Concejales","07202","CHANCO",0.873737373737374,66.6666666666667,83.3333333333333,1,NA,"Chanco","Chanco"
2004,"Concejales","06302","CHEPICA",0.631313131313131,33.3333333333333,50,1,NA,"Chépica","Chépica"
2004,"Concejales","08103","CHIGUAYANTE",0.881944444444445,68.75,83.3333333333333,1,NA,"Chiguayante","Chiguayante"
2004,"Concejales","11401","CHILE CHICO",0.761183261183261,38.0952380952381,83.3333333333333,1,NA,"Chile Chico","Chile Chico"
2004,"Concejales","16101","CHILLAN",0.813131313131313,58.3333333333333,75,1,NA,"Chillán","Chillán"
2004,"Concejales","16103","CHILLAN VIEJO",0.977671451355662,78.9473684210526,100,1,NA,"Chillán Viejo","Chillán Viejo"
2004,"Concejales","06303","CHIMBARONGO",0.857323232323232,62.5,83.3333333333333,1,NA,"Chimbarongo","Chimbarongo"
2004,"Concejales","09121","CHOLCHOL",0.713131313131313,40,66.6666666666667,1,NA,"Cholchol","Cholchol"
2004,"Concejales","10203","CHONCHI",0.851010101010101,75,66.6666666666667,1,NA,"Chonchi","Chonchi"
2004,"Concejales","11202","CISNES",0.777146464646465,56.25,66.6666666666667,1,NA,"Cisnes","Cisnes"
2004,"Concejales","16202","COBQUECURA",0.808802308802309,64.2857142857143,66.6666666666667,1,NA,"Cobquecura","Cobquecura"
2004,"Concejales","10103","COCHAMO",0.776980329611909,42.1052631578947,83.3333333333333,1,NA,"Cochamó","Cochamó"
2004,"Concejales","11301","COCHRANE",0.842056932966024,72.7272727272727,66.6666666666667,1,NA,"Cochrane","Cochrane"
2004,"Concejales","06102","CODEGUA",0.70855614973262,52.9411764705882,50,1,NA,"Codegua","Codegua"
2004,"Concejales","16203","COELEMU",0.857323232323232,62.5,83.3333333333333,1,NA,"Coelemu","Coelemu"
2004,"Concejales","11101","COIHAIQUE",0.839181286549708,57.8947368421053,83.3333333333333,1,NA,"Coihaique","Coihaique"
2004,"Concejales","16302","COIHUECO",0.827777777777778,55,83.3333333333333,1,NA,"Coihueco","Coihueco"
2004,"Concejales","06103","COINCO",0.836940836940837,71.4285714285714,66.6666666666667,1,NA,"Coinco","Coinco"
2004,"Concejales","07402","COLBUN",0.752525252525252,50,66.6666666666667,1,NA,"Colbún","Colbún"
2004,"Concejales","01403","COLCHANE",0.801767676767677,62.5,66.6666666666667,1,NA,"Colchane","Colchane"
2004,"Concejales","13301","COLINA",0.804359383306752,63.1578947368421,66.6666666666667,1,NA,"Colina","Colina"
2004,"Concejales","09202","COLLIPULLI",0.743145743145743,47.6190476190476,66.6666666666667,1,NA,"Collipulli","Collipulli"
2004,"Concejales","06104","COLTAUCO",0.575757575757576,33.3333333333333,33.3333333333333,1,NA,"Coltauco","Coltauco"
2004,"Concejales","04302","COMBARBALA",0.707336523125997,52.6315789473684,50,1,NA,"Combarbalá","Combarbalá"
2004,"Concejales","08101","CONCEPCION",0.823051948051948,71.4285714285714,62.5,1,NA,"Concepción","Concepción"
2004,"Concejales","13104","CONCHALI",0.840250329380764,65.2173913043478,75,1,NA,"Conchalí","Conchalí"
2004,"Concejales","05103","CONCON",0.679063360881543,45.4545454545455,50,1,NA,"Concón","Concón"
2004,"Concejales","07102","CONSTITUCION",0.728070175438596,57.8947368421053,50,1,NA,"Constitución","Constitución"
2004,"Concejales","08204","CONTULMO",0.662210338680927,41.1764705882353,50,1,NA,"Contulmo","Contulmo"
2004,"Concejales","03101","COPIAPO",0.915470494417863,63.1578947368421,100,1,NA,"Copiapó","Copiapó"
2004,"Concejales","04102","COQUIMBO",0.889185977421272,70.5882352941177,83.3333333333333,1,NA,"Coquimbo","Coquimbo"
2004,"Concejales","08102","CORONEL",0.889185977421272,70.5882352941177,83.3333333333333,1,NA,"Coronel","Coronel"
2004,"Concejales","14102","CORRAL",0.847474747474747,60,83.3333333333333,1,NA,"Corral","Corral"
2004,"Concejales","09103","CUNCO",0.743145743145743,47.6190476190476,66.6666666666667,1,NA,"Cunco","Cunco"
2004,"Concejales","09203","CURACAUTIN",0.724386724386724,42.8571428571429,66.6666666666667,1,NA,"Curacautín","Curacautín"
2004,"Concejales","13503","CURACAVI",0.791919191919192,60,66.6666666666667,1,NA,"Curacaví","Curacaví"
2004,"Concejales","10204","CURACO DE VELEZ",0.753246753246753,64.2857142857143,50,1,NA,"Curaco de Vélez","Curaco de Vélez"
2004,"Concejales","08205","CURANILAHUE",0.895622895622896,72.2222222222222,83.3333333333333,1,NA,"Curanilahue","Curanilahue"
2004,"Concejales","09104","CURARREHUE",0.903030303030303,60,100,1,NA,"Curarrehue","Curarrehue"
2004,"Concejales","07103","CUREPTO",0.828282828282828,69.2307692307692,66.6666666666667,1,NA,"Curepto","Curepto"
2004,"Concejales","07301","CURICO",0.707336523125997,52.6315789473684,50,1,NA,"Curicó","Curicó"
2004,"Concejales","10205","DALCAHUE",0.777146464646465,56.25,66.6666666666667,1,NA,"Dalcahue","Dalcahue"
2004,"Concejales","03202","DIEGO DE ALMAGRO",0.863636363636364,50,100,1,NA,"Diego de Almagro","Diego de Almagro"
2004,"Concejales","06105","DONIHUE",0.808080808080808,50,83.3333333333333,1,NA,"Doñihue","Doñihue"
2004,"Concejales","13105","EL BOSQUE",0.90564738292011,81.8181818181818,75,1,NA,"El Bosque","El Bosque"
2004,"Concejales","16104","EL CARMEN",0.736363636363636,60,50,1,NA,"El Carmen","El Carmen"
2004,"Concejales","13602","EL MONTE",0.83270202020202,56.25,83.3333333333333,1,NA,"El Monte","El Monte"
2004,"Concejales","05604","EL QUISCO",0.716712580348944,40.9090909090909,66.6666666666667,1,NA,"El Quisco","El Quisco"
2004,"Concejales","05605","EL TABO",0.764111705288176,52.9411764705882,66.6666666666667,1,NA,"El Tabo","El Tabo"
2004,"Concejales","07104","EMPEDRADO",0.828282828282828,69.2307692307692,66.6666666666667,1,NA,"Empedrado","Empedrado"
2004,"Concejales","09204","ERCILLA",0.697373737373737,36,66.6666666666667,1,NA,"Ercilla","Ercilla"
2004,"Concejales","13106","ESTACION CENTRAL",0.766774891774892,57.1428571428571,62.5,1,NA,"Estación Central","Estación Central"
2004,"Concejales","08104","FLORIDA",0.572727272727273,46.6666666666667,16.6666666666667,1,NA,"Florida","Florida"
2004,"Concejales","09105","FREIRE",0.808080808080808,50,83.3333333333333,1,NA,"Freire","Freire"
2004,"Concejales","03303","FREIRINA",0.9375,68.75,100,1,NA,"Freirina","Freirina"
2004,"Concejales","10104","FRESIA",0.828282828282828,69.2307692307692,66.6666666666667,1,NA,"Fresia","Fresia"
2004,"Concejales","10105","FRUTILLAR",0.706349206349206,52.3809523809524,50,1,NA,"Frutillar","Frutillar"
2004,"Concejales","10402","FUTALEUFU",0.742424242424243,61.5384615384615,50,1,NA,"Futaleufú","Futaleufú"
2004,"Concejales","14202","FUTRONO",0.740938799762329,47.0588235294118,66.6666666666667,1,NA,"Futrono","Futrono"
2004,"Concejales","09106","GALVARINO",0.782389108476065,43.4782608695652,83.3333333333333,1,NA,"Galvarino","Galvarino"
2004,"Concejales","15202","GENERAL LAGOS",0.926262626262626,80,83.3333333333333,1,NA,"General Lagos","General Lagos"
2004,"Concejales","09107","GORBEA",0.742158426368953,47.3684210526316,66.6666666666667,1,NA,"Gorbea","Gorbea"
2004,"Concejales","06106","GRANEROS",0.77994227994228,42.8571428571429,83.3333333333333,1,NA,"Graneros","Graneros"
2004,"Concejales","11203","GUAITECAS",0.823232323232323,53.8461538461538,83.3333333333333,1,NA,"Guaitecas","Guaitecas"
2004,"Concejales","05503","HIJUELAS",0.721590909090909,56.25,50,1,NA,"Hijuelas","Hijuelas"
2004,"Concejales","10403","HUALAIHUE",0.83270202020202,56.25,83.3333333333333,1,NA,"Hualaihué","Hualaihué"
2004,"Concejales","07302","HUALANE",0.867171717171717,65,83.3333333333333,1,NA,"Hualañé","Hualañé"
2004,"Concejales","08112","HUALPEN",0.859914938862307,63.1578947368421,83.3333333333333,1,NA,"Hualpén","Hualpén"
2004,"Concejales","08105","HUALQUI",0.821212121212121,53.3333333333333,83.3333333333333,1,NA,"Hualqui","Hualqui"
2004,"Concejales","01404","HUARA",0.72979797979798,58.3333333333333,50,1,NA,"Huara","Huara"
2004,"Concejales","03304","HUASCO",0.9375,68.75,100,1,NA,"Huasco","Huasco"
2004,"Concejales","13107","HUECHURABA",0.784511784511784,72.2222222222222,50,1,NA,"Huechuraba","Huechuraba"
2004,"Concejales","04201","ILLAPEL",0.906565656565657,75,83.3333333333333,1,NA,"Illapel","Illapel"
2004,"Concejales","13108","INDEPENDENCIA",0.881944444444445,68.75,83.3333333333333,1,NA,"Independencia","Independencia"
2004,"Concejales","01101","IQUIQUE",0.648949169110459,48.3870967741936,37.5,1,NA,"Iquique","Iquique"
2004,"Concejales","13603","ISLA DE MAIPO",0.803030303030303,76.9230769230769,50,1,NA,"Isla de Maipo","Isla de Maipo"
2004,"Concejales","05201","ISLA DE PASCUA",0.717765894236483,41.1764705882353,66.6666666666667,1,NA,"Isla de Pascua","Isla de Pascua"
2004,"Concejales","05104","JUAN FERNANDEZ",0.840909090909091,58.3333333333333,83.3333333333333,1,NA,"Juan Fernández","Juan Fernández"
2004,"Concejales","13109","LA CISTERNA",0.895622895622896,72.2222222222222,83.3333333333333,1,NA,"La Cisterna","La Cisterna"
2004,"Concejales","05504","LA CRUZ",0.808802308802309,64.2857142857143,66.6666666666667,1,NA,"La Cruz","La Cruz"
2004,"Concejales","06202","LA ESTRELLA",0.762626262626263,66.6666666666667,50,1,NA,"La Estrella","La Estrella"
2004,"Concejales","13110","LA FLORIDA",0.902020202020202,76.6666666666667,80,1,NA,"La Florida","La Florida"
2004,"Concejales","13111","LA GRANJA",0.851851851851852,61.1111111111111,83.3333333333333,1,NA,"La Granja","La Granja"
2004,"Concejales","04104","LA HIGUERA",0.762626262626263,66.6666666666667,50,1,NA,"La Higuera","La Higuera"
2004,"Concejales","05401","LA LIGUA",0.92156862745098,64.7058823529412,100,1,NA,"La Ligua","La Ligua"
2004,"Concejales","13112","LA PINTANA",0.867171717171717,65,83.3333333333333,1,NA,"La Pintana","La Pintana"
2004,"Concejales","13113","LA REINA",0.879976232917409,82.3529411764706,66.6666666666667,1,NA,"La Reina","La Reina"
2004,"Concejales","04101","LA SERENA",0.911501377410468,72.7272727272727,87.5,1,NA,"La Serena","La Serena"
2004,"Concejales","14201","LA UNION",0.661157024793388,40.9090909090909,50,1,NA,"La Unión","La Unión"
2004,"Concejales","14203","LAGO RANCO",0.764111705288176,52.9411764705882,66.6666666666667,1,NA,"Lago Ranco","Lago Ranco"
2004,"Concejales","11102","LAGO VERDE",0.806244260789715,63.6363636363636,66.6666666666667,1,NA,"Lago Verde","Lago Verde"
2004,"Concejales","12102","LAGUNA BLANCA",0.842056932966024,72.7272727272727,66.6666666666667,1,NA,"Laguna Blanca","Laguna Blanca"
2004,"Concejales","08304","LAJA",0.898395721925134,58.8235294117647,100,1,NA,"Laja","Laja"
2004,"Concejales","13302","LAMPA",0.901382243487507,73.6842105263158,83.3333333333333,1,NA,"Lampa","Lampa"
2004,"Concejales","14103","LANCO",0.679063360881543,45.4545454545455,50,1,NA,"Lanco","Lanco"
2004,"Concejales","06107","LAS CABRAS",0.84006734006734,72.2222222222222,66.6666666666667,1,NA,"Las Cabras","Las Cabras"
2004,"Concejales","13114","LAS CONDES",0.699074074074074,61.1111111111111,37.5,1,NA,"Las Condes","Las Condes"
2004,"Concejales","09108","LAUTARO",0.864357864357864,64.2857142857143,83.3333333333333,1,NA,"Lautaro","Lautaro"
2004,"Concejales","08201","LEBU",0.717765894236483,41.1764705882353,66.6666666666667,1,NA,"Lebu","Lebu"
2004,"Concejales","07303","LICANTEN",0.762892078681552,52.6315789473684,66.6666666666667,1,NA,"Licantén","Licantén"
2004,"Concejales","05802","LIMACHE",0.783625730994152,57.8947368421053,66.6666666666667,1,NA,"Limache","Limache"
2004,"Concejales","07401","LINARES",0.783625730994152,57.8947368421053,66.6666666666667,1,NA,"Linares","Linares"
2004,"Concejales","06203","LITUECHE",0.753246753246753,64.2857142857143,50,1,NA,"Litueche","Litueche"
2004,"Concejales","05703","LLAILLAY",0.762892078681552,52.6315789473684,66.6666666666667,1,NA,"Llaillay","Llaillay"
2004,"Concejales","10107","LLANQUIHUE",0.752525252525252,50,66.6666666666667,1,NA,"Llanquihue","Llanquihue"
2004,"Concejales","13115","LO BARNECHEA",0.836940836940837,71.4285714285714,66.6666666666667,1,NA,"Lo Barnechea","Lo Barnechea"
2004,"Concejales","13116","LO ESPEJO",0.873737373737374,66.6666666666667,83.3333333333333,1,NA,"Lo Espejo","Lo Espejo"
2004,"Concejales","13117","LO PRADO",0.791919191919192,60,66.6666666666667,1,NA,"Lo Prado","Lo Prado"
2004,"Concejales","06304","LOLOL",0.873737373737374,66.6666666666667,83.3333333333333,1,NA,"Lolol","Lolol"
2004,"Concejales","09109","LONCOCHE",0.790174471992654,45.4545454545455,83.3333333333333,1,NA,"Loncoche","Loncoche"
2004,"Concejales","07403","LONGAVI",0.739393939393939,46.6666666666667,66.6666666666667,1,NA,"Longaví","Longaví"
2004,"Concejales","09205","LONQUIMAY",0.671277997364954,43.4782608695652,50,1,NA,"Lonquimay","Lonquimay"
2004,"Concejales","08206","LOS ALAMOS",0.859914938862307,63.1578947368421,83.3333333333333,1,NA,"Los Alamos","Los Alamos"
2004,"Concejales","05301","LOS ANDES",0.754901960784314,64.7058823529412,50,1,NA,"Los Andes","Los Andes"
2004,"Concejales","08301","LOS ANGELES",0.804292929292929,66.6666666666667,62.5,1,NA,"Los Angeles","Los Angeles"
2004,"Concejales","14104","LOS LAGOS",0.732828282828283,45,66.6666666666667,1,NA,"Los Lagos","Los Lagos"
2004,"Concejales","10106","LOS MUERMOS",0.801767676767677,62.5,66.6666666666667,1,NA,"Los Muermos","Los Muermos"
2004,"Concejales","09206","LOS SAUCES",0.912878787878788,62.5,100,1,NA,"Los Sauces","Los Sauces"
2004,"Concejales","04203","LOS VILOS",0.801767676767677,62.5,66.6666666666667,1,NA,"Los Vilos","Los Vilos"
2004,"Concejales","08106","LOTA",0.815959595959596,52,83.3333333333333,1,NA,"Lota","Lota"
2004,"Concejales","09207","LUMACO",0.66955266955267,57.1428571428571,33.3333333333333,1,NA,"Lumaco","Lumaco"
2004,"Concejales","06108","MACHALI",0.775757575757576,70,50,1,NA,"Machalí","Machalí"
2004,"Concejales","13118","MACUL",0.906565656565657,75,83.3333333333333,1,NA,"Macul","Macul"
2004,"Concejales","14105","MAFIL",0.808802308802309,64.2857142857143,66.6666666666667,1,NA,"Máfil","Máfil"
2004,"Concejales","13119","MAIPU",0.797727272727273,65,62.5,1,NA,"Maipú","Maipú"
2004,"Concejales","06109","MALLOA",0.721424774056353,42.1052631578947,66.6666666666667,1,NA,"Malloa","Malloa"
2004,"Concejales","06204","MARCHIHUE",0.892496392496393,71.4285714285714,83.3333333333333,1,NA,"Marchihue","Marchihue"
2004,"Concejales","02302","MARIA ELENA",0.626262626262626,46.1538461538462,33.3333333333333,1,NA,"María Elena","María Elena"
2004,"Concejales","13504","MARIA PINTO",0.801767676767677,62.5,66.6666666666667,1,NA,"María Pinto","María Pinto"
2004,"Concejales","14106","MARIQUINA",0.828282828282828,69.2307692307692,66.6666666666667,1,NA,"Mariquina","Mariquina"
2004,"Concejales","07105","MAULE",0.748803827751196,63.1578947368421,50,1,NA,"Maule","Maule"
2004,"Concejales","10108","MAULLIN",0.787284610814023,58.8235294117647,66.6666666666667,1,NA,"Maullín","Maullín"
2004,"Concejales","02102","MEJILLONES",0.76526130873957,39.1304347826087,83.3333333333333,1,NA,"Mejillones","Mejillones"
2004,"Concejales","09110","MELIPEUCO",0.857323232323232,62.5,83.3333333333333,1,NA,"Melipeuco","Melipeuco"
2004,"Concejales","13501","MELIPILLA",0.833630421865716,70.5882352941177,66.6666666666667,1,NA,"Melipilla","Melipilla"
2004,"Concejales","07304","MOLINA",0.762892078681552,52.6315789473684,66.6666666666667,1,NA,"Molina","Molina"
2004,"Concejales","04303","MONTE PATRIA",0.796296296296296,61.1111111111111,66.6666666666667,1,NA,"Monte Patria","Monte Patria"
2004,"Concejales","06110","MOSTAZAL",0.696969696969697,50,50,1,NA,"Mostazal","Mostazal"
2004,"Concejales","08305","MULCHEN",0.641414141414141,50,33.3333333333333,1,NA,"Mulchén","Mulchén"
2004,"Concejales","08306","NACIMIENTO",0.83270202020202,56.25,83.3333333333333,1,NA,"Nacimiento","Nacimiento"
2004,"Concejales","06305","NANCAGUA",0.818181818181818,66.6666666666667,66.6666666666667,1,NA,"Nancagua","Nancagua"
2004,"Concejales","12401","NATALES",0.740938799762329,47.0588235294118,66.6666666666667,1,NA,"Natales","Natales"
2004,"Concejales","06205","NAVIDAD",0.818181818181818,66.6666666666667,66.6666666666667,1,NA,"Navidad","Navidad"
2004,"Concejales","08307","NEGRETE",0.685383244206774,47.0588235294118,50,1,NA,"Negrete","Negrete"
2004,"Concejales","16204","NINHUE",0.653000594177065,52.9411764705882,33.3333333333333,1,NA,"Ninhue","Ninhue"
2004,"Concejales","16303","NIQUEN",0.740938799762329,47.0588235294118,66.6666666666667,1,NA,"Ñiquén","Ñiquén"
2004,"Concejales","05506","NOGALES",0.903030303030303,60,100,1,NA,"Nogales","Nogales"
2004,"Concejales","09111","NUEVA IMPERIAL",0.797713981924508,47.3684210526316,83.3333333333333,1,NA,"Nueva Imperial","Nueva Imperial"
2004,"Concejales","13120","NUNOA",0.929407713498623,77.2727272727273,87.5,1,NA,"Ñuñoa","Ñuñoa"
2004,"Concejales","11302","OHIGGINS",0.785353535353535,58.3333333333333,66.6666666666667,1,NA,"O'Higgins","O'Higgins"
2004,"Concejales","06111","OLIVAR",0.740938799762329,47.0588235294118,66.6666666666667,1,NA,"Olivar","Olivar"
2004,"Concejales","02202","OLLAGUE",0.72790404040404,43.75,66.6666666666667,1,NA,"Ollagüe","Ollagüe"
2004,"Concejales","05803","OLMUE",0.873737373737374,66.6666666666667,83.3333333333333,1,NA,"Olmué","Olmué"
2004,"Concejales","10301","OSORNO",0.859090909090909,70,75,1,NA,"Osorno","Osorno"
2004,"Concejales","04301","OVALLE",0.926262626262626,80,83.3333333333333,1,NA,"Ovalle","Ovalle"
2004,"Concejales","13604","PADRE HURTADO",0.783625730994152,57.8947368421053,66.6666666666667,1,NA,"Padre Hurtado","Padre Hurtado"
2004,"Concejales","09112","PADRE LAS CASAS",0.955555555555556,73.3333333333333,100,1,NA,"Padre Las Casas","Padre Las Casas"
2004,"Concejales","04105","PAIGUANO",0.892496392496393,71.4285714285714,83.3333333333333,1,NA,"Paiguano","Paiguano"
2004,"Concejales","14107","PAILLACO",0.668831168831169,42.8571428571429,50,1,NA,"Paillaco","Paillaco"
2004,"Concejales","13404","PAINE",0.819667260843731,52.9411764705882,83.3333333333333,1,NA,"Paine","Paine"
2004,"Concejales","10404","PALENA",0.767676767676768,53.8461538461538,66.6666666666667,1,NA,"Palena","Palena"
2004,"Concejales","06306","PALMILLA",0.628282828282828,46.6666666666667,33.3333333333333,1,NA,"Palmilla","Palmilla"
2004,"Concejales","14108","PANGUIPULLI",0.821212121212121,53.3333333333333,83.3333333333333,1,NA,"Panguipulli","Panguipulli"
2004,"Concejales","05704","PANQUEHUE",0.83270202020202,56.25,83.3333333333333,1,NA,"Panquehue","Panquehue"
2004,"Concejales","05403","PAPUDO",0.780663780663781,57.1428571428571,66.6666666666667,1,NA,"Papudo","Papudo"
2004,"Concejales","06206","PAREDONES",0.857323232323232,62.5,83.3333333333333,1,NA,"Paredones","Paredones"
2004,"Concejales","07404","PARRAL",0.761904761904762,52.3809523809524,66.6666666666667,1,NA,"Parral","Parral"
2004,"Concejales","13121","PEDRO AGUIRRE CERDA",0.85737812911726,69.5652173913043,75,1,NA,"Pedro Aguirre Cerda","Pedro Aguirre Cerda"
2004,"Concejales","07106","PELARCO",0.594516594516595,38.0952380952381,33.3333333333333,1,NA,"Pelarco","Pelarco"
2004,"Concejales","07203","PELLUHUE",0.742158426368953,47.3684210526316,66.6666666666667,1,NA,"Pelluhue","Pelluhue"
2004,"Concejales","16105","PEMUCO",0.66955266955267,57.1428571428571,33.3333333333333,1,NA,"Pemuco","Pemuco"
2004,"Concejales","13605","PENAFLOR",0.810457516339869,64.7058823529412,66.6666666666667,1,NA,"Peñaflor","Peñaflor"
2004,"Concejales","13122","PENALOLEN",0.89520202020202,79.1666666666667,75,1,NA,"Peñalolén","Peñalolén"
2004,"Concejales","07107","PENCAHUE",0.705627705627706,38.0952380952381,66.6666666666667,1,NA,"Pencahue","Pencahue"
2004,"Concejales","08107","PENCO",0.721424774056353,42.1052631578947,66.6666666666667,1,NA,"Penco","Penco"
2004,"Concejales","06307","PERALILLO",0.889185977421272,70.5882352941177,83.3333333333333,1,NA,"Peralillo","Peralillo"
2004,"Concejales","09113","PERQUENCO",0.573706994759626,36.8421052631579,28.5714285714286,1,NA,"Perquenco","Perquenco"
2004,"Concejales","05404","PETORCA",0.889185977421272,70.5882352941177,83.3333333333333,1,NA,"Petorca","Petorca"
2004,"Concejales","06112","PEUMO",0.833630421865716,70.5882352941177,66.6666666666667,1,NA,"Peumo","Peumo"
2004,"Concejales","01405","PICA",0.752525252525252,50,66.6666666666667,1,NA,"Pica","Pica"
2004,"Concejales","06113","PICHIDEGUA",0.732828282828283,45,66.6666666666667,1,NA,"Pichidegua","Pichidegua"
2004,"Concejales","06201","PICHILEMU",0.778216952129996,56.5217391304348,66.6666666666667,1,NA,"Pichilemu","Pichilemu"
2004,"Concejales","16106","PINTO",0.734618916437098,45.4545454545455,66.6666666666667,1,NA,"Pinto","Pinto"
2004,"Concejales","13202","PIRQUE",0.808080808080808,50,83.3333333333333,1,NA,"Pirque","Pirque"
2004,"Concejales","09114","PITRUFQUEN",0.657575757575758,40,50,1,NA,"Pitrufquén","Pitrufquén"
2004,"Concejales","06308","PLACILLA",0.912358882947118,76.4705882352941,83.3333333333333,1,NA,"Placilla","Placilla"
2004,"Concejales","16205","PORTEZUELO",0.836219336219336,57.1428571428571,83.3333333333333,1,NA,"Portezuelo","Portezuelo"
2004,"Concejales","12301","PORVENIR",0.836940836940837,71.4285714285714,66.6666666666667,1,NA,"Porvenir","Porvenir"
2004,"Concejales","01401","POZO ALMONTE",0.815375982042649,51.8518518518518,83.3333333333333,1,NA,"Pozo Almonte","Pozo Almonte"
2004,"Concejales","12302","PRIMAVERA",0.731729055258467,58.8235294117647,50,1,NA,"Primavera","Primavera"
2004,"Concejales","13123","PROVIDENCIA",0.762626262626263,66.6666666666667,50,1,NA,"Providencia","Providencia"
2004,"Concejales","05105","PUCHUNCAVI",0.623106060606061,31.25,50,1,NA,"Puchuncaví","Puchuncaví"
2004,"Concejales","09115","PUCON",0.713131313131313,40,66.6666666666667,1,NA,"Pucón","Pucón"
2004,"Concejales","13124","PUDAHUEL",0.878787878787879,75,75,1,NA,"Pudahuel","Pudahuel"
2004,"Concejales","13201","PUENTE ALTO",0.89520202020202,79.1666666666667,75,1,NA,"Puente Alto","Puente Alto"
2004,"Concejales","10101","PUERTO MONTT",0.911501377410468,72.7272727272727,87.5,1,NA,"Puerto Montt","Puerto Montt"
2004,"Concejales","10302","PUERTO OCTAY",0.9,73.3333333333333,83.3333333333333,1,NA,"Puerto Octay","Puerto Octay"
2004,"Concejales","10109","PUERTO VARAS",0.777146464646465,56.25,66.6666666666667,1,NA,"Puerto Varas","Puerto Varas"
2004,"Concejales","06309","PUMANQUE",0.819667260843731,52.9411764705882,83.3333333333333,1,NA,"Pumanque","Pumanque"
2004,"Concejales","04304","PUNITAQUI",0.851851851851852,61.1111111111111,83.3333333333333,1,NA,"Punitaqui","Punitaqui"
2004,"Concejales","12101","PUNTA ARENAS",0.845959595959596,66.6666666666667,75,1,NA,"Punta Arenas","Punta Arenas"
2004,"Concejales","10206","PUQUELDON",0.752525252525252,50,66.6666666666667,1,NA,"Puqueldón","Puqueldón"
2004,"Concejales","09208","PUREN",0.742424242424243,61.5384615384615,50,1,NA,"Purén","Purén"
2004,"Concejales","10303","PURRANQUE",0.864357864357864,64.2857142857143,83.3333333333333,1,NA,"Purranque","Purranque"
2004,"Concejales","05705","PUTAENDO",0.836219336219336,57.1428571428571,83.3333333333333,1,NA,"Putaendo","Putaendo"
2004,"Concejales","15201","PUTRE",0.681818181818182,46.1538461538462,50,1,NA,"Putre","Putre"
2004,"Concejales","10304","PUYEHUE",0.767676767676768,53.8461538461538,66.6666666666667,1,NA,"Puyehue","Puyehue"
2004,"Concejales","10207","QUEILEN",0.873737373737374,66.6666666666667,83.3333333333333,1,NA,"Queilén","Queilén"
2004,"Concejales","10208","QUELLON",0.842840166369578,58.8235294117647,83.3333333333333,1,NA,"Quellón","Quellón"
2004,"Concejales","10209","QUEMCHI",0.742158426368953,47.3684210526316,66.6666666666667,1,NA,"Quemchi","Quemchi"
2004,"Concejales","08308","QUILACO",0.853535353535353,61.5384615384615,83.3333333333333,1,NA,"Quilaco","Quilaco"
2004,"Concejales","13125","QUILICURA",0.825987144168962,54.5454545454545,83.3333333333333,1,NA,"Quilicura","Quilicura"
2004,"Concejales","08309","QUILLECO",0.847474747474747,60,83.3333333333333,1,NA,"Quilleco","Quilleco"
2004,"Concejales","16107","QUILLON",0.752525252525252,50,66.6666666666667,1,NA,"Quillón","Quillón"
2004,"Concejales","05501","QUILLOTA",0.826388888888889,68.75,66.6666666666667,1,NA,"Quillota","Quillota"
2004,"Concejales","05801","QUILPUE",0.717765894236483,41.1764705882353,66.6666666666667,1,NA,"Quilpué","Quilpué"
2004,"Concejales","10210","QUINCHAO",0.842056932966024,72.7272727272727,66.6666666666667,1,NA,"Quinchao","Quinchao"
2004,"Concejales","06114","QUINTA DE TILCOCO",0.791919191919192,60,66.6666666666667,1,NA,"Quinta de Tilcoco","Quinta de Tilcoco"
2004,"Concejales","13126","QUINTA NORMAL",0.931186868686869,81.25,83.3333333333333,1,NA,"Quinta Normal","Quinta Normal"
2004,"Concejales","05107","QUINTERO",0.839181286549708,57.8947368421053,83.3333333333333,1,NA,"Quintero","Quintero"
2004,"Concejales","16201","QUIRIHUE",0.796494355317885,47.0588235294118,83.3333333333333,1,NA,"Quirihue","Quirihue"
2004,"Concejales","06101","RANCAGUA",0.784090909090909,61.5384615384615,62.5,1,NA,"Rancagua","Rancagua"
2004,"Concejales","16206","RANQUIL",0.892496392496393,71.4285714285714,83.3333333333333,1,NA,"Ranquil","Ranquil"
2004,"Concejales","07305","RAUCO",0.70855614973262,52.9411764705882,50,1,NA,"Rauco","Rauco"
2004,"Concejales","13127","RECOLETA",0.804292929292929,66.6666666666667,62.5,1,NA,"Recoleta","Recoleta"
2004,"Concejales","09209","RENAICO",0.875222816399287,52.9411764705882,100,1,NA,"Renaico","Renaico"
2004,"Concejales","13128","RENCA",0.795454545454545,75,50,1,NA,"Renca","Renca"
2004,"Concejales","06115","RENGO",0.898395721925134,58.8235294117647,100,1,NA,"Rengo","Rengo"
2004,"Concejales","06116","REQUINOA",0.791919191919192,60,66.6666666666667,1,NA,"Requínoa","Requínoa"
2004,"Concejales","07405","RETIRO",0.765656565656566,53.3333333333333,66.6666666666667,1,NA,"Retiro","Retiro"
2004,"Concejales","05303","RINCONADA",0.801247771836007,76.4705882352941,50,1,NA,"Rinconada","Rinconada"
2004,"Concejales","14204","RIO BUENO",0.791919191919192,60,66.6666666666667,1,NA,"Río Bueno","Río Bueno"
2004,"Concejales","07108","RIO CLARO",0.764111705288176,52.9411764705882,66.6666666666667,1,NA,"Río Claro","Río Claro"
2004,"Concejales","04305","RIO HURTADO",0.883838383838384,69.2307692307692,83.3333333333333,1,NA,"Río Hurtado","Río Hurtado"
2004,"Concejales","11402","RIO IBANEZ",0.725108225108225,57.1428571428571,50,1,NA,"Río Ibáñez","Río Ibáñez"
2004,"Concejales","10305","RIO NEGRO",0.665869218500797,42.1052631578947,50,1,NA,"Río Negro","Río Negro"
2004,"Concejales","12103","RIO VERDE",0.674242424242424,58.3333333333333,33.3333333333333,1,NA,"Río Verde","Río Verde"
2004,"Concejales","07306","ROMERAL",0.83270202020202,56.25,83.3333333333333,1,NA,"Romeral","Romeral"
2004,"Concejales","09116","SAAVEDRA",0.724386724386724,42.8571428571429,66.6666666666667,1,NA,"Saavedra","Saavedra"
2004,"Concejales","07307","SAGRADA FAMILIA",0.796494355317885,47.0588235294118,83.3333333333333,1,NA,"Sagrada Familia","Sagrada Familia"
2004,"Concejales","04204","SALAMANCA",0.818447634237108,52.6315789473684,83.3333333333333,1,NA,"Salamanca","Salamanca"
2004,"Concejales","05601","SAN ANTONIO",0.796296296296296,61.1111111111111,66.6666666666667,1,NA,"San Antonio","San Antonio"
2004,"Concejales","13401","SAN BERNARDO",0.89520202020202,79.1666666666667,75,1,NA,"San Bernardo","San Bernardo"
2004,"Concejales","16301","SAN CARLOS",0.774410774410774,55.5555555555556,66.6666666666667,1,NA,"San Carlos","San Carlos"
2004,"Concejales","07109","SAN CLEMENTE",0.936204146730462,68.4210526315789,100,1,NA,"San Clemente","San Clemente"
2004,"Concejales","05304","SAN ESTEBAN",0.810457516339869,64.7058823529412,66.6666666666667,1,NA,"San Esteban","San Esteban"
2004,"Concejales","16304","SAN FABIAN",0.873737373737374,66.6666666666667,83.3333333333333,1,NA,"San Fabián","San Fabián"
2004,"Concejales","05701","SAN FELIPE",0.804359383306752,63.1578947368421,66.6666666666667,1,NA,"San Felipe","San Felipe"
2004,"Concejales","06301","SAN FERNANDO",0.804359383306752,63.1578947368421,66.6666666666667,1,NA,"San Fernando","San Fernando"
2004,"Concejales","12104","SAN GREGORIO",0.825093035619351,68.4210526315789,66.6666666666667,1,NA,"San Gregorio","San Gregorio"
2004,"Concejales","16108","SAN IGNACIO",0.803030303030303,76.9230769230769,50,1,NA,"San Ignacio","San Ignacio"
2004,"Concejales","07406","SAN JAVIER",0.881944444444445,68.75,83.3333333333333,1,NA,"San Javier","San Javier"
2004,"Concejales","13129","SAN JOAQUIN",0.917508417508417,77.7777777777778,83.3333333333333,1,NA,"San Joaquín","San Joaquín"
2004,"Concejales","13203","SAN JOSE DE MAIPO",0.92156862745098,64.7058823529412,100,1,NA,"San José de Maipo","San José de Maipo"
2004,"Concejales","10306","SAN JUAN DE LA COSTA",0.707336523125997,52.6315789473684,50,1,NA,"San Juan de la Costa","San Juan de la Costa"
2004,"Concejales","13130","SAN MIGUEL",0.826388888888889,68.75,66.6666666666667,1,NA,"San Miguel","San Miguel"
2004,"Concejales","16305","SAN NICOLAS",0.791919191919192,60,66.6666666666667,1,NA,"San Nicolás","San Nicolás"
2004,"Concejales","10307","SAN PABLO",0.742424242424243,61.5384615384615,50,1,NA,"San Pablo","San Pablo"
2004,"Concejales","13505","SAN PEDRO",0.742158426368953,47.3684210526316,66.6666666666667,1,NA,"San Pedro","San Pedro"
2004,"Concejales","02203","SAN PEDRO DE ATACAMA",0.808080808080808,50,83.3333333333333,1,NA,"San Pedro de Atacama","San Pedro de Atacama"
2004,"Concejales","08108","SAN PEDRO DE LA PAZ",0.880648591174907,68.4210526315789,83.3333333333333,1,NA,"San Pedro de la Paz","San Pedro de la Paz"
2004,"Concejales","07110","SAN RAFAEL",0.948051948051948,71.4285714285714,100,1,NA,"San Rafael","San Rafael"
2004,"Concejales","13131","SAN RAMON",0.84006734006734,72.2222222222222,66.6666666666667,1,NA,"San Ramón","San Ramón"
2004,"Concejales","08310","SAN ROSENDO",0.96969696969697,76.9230769230769,100,1,NA,"San Rosendo","San Rosendo"
2004,"Concejales","06117","SAN VICENTE",0.866013071895425,64.7058823529412,83.3333333333333,1,NA,"San Vicente","San Vicente"
2004,"Concejales","08311","SANTA BARBARA",0.764111705288176,52.9411764705882,66.6666666666667,1,NA,"Santa Bárbara","Santa Bárbara"
2004,"Concejales","06310","SANTA CRUZ",0.804359383306752,63.1578947368421,66.6666666666667,1,NA,"Santa Cruz","Santa Cruz"
2004,"Concejales","08109","SANTA JUANA",0.797979797979798,61.5384615384615,66.6666666666667,1,NA,"Santa Juana","Santa Juana"
2004,"Concejales","05706","SANTA MARIA",0.914141414141414,76.9230769230769,83.3333333333333,1,NA,"Santa María","Santa María"
2004,"Concejales","13101","SANTIAGO",0.795454545454545,75,50,1,NA,"Santiago","Santiago"
2004,"Concejales","05606","SANTO DOMINGO",0.785353535353535,58.3333333333333,66.6666666666667,1,NA,"Santo Domingo","Santo Domingo"
2004,"Concejales","02103","SIERRA GORDA",0.853269537480064,47.3684210526316,100,1,NA,"Sierra Gorda","Sierra Gorda"
2004,"Concejales","13601","TALAGANTE",0.825093035619351,68.4210526315789,66.6666666666667,1,NA,"Talagante","Talagante"
2004,"Concejales","07101","TALCA",0.762626262626263,66.6666666666667,50,1,NA,"Talca","Talca"
2004,"Concejales","08110","TALCAHUANO",0.828168044077135,72.7272727272727,62.5,1,NA,"Talcahuano","Talcahuano"
2004,"Concejales","02104","TALTAL",0.833630421865716,70.5882352941177,66.6666666666667,1,NA,"Taltal","Taltal"
2004,"Concejales","09101","TEMUCO",0.91991341991342,64.2857142857143,100,1,NA,"Temuco","Temuco"
2004,"Concejales","07308","TENO",0.777146464646465,56.25,66.6666666666667,1,NA,"Teno","Teno"
2004,"Concejales","09117","TEODORO SCHMIDT",0.716712580348944,40.9090909090909,66.6666666666667,1,NA,"Teodoro Schmidt","Teodoro Schmidt"
2004,"Concejales","03103","TIERRA AMARILLA",0.91991341991342,64.2857142857143,100,1,NA,"Tierra Amarilla","Tierra Amarilla"
2004,"Concejales","13303","TILTIL",0.772222222222222,55,66.6666666666667,1,NA,"Tiltil","Tiltil"
2004,"Concejales","12303","TIMAUKEL",0.818181818181818,66.6666666666667,66.6666666666667,1,NA,"Timaukel","Timaukel"
2004,"Concejales","08207","TIRUA",0.63903743315508,35.2941176470588,50,1,NA,"Tirúa","Tirúa"
2004,"Concejales","02301","TOCOPILLA",0.804359383306752,63.1578947368421,66.6666666666667,1,NA,"Tocopilla","Tocopilla"
2004,"Concejales","09118","TOLTEN",0.847474747474747,60,83.3333333333333,1,NA,"Toltén","Toltén"
2004,"Concejales","08111","TOME",0.867171717171717,65,83.3333333333333,1,NA,"Tomé","Tomé"
2004,"Concejales","12402","TORRES DEL PAINE",0.66955266955267,57.1428571428571,33.3333333333333,1,NA,"Torres del Paine","Torres del Paine"
2004,"Concejales","11303","TORTEL",0.641414141414141,50,33.3333333333333,1,NA,"Tortel","Tortel"
2004,"Concejales","09210","TRAIGUEN",0.686602870813397,47.3684210526316,50,1,NA,"Traiguén","Traiguén"
2004,"Concejales","16207","TREGUACO",0.851851851851852,61.1111111111111,83.3333333333333,1,NA,"Treguaco","Treguaco"
2004,"Concejales","08312","TUCAPEL",0.914141414141414,76.9230769230769,83.3333333333333,1,NA,"Tucapel","Tucapel"
2004,"Concejales","14101","VALDIVIA",0.911501377410468,72.7272727272727,87.5,1,NA,"Valdivia","Valdivia"
2004,"Concejales","03301","VALLENAR",0.866013071895425,64.7058823529412,83.3333333333333,1,NA,"Vallenar","Vallenar"
2004,"Concejales","05101","VALPARAISO",0.833982683982684,67.8571428571429,70,1,NA,"Valparaíso","Valparaíso"
2004,"Concejales","07309","VICHUQUEN",0.810457516339869,64.7058823529412,66.6666666666667,1,NA,"Vichuquén","Vichuquén"
2004,"Concejales","09211","VICTORIA",0.784444444444444,44,83.3333333333333,1,NA,"Victoria","Victoria"
2004,"Concejales","04106","VICUNA",0.844444444444444,73.3333333333333,66.6666666666667,1,NA,"Vicuña","Vicuña"
2004,"Concejales","09119","VILCUN",0.791666666666667,45.8333333333333,83.3333333333333,1,NA,"Vilcún","Vilcún"
2004,"Concejales","07407","VILLA ALEGRE",0.898395721925134,58.8235294117647,100,1,NA,"Villa Alegre","Villa Alegre"
2004,"Concejales","05804","VILLA ALEMANA",0.818181818181818,66.6666666666667,66.6666666666667,1,NA,"Villa Alemana","Villa Alemana"
2004,"Concejales","09120","VILLARRICA",0.776980329611909,42.1052631578947,83.3333333333333,1,NA,"Villarrica","Villarrica"
2004,"Concejales","05109","VINA DEL MAR",0.849494949494949,63.3333333333333,80,1,NA,"Viña del Mar","Viña del Mar"
2004,"Concejales","13132","VITACURA",0.781385281385281,71.4285714285714,50,1,NA,"Vitacura","Vitacura"
2004,"Concejales","07408","YERBAS BUENAS",0.892496392496393,71.4285714285714,83.3333333333333,1,NA,"Yerbas Buenas","Yerbas Buenas"
2004,"Concejales","08313","YUMBEL",0.859914938862307,63.1578947368421,83.3333333333333,1,NA,"Yumbel","Yumbel"
2004,"Concejales","16109","YUNGAY",0.765656565656566,53.3333333333333,66.6666666666667,1,NA,"Yungay","Yungay"
2004,"Concejales","05405","ZAPALLAR",0.681818181818182,46.1538461538462,50,1,NA,"Zapallar","Zapallar"
2008,"Alcaldes","05602","ALGARROBO",0.4,20,0,1,NA,"Algarrobo","Algarrobo"
2008,"Alcaldes","13502","ALHUE",0.5,50,0,1,NA,"Alhué","Alhué"
2008,"Alcaldes","08314","ALTO BIOBIO",0.8,20,100,1,100,"Alto Biobío","Alto Biobío"
2008,"Alcaldes","03302","ALTO DEL CARMEN",0,0,0,0,NA,"Alto del Carmen","Alto del Carmen"
2008,"Alcaldes","01107","ALTO HOSPICIO",0.444444444444444,33.3333333333333,0,1,NA,"Alto Hospicio","Alto Hospicio"
2008,"Alcaldes","10202","ANCUD",0.3,20,0,1,0,"Ancud","Ancud"
2008,"Alcaldes","04103","ANDACOLLO",0.416666666666667,66.6666666666667,0,1,0,"Andacollo","Andacollo"
2008,"Alcaldes","09201","ANGOL",0.375,50,0,1,0,"Angol","Angol"
2008,"Alcaldes","02101","ANTOFAGASTA",0.416666666666667,25,0,1,NA,"Antofagasta","Antofagasta"
2008,"Alcaldes","08302","ANTUCO",0.875,50,100,1,100,"Antuco","Antuco"
2008,"Alcaldes","08202","ARAUCO",0.35,40,0,1,0,"Arauco","Arauco"
2008,"Alcaldes","15101","ARICA",0.5,50,0,1,NA,"Arica","Arica"
2008,"Alcaldes","11201","AYSEN",0.733333333333333,20,100,1,NA,"Aisén","Aisén"
2008,"Alcaldes","13402","BUIN",0.416666666666667,66.6666666666667,0,1,0,"Buin","Buin"
2008,"Alcaldes","16102","BULNES",0.375,50,0,1,0,"Bulnes","Bulnes"
2008,"Alcaldes","05402","CABILDO",0.833333333333333,33.3333333333333,100,1,100,"Cabildo","Cabildo"
2008,"Alcaldes","12201","CABO DE HORNOS",0.8,40,100,1,NA,"Cabo de Hornos","Cabo de Hornos"
2008,"Alcaldes","08303","CABRERO",0.916666666666667,66.6666666666667,100,1,100,"Cabrero","Cabrero"
2008,"Alcaldes","02201","CALAMA",0.4,60,0,1,0,"Calama","Calama"
2008,"Alcaldes","10102","CALBUCO",0.833333333333333,33.3333333333333,100,1,100,"Calbuco","Calbuco"
2008,"Alcaldes","03102","CALDERA",0.875,50,100,1,100,"Caldera","Caldera"
2008,"Alcaldes","05502","CALERA",0.375,50,0,1,0,"Calera","Calera"
2008,"Alcaldes","13403","CALERA DE TANGO",0.5,50,0,1,NA,"Calera de Tango","Calera de Tango"
2008,"Alcaldes","05302","CALLE LARGA",0.833333333333333,50,100,1,NA,"Calle Larga","Calle Larga"
2008,"Alcaldes","15102","CAMARONES",0.466666666666667,40,0,1,NA,"Camarones","Camarones"
2008,"Alcaldes","01402","CAMINA",1,100,100,1,100,"Camiña","Camiña"
2008,"Alcaldes","04202","CANELA",0.3125,25,0,1,0,"Canela","Canela"
2008,"Alcaldes","08203","CANETE",0.5,50,0,1,NA,"Cañete","Cañete"
2008,"Alcaldes","09102","CARAHUE",0.444444444444444,33.3333333333333,0,1,NA,"Carahue","Carahue"
2008,"Alcaldes","05603","CARTAGENA",0,0,0,0,NA,"Cartagena","Cartagena"
2008,"Alcaldes","05102","CASABLANCA",0.875,50,100,1,100,"Casablanca","Casablanca"
2008,"Alcaldes","10201","CASTRO",0.8125,25,100,1,100,"Castro","Castro"
2008,"Alcaldes","05702","CATEMU",1,100,100,1,100,"Catemu","Catemu"
2008,"Alcaldes","07201","CAUQUENES",1,100,100,1,NA,"Cauquenes","Cauquenes"
2008,"Alcaldes","13102","CERRILLOS",1,100,100,1,100,"Cerrillos","Cerrillos"
2008,"Alcaldes","13103","CERRO NAVIA",0.888888888888889,66.6666666666667,100,1,NA,"Cerro Navia","Cerro Navia"
2008,"Alcaldes","10401","CHAITEN",0.416666666666667,25,0,1,NA,"Chaitén","Chaitén"
2008,"Alcaldes","03201","CHANARAL",0.875,50,100,1,100,"Chañaral","Chañaral"
2008,"Alcaldes","07202","CHANCO",0.666666666666667,66.6666666666667,100,1,0,"Chanco","Chanco"
2008,"Alcaldes","06302","CHEPICA",0.375,50,0,1,0,"Chépica","Chépica"
2008,"Alcaldes","08103","CHIGUAYANTE",0.916666666666667,66.6666666666667,100,1,100,"Chiguayante","Chiguayante"
2008,"Alcaldes","11401","CHILE CHICO",0.875,50,100,1,100,"Chile Chico","Chile Chico"
2008,"Alcaldes","16101","CHILLAN",0.555555555555555,66.6666666666667,0,1,NA,"Chillán","Chillán"
2008,"Alcaldes","16103","CHILLAN VIEJO",0.416666666666667,25,0,1,NA,"Chillán Viejo","Chillán Viejo"
2008,"Alcaldes","06303","CHIMBARONGO",0.444444444444444,33.3333333333333,0,1,NA,"Chimbarongo","Chimbarongo"
2008,"Alcaldes","09121","CHOLCHOL",0.375,50,0,1,0,"Cholchol","Cholchol"
2008,"Alcaldes","10203","CHONCHI",1,100,100,1,100,"Chonchi","Chonchi"
2008,"Alcaldes","11202","CISNES",1,100,100,1,100,"Cisnes","Cisnes"
2008,"Alcaldes","16202","COBQUECURA",0.875,50,100,1,100,"Cobquecura","Cobquecura"
2008,"Alcaldes","10103","COCHAMO",0.821428571428571,28.5714285714286,100,1,100,"Cochamó","Cochamó"
2008,"Alcaldes","11301","COCHRANE",0.444444444444444,33.3333333333333,0,1,NA,"Cochrane","Cochrane"
2008,"Alcaldes","06102","CODEGUA",0.833333333333333,50,100,1,NA,"Codegua","Codegua"
2008,"Alcaldes","16203","COELEMU",0.375,50,0,1,0,"Coelemu","Coelemu"
2008,"Alcaldes","11101","COIHAIQUE",0.416666666666667,25,0,1,NA,"Coihaique","Coihaique"
2008,"Alcaldes","16302","COIHUECO",0.875,50,100,1,100,"Coihueco","Coihueco"
2008,"Alcaldes","06103","COINCO",0.916666666666667,66.6666666666667,100,1,100,"Coinco","Coinco"
2008,"Alcaldes","07402","COLBUN",0.444444444444444,33.3333333333333,0,1,NA,"Colbún","Colbún"
2008,"Alcaldes","01403","COLCHANE",0.75,100,100,1,0,"Colchane","Colchane"
2008,"Alcaldes","13301","COLINA",0.4,20,0,1,NA,"Colina","Colina"
2008,"Alcaldes","09202","COLLIPULLI",0.9375,75,100,1,100,"Collipulli","Collipulli"
2008,"Alcaldes","06104","COLTAUCO",0.833333333333333,50,100,1,NA,"Coltauco","Coltauco"
2008,"Alcaldes","04302","COMBARBALA",0.375,12.5,0,1,NA,"Combarbalá","Combarbalá"
2008,"Alcaldes","08101","CONCEPCION",0.444444444444444,33.3333333333333,0,1,NA,"Concepción","Concepción"
2008,"Alcaldes","13104","CONCHALI",0.666666666666667,66.6666666666667,100,1,0,"Conchalí","Conchalí"
2008,"Alcaldes","05103","CONCON",0.416666666666667,25,0,1,NA,"Concón","Concón"
2008,"Alcaldes","07102","CONSTITUCION",0.428571428571429,28.5714285714286,0,1,NA,"Constitución","Constitución"
2008,"Alcaldes","08204","CONTULMO",0.5,50,0,1,NA,"Contulmo","Contulmo"
2008,"Alcaldes","03101","COPIAPO",0.375,50,0,1,0,"Copiapó","Copiapó"
2008,"Alcaldes","04102","COQUIMBO",0.722222222222222,16.6666666666667,100,1,NA,"Coquimbo","Coquimbo"
2008,"Alcaldes","08102","CORONEL",0.333333333333333,33.3333333333333,0,1,0,"Coronel","Coronel"
2008,"Alcaldes","14102","CORRAL",0.375,50,0,1,0,"Corral","Corral"
2008,"Alcaldes","09103","CUNCO",0.5,50,0,1,NA,"Cunco","Cunco"
2008,"Alcaldes","09203","CURACAUTIN",0.444444444444444,33.3333333333333,0,1,NA,"Curacautín","Curacautín"
2008,"Alcaldes","13503","CURACAVI",0.416666666666667,25,0,1,NA,"Curacaví","Curacaví"
2008,"Alcaldes","10204","CURACO DE VELEZ",0.875,50,100,1,100,"Curaco de Vélez","Curaco de Vélez"
2008,"Alcaldes","08205","CURANILAHUE",0.85,40,100,1,100,"Curanilahue","Curanilahue"
2008,"Alcaldes","09104","CURARREHUE",0.6875,75,100,1,0,"Curarrehue","Curarrehue"
2008,"Alcaldes","07103","CUREPTO",1,100,100,1,100,"Curepto","Curepto"
2008,"Alcaldes","07301","CURICO",0.444444444444444,33.3333333333333,0,1,NA,"Curicó","Curicó"
2008,"Alcaldes","10205","DALCAHUE",0.888888888888889,66.6666666666667,100,1,NA,"Dalcahue","Dalcahue"
2008,"Alcaldes","03202","DIEGO DE ALMAGRO",0.875,50,100,1,100,"Diego de Almagro","Diego de Almagro"
2008,"Alcaldes","06105","DONIHUE",0.916666666666667,66.6666666666667,100,1,100,"Doñihue","Doñihue"
2008,"Alcaldes","13105","EL BOSQUE",0.833333333333333,33.3333333333333,100,1,100,"El Bosque","El Bosque"
2008,"Alcaldes","16104","EL CARMEN",0.416666666666667,66.6666666666667,0,1,0,"El Carmen","El Carmen"
2008,"Alcaldes","13602","EL MONTE",0.75,100,100,1,0,"El Monte","El Monte"
2008,"Alcaldes","05604","EL QUISCO",0.75,25,100,1,NA,"El Quisco","El Quisco"
2008,"Alcaldes","05605","EL TABO",0,0,0,0,NA,"El Tabo","El Tabo"
2008,"Alcaldes","07104","EMPEDRADO",0.444444444444444,33.3333333333333,0,1,NA,"Empedrado","Empedrado"
2008,"Alcaldes","09204","ERCILLA",0.35,40,0,1,0,"Ercilla","Ercilla"
2008,"Alcaldes","13106","ESTACION CENTRAL",0.5,50,0,1,NA,"Estación Central","Estación Central"
2008,"Alcaldes","08104","FLORIDA",0.3,20,0,1,0,"Florida","Florida"
2008,"Alcaldes","09105","FREIRE",0.761904761904762,28.5714285714286,100,1,NA,"Freire","Freire"
2008,"Alcaldes","03303","FREIRINA",0.6,40,100,1,0,"Freirina","Freirina"
2008,"Alcaldes","10104","FRESIA",0.75,25,100,1,NA,"Fresia","Fresia"
2008,"Alcaldes","10105","FRUTILLAR",1,100,100,1,100,"Frutillar","Frutillar"
2008,"Alcaldes","10402","FUTALEUFU",0.833333333333333,33.3333333333333,100,1,100,"Futaleufú","Futaleufú"
2008,"Alcaldes","14202","FUTRONO",0.444444444444444,33.3333333333333,0,1,NA,"Futrono","Futrono"
2008,"Alcaldes","09106","GALVARINO",0.9375,75,100,1,100,"Galvarino","Galvarino"
2008,"Alcaldes","15202","GENERAL LAGOS",0.916666666666667,66.6666666666667,100,1,100,"General Lagos","General Lagos"
2008,"Alcaldes","09107","GORBEA",0.416666666666667,25,0,1,NA,"Gorbea","Gorbea"
2008,"Alcaldes","06106","GRANEROS",0.8125,25,100,1,100,"Graneros","Graneros"
2008,"Alcaldes","11203","GUAITECAS",0.916666666666667,66.6666666666667,100,1,100,"Guaitecas","Guaitecas"
2008,"Alcaldes","05503","HIJUELAS",0.444444444444444,33.3333333333333,0,1,NA,"Hijuelas","Hijuelas"
2008,"Alcaldes","10403","HUALAIHUE",0.625,50,100,1,0,"Hualaihué","Hualaihué"
2008,"Alcaldes","07302","HUALANE",0.625,50,100,1,0,"Hualañé","Hualañé"
2008,"Alcaldes","08112","HUALPEN",1,100,100,1,100,"Hualpén","Hualpén"
2008,"Alcaldes","08105","HUALQUI",0.3125,25,0,1,0,"Hualqui","Hualqui"
2008,"Alcaldes","01404","HUARA",0.625,50,100,1,0,"Huara","Huara"
2008,"Alcaldes","03304","HUASCO",0.8,40,100,1,NA,"Huasco","Huasco"
2008,"Alcaldes","13107","HUECHURABA",0.444444444444444,33.3333333333333,0,1,NA,"Huechuraba","Huechuraba"
2008,"Alcaldes","04201","ILLAPEL",0.555555555555555,66.6666666666667,0,1,NA,"Illapel","Illapel"
2008,"Alcaldes","13108","INDEPENDENCIA",0.875,50,100,1,100,"Independencia","Independencia"
2008,"Alcaldes","01101","IQUIQUE",0.416666666666667,25,0,1,NA,"Iquique","Iquique"
2008,"Alcaldes","13603","ISLA DE MAIPO",0.833333333333333,33.3333333333333,100,1,100,"Isla de Maipo","Isla de Maipo"
2008,"Alcaldes","05201","ISLA DE PASCUA",0.833333333333333,50,100,1,NA,"Isla de Pascua","Isla de Pascua"
2008,"Alcaldes","05104","JUAN FERNANDEZ",0.916666666666667,66.6666666666667,100,1,100,"Juan Fernández","Juan Fernández"
2008,"Alcaldes","13109","LA CISTERNA",0.875,50,100,1,100,"La Cisterna","La Cisterna"
2008,"Alcaldes","05504","LA CRUZ",0.444444444444444,33.3333333333333,0,1,NA,"La Cruz","La Cruz"
2008,"Alcaldes","06202","LA ESTRELLA",0.555555555555555,66.6666666666667,0,1,NA,"La Estrella","La Estrella"
2008,"Alcaldes","13110","LA FLORIDA",0.833333333333333,50,100,1,NA,"La Florida","La Florida"
2008,"Alcaldes","13111","LA GRANJA",0.833333333333333,33.3333333333333,100,1,100,"La Granja","La Granja"
2008,"Alcaldes","04104","LA HIGUERA",0.777777777777778,33.3333333333333,100,1,NA,"La Higuera","La Higuera"
2008,"Alcaldes","05401","LA LIGUA",0.8,40,100,1,NA,"La Ligua","La Ligua"
2008,"Alcaldes","13112","LA PINTANA",0.916666666666667,66.6666666666667,100,1,100,"La Pintana","La Pintana"
2008,"Alcaldes","13113","LA REINA",0.9375,75,100,1,100,"La Reina","La Reina"
2008,"Alcaldes","04101","LA SERENA",0.875,50,100,1,100,"La Serena","La Serena"
2008,"Alcaldes","14201","LA UNION",0,0,0,0,NA,"La Unión","La Unión"
2008,"Alcaldes","14203","LAGO RANCO",0.875,50,100,1,100,"Lago Ranco","Lago Ranco"
2008,"Alcaldes","11102","LAGO VERDE",0.916666666666667,66.6666666666667,100,1,100,"Lago Verde","Lago Verde"
2008,"Alcaldes","12102","LAGUNA BLANCA",0.444444444444444,33.3333333333333,0,1,NA,"Laguna Blanca","Laguna Blanca"
2008,"Alcaldes","08304","LAJA",0.375,50,0,1,0,"Laja","Laja"
2008,"Alcaldes","13302","LAMPA",0.666666666666667,66.6666666666667,100,1,0,"Lampa","Lampa"
2008,"Alcaldes","14103","LANCO",0.875,50,100,1,100,"Lanco","Lanco"
2008,"Alcaldes","06107","LAS CABRAS",0.416666666666667,25,0,1,NA,"Las Cabras","Las Cabras"
2008,"Alcaldes","13114","LAS CONDES",0.555555555555555,66.6666666666667,0,1,NA,"Las Condes","Las Condes"
2008,"Alcaldes","09108","LAUTARO",0.875,50,100,1,100,"Lautaro","Lautaro"
2008,"Alcaldes","08201","LEBU",0.833333333333333,33.3333333333333,100,1,100,"Lebu","Lebu"
2008,"Alcaldes","07303","LICANTEN",0.375,50,0,1,0,"Licantén","Licantén"
2008,"Alcaldes","05802","LIMACHE",0.416666666666667,66.6666666666667,0,1,0,"Limache","Limache"
2008,"Alcaldes","07401","LINARES",0.375,50,0,1,0,"Linares","Linares"
2008,"Alcaldes","06203","LITUECHE",0.875,50,100,1,100,"Litueche","Litueche"
2008,"Alcaldes","05703","LLAILLAY",0.875,50,100,1,100,"Llaillay","Llaillay"
2008,"Alcaldes","10107","LLANQUIHUE",0.5,50,0,1,NA,"Llanquihue","Llanquihue"
2008,"Alcaldes","13115","LO BARNECHEA",0.833333333333333,50,100,1,NA,"Lo Barnechea","Lo Barnechea"
2008,"Alcaldes","13116","LO ESPEJO",0.875,50,100,1,100,"Lo Espejo","Lo Espejo"
2008,"Alcaldes","13117","LO PRADO",1,100,100,1,100,"Lo Prado","Lo Prado"
2008,"Alcaldes","06304","LOLOL",0.416666666666667,66.6666666666667,0,1,0,"Lolol","Lolol"
2008,"Alcaldes","09109","LONCOCHE",0.875,50,100,1,100,"Loncoche","Loncoche"
2008,"Alcaldes","07403","LONGAVI",0.333333333333333,33.3333333333333,0,1,0,"Longaví","Longaví"
2008,"Alcaldes","09205","LONQUIMAY",0.875,50,100,1,100,"Lonquimay","Lonquimay"
2008,"Alcaldes","08206","LOS ALAMOS",0.916666666666667,66.6666666666667,100,1,100,"Los Alamos","Los Alamos"
2008,"Alcaldes","05301","LOS ANDES",0.833333333333333,50,100,1,NA,"Los Andes","Los Andes"
2008,"Alcaldes","08301","LOS ANGELES",0,0,0,0,NA,"Los Angeles","Los Angeles"
2008,"Alcaldes","14104","LOS LAGOS",0.3,20,0,1,0,"Los Lagos","Los Lagos"
2008,"Alcaldes","10106","LOS MUERMOS",0,0,0,0,NA,"Los Muermos","Los Muermos"
2008,"Alcaldes","09206","LOS SAUCES",0.833333333333333,33.3333333333333,100,1,100,"Los Sauces","Los Sauces"
2008,"Alcaldes","04203","LOS VILOS",0.777777777777778,33.3333333333333,100,1,NA,"Los Vilos","Los Vilos"
2008,"Alcaldes","08106","LOTA",0.35,40,0,1,0,"Lota","Lota"
2008,"Alcaldes","09207","LUMACO",0.875,50,100,1,100,"Lumaco","Lumaco"
2008,"Alcaldes","06108","MACHALI",0.466666666666667,40,0,1,NA,"Machalí","Machalí"
2008,"Alcaldes","13118","MACUL",0.916666666666667,66.6666666666667,100,1,100,"Macul","Macul"
2008,"Alcaldes","14105","MAFIL",0.3125,25,0,1,0,"Máfil","Máfil"
2008,"Alcaldes","13119","MAIPU",0.916666666666667,66.6666666666667,100,1,100,"Maipú","Maipú"
2008,"Alcaldes","06109","MALLOA",0.777777777777778,33.3333333333333,100,1,NA,"Malloa","Malloa"
2008,"Alcaldes","06204","MARCHIHUE",0.444444444444444,33.3333333333333,0,1,NA,"Marchihue","Marchihue"
2008,"Alcaldes","02302","MARIA ELENA",0.75,25,100,1,NA,"María Elena","María Elena"
2008,"Alcaldes","13504","MARIA PINTO",0.444444444444444,33.3333333333333,0,1,NA,"María Pinto","María Pinto"
2008,"Alcaldes","14106","MARIQUINA",0.75,100,100,1,0,"Mariquina","Mariquina"
2008,"Alcaldes","07105","MAULE",0,0,0,0,NA,"Maule","Maule"
2008,"Alcaldes","10108","MAULLIN",0.916666666666667,66.6666666666667,100,1,100,"Maullín","Maullín"
2008,"Alcaldes","02102","MEJILLONES",0.916666666666667,66.6666666666667,100,1,100,"Mejillones","Mejillones"
2008,"Alcaldes","09110","MELIPEUCO",0.4,20,0,1,NA,"Melipeuco","Melipeuco"
2008,"Alcaldes","13501","MELIPILLA",0.777777777777778,33.3333333333333,100,1,NA,"Melipilla","Melipilla"
2008,"Alcaldes","07304","MOLINA",0.333333333333333,33.3333333333333,0,1,0,"Molina","Molina"
2008,"Alcaldes","04303","MONTE PATRIA",0.875,50,100,1,100,"Monte Patria","Monte Patria"
2008,"Alcaldes","06110","MOSTAZAL",0.333333333333333,33.3333333333333,0,1,0,"Mostazal","Mostazal"
2008,"Alcaldes","08305","MULCHEN",0.444444444444444,33.3333333333333,0,1,NA,"Mulchén","Mulchén"
2008,"Alcaldes","08306","NACIMIENTO",0.916666666666667,66.6666666666667,100,1,100,"Nacimiento","Nacimiento"
2008,"Alcaldes","06305","NANCAGUA",0.8,20,100,1,100,"Nancagua","Nancagua"
2008,"Alcaldes","12401","NATALES",0.444444444444444,33.3333333333333,0,1,NA,"Natales","Natales"
2008,"Alcaldes","06205","NAVIDAD",0.833333333333333,33.3333333333333,100,1,100,"Navidad","Navidad"
2008,"Alcaldes","08307","NEGRETE",0.833333333333333,33.3333333333333,100,1,100,"Negrete","Negrete"
2008,"Alcaldes","16204","NINHUE",0.833333333333333,50,100,1,NA,"Ninhue","Ninhue"
2008,"Alcaldes","16303","NIQUEN",0.875,50,100,1,100,"Ñiquén","Ñiquén"
2008,"Alcaldes","05506","NOGALES",0.916666666666667,66.6666666666667,100,1,100,"Nogales","Nogales"
2008,"Alcaldes","09111","NUEVA IMPERIAL",0.833333333333333,33.3333333333333,100,1,100,"Nueva Imperial","Nueva Imperial"
2008,"Alcaldes","13120","NUNOA",1,100,100,1,100,"Ñuñoa","Ñuñoa"
2008,"Alcaldes","11302","OHIGGINS",0.833333333333333,33.3333333333333,100,1,100,"O'Higgins","O'Higgins"
2008,"Alcaldes","06111","OLIVAR",0.5,50,0,1,NA,"Olivar","Olivar"
2008,"Alcaldes","02202","OLLAGUE",0.833333333333333,50,100,1,NA,"Ollagüe","Ollagüe"
2008,"Alcaldes","05803","OLMUE",0.916666666666667,66.6666666666667,100,1,100,"Olmué","Olmué"
2008,"Alcaldes","10301","OSORNO",0.777777777777778,33.3333333333333,100,1,NA,"Osorno","Osorno"
2008,"Alcaldes","04301","OVALLE",0.8125,25,100,1,100,"Ovalle","Ovalle"
2008,"Alcaldes","13604","PADRE HURTADO",0.8,40,100,1,NA,"Padre Hurtado","Padre Hurtado"
2008,"Alcaldes","09112","PADRE LAS CASAS",0.866666666666667,60,100,1,NA,"Padre Las Casas","Padre Las Casas"
2008,"Alcaldes","04105","PAIGUANO",0.875,50,100,1,100,"Paiguano","Paiguano"
2008,"Alcaldes","14107","PAILLACO",0.888888888888889,66.6666666666667,100,1,NA,"Paillaco","Paillaco"
2008,"Alcaldes","13404","PAINE",0.666666666666667,66.6666666666667,100,1,0,"Paine","Paine"
2008,"Alcaldes","10404","PALENA",0.6,40,100,1,0,"Palena","Palena"
2008,"Alcaldes","06306","PALMILLA",0.875,50,100,1,100,"Palmilla","Palmilla"
2008,"Alcaldes","14108","PANGUIPULLI",0.416666666666667,25,0,1,NA,"Panguipulli","Panguipulli"
2008,"Alcaldes","05704","PANQUEHUE",0.416666666666667,25,0,1,NA,"Panquehue","Panquehue"
2008,"Alcaldes","05403","PAPUDO",0.875,50,100,1,100,"Papudo","Papudo"
2008,"Alcaldes","06206","PAREDONES",0.875,50,100,1,100,"Paredones","Paredones"
2008,"Alcaldes","07404","PARRAL",0.916666666666667,66.6666666666667,100,1,100,"Parral","Parral"
2008,"Alcaldes","13121","PEDRO AGUIRRE CERDA",0.833333333333333,50,100,1,NA,"Pedro Aguirre Cerda","Pedro Aguirre Cerda"
2008,"Alcaldes","07106","PELARCO",0,0,0,0,NA,"Pelarco","Pelarco"
2008,"Alcaldes","07203","PELLUHUE",0.916666666666667,66.6666666666667,100,1,100,"Pelluhue","Pelluhue"
2008,"Alcaldes","16105","PEMUCO",0.733333333333333,20,100,1,NA,"Pemuco","Pemuco"
2008,"Alcaldes","13605","PENAFLOR",0.555555555555555,66.6666666666667,0,1,NA,"Peñaflor","Peñaflor"
2008,"Alcaldes","13122","PENALOLEN",0.916666666666667,66.6666666666667,100,1,100,"Peñalolén","Peñalolén"
2008,"Alcaldes","07107","PENCAHUE",0.75,100,100,1,0,"Pencahue","Pencahue"
2008,"Alcaldes","08107","PENCO",0.4,20,0,1,NA,"Penco","Penco"
2008,"Alcaldes","06307","PERALILLO",0.333333333333333,33.3333333333333,0,1,0,"Peralillo","Peralillo"
2008,"Alcaldes","09113","PERQUENCO",0.875,50,100,1,100,"Perquenco","Perquenco"
2008,"Alcaldes","05404","PETORCA",0.35,40,0,1,0,"Petorca","Petorca"
2008,"Alcaldes","06112","PEUMO",0.388888888888889,16.6666666666667,0,1,NA,"Peumo","Peumo"
2008,"Alcaldes","01405","PICA",0.444444444444444,33.3333333333333,0,1,NA,"Pica","Pica"
2008,"Alcaldes","06113","PICHIDEGUA",0.777777777777778,33.3333333333333,100,1,NA,"Pichidegua","Pichidegua"
2008,"Alcaldes","06201","PICHILEMU",0.466666666666667,40,0,1,NA,"Pichilemu","Pichilemu"
2008,"Alcaldes","16106","PINTO",0,0,0,0,NA,"Pinto","Pinto"
2008,"Alcaldes","13202","PIRQUE",0.375,50,0,1,0,"Pirque","Pirque"
2008,"Alcaldes","09114","PITRUFQUEN",0,0,0,0,NA,"Pitrufquén","Pitrufquén"
2008,"Alcaldes","06308","PLACILLA",0.375,50,0,1,0,"Placilla","Placilla"
2008,"Alcaldes","16205","PORTEZUELO",0.875,50,100,1,100,"Portezuelo","Portezuelo"
2008,"Alcaldes","12301","PORVENIR",0.3125,25,0,1,0,"Porvenir","Porvenir"
2008,"Alcaldes","01401","POZO ALMONTE",0.875,50,100,1,100,"Pozo Almonte","Pozo Almonte"
2008,"Alcaldes","12302","PRIMAVERA",0.5,50,0,1,NA,"Primavera","Primavera"
2008,"Alcaldes","13123","PROVIDENCIA",0.555555555555555,66.6666666666667,0,1,NA,"Providencia","Providencia"
2008,"Alcaldes","05105","PUCHUNCAVI",0,0,0,0,NA,"Puchuncaví","Puchuncaví"
2008,"Alcaldes","09115","PUCON",0.888888888888889,66.6666666666667,100,1,NA,"Pucón","Pucón"
2008,"Alcaldes","13124","PUDAHUEL",0.833333333333333,33.3333333333333,100,1,100,"Pudahuel","Pudahuel"
2008,"Alcaldes","13201","PUENTE ALTO",0.916666666666667,66.6666666666667,100,1,100,"Puente Alto","Puente Alto"
2008,"Alcaldes","10101","PUERTO MONTT",0.916666666666667,66.6666666666667,100,1,100,"Puerto Montt","Puerto Montt"
2008,"Alcaldes","10302","PUERTO OCTAY",0.875,50,100,1,100,"Puerto Octay","Puerto Octay"
2008,"Alcaldes","10109","PUERTO VARAS",0.5,50,0,1,NA,"Puerto Varas","Puerto Varas"
2008,"Alcaldes","06309","PUMANQUE",0.444444444444444,33.3333333333333,0,1,NA,"Pumanque","Pumanque"
2008,"Alcaldes","04304","PUNITAQUI",0.380952380952381,14.2857142857143,0,1,NA,"Punitaqui","Punitaqui"
2008,"Alcaldes","12101","PUNTA ARENAS",0.35,40,0,1,0,"Punta Arenas","Punta Arenas"
2008,"Alcaldes","10206","PUQUELDON",0.333333333333333,33.3333333333333,0,1,0,"Puqueldón","Puqueldón"
2008,"Alcaldes","09208","PUREN",0.833333333333333,33.3333333333333,100,1,100,"Purén","Purén"
2008,"Alcaldes","10303","PURRANQUE",0.833333333333333,33.3333333333333,100,1,100,"Purranque","Purranque"
2008,"Alcaldes","05705","PUTAENDO",0.75,100,100,1,0,"Putaendo","Putaendo"
2008,"Alcaldes","15201","PUTRE",0.833333333333333,50,100,1,NA,"Putre","Putre"
2008,"Alcaldes","10304","PUYEHUE",0.444444444444444,33.3333333333333,0,1,NA,"Puyehue","Puyehue"
2008,"Alcaldes","10207","QUEILEN",1,100,100,1,100,"Queilén","Queilén"
2008,"Alcaldes","10208","QUELLON",0.888888888888889,66.6666666666667,100,1,NA,"Quellón","Quellón"
2008,"Alcaldes","10209","QUEMCHI",0,0,0,0,NA,"Quemchi","Quemchi"
2008,"Alcaldes","08308","QUILACO",0.285714285714286,14.2857142857143,0,1,0,"Quilaco","Quilaco"
2008,"Alcaldes","13125","QUILICURA",0.5,50,0,1,NA,"Quilicura","Quilicura"
2008,"Alcaldes","08309","QUILLECO",0.3,20,0,1,0,"Quilleco","Quilleco"
2008,"Alcaldes","16107","QUILLON",1,100,100,1,100,"Quillón","Quillón"
2008,"Alcaldes","05501","QUILLOTA",0.8125,25,100,1,100,"Quillota","Quillota"
2008,"Alcaldes","05801","QUILPUE",0.9375,75,100,1,100,"Quilpué","Quilpué"
2008,"Alcaldes","10210","QUINCHAO",0.5,50,0,1,NA,"Quinchao","Quinchao"
2008,"Alcaldes","06114","QUINTA DE TILCOCO",1,100,100,1,100,"Quinta de Tilcoco","Quinta de Tilcoco"
2008,"Alcaldes","13126","QUINTA NORMAL",0.916666666666667,66.6666666666667,100,1,100,"Quinta Normal","Quinta Normal"
2008,"Alcaldes","05107","QUINTERO",0.388888888888889,16.6666666666667,0,1,NA,"Quintero","Quintero"
2008,"Alcaldes","16201","QUIRIHUE",0.833333333333333,50,100,1,NA,"Quirihue","Quirihue"
2008,"Alcaldes","06101","RANCAGUA",0.375,50,0,1,0,"Rancagua","Rancagua"
2008,"Alcaldes","16206","RANQUIL",0.444444444444444,33.3333333333333,0,1,NA,"Ranquil","Ranquil"
2008,"Alcaldes","07305","RAUCO",0.875,50,100,1,100,"Rauco","Rauco"
2008,"Alcaldes","13127","RECOLETA",0.555555555555555,66.6666666666667,0,1,NA,"Recoleta","Recoleta"
2008,"Alcaldes","09209","RENAICO",0.476190476190476,42.8571428571429,0,1,NA,"Renaico","Renaico"
2008,"Alcaldes","13128","RENCA",0.555555555555555,66.6666666666667,0,1,NA,"Renca","Renca"
2008,"Alcaldes","06115","RENGO",0.833333333333333,50,100,1,NA,"Rengo","Rengo"
2008,"Alcaldes","06116","REQUINOA",0.4,20,0,1,NA,"Requínoa","Requínoa"
2008,"Alcaldes","07405","RETIRO",1,100,100,1,100,"Retiro","Retiro"
2008,"Alcaldes","05303","RINCONADA",0.5,50,0,1,NA,"Rinconada","Rinconada"
2008,"Alcaldes","14204","RIO BUENO",0.416666666666667,66.6666666666667,0,1,0,"Río Bueno","Río Bueno"
2008,"Alcaldes","07108","RIO CLARO",0.75,100,100,1,0,"Río Claro","Río Claro"
2008,"Alcaldes","04305","RIO HURTADO",0.666666666666667,66.6666666666667,100,1,0,"Río Hurtado","Río Hurtado"
2008,"Alcaldes","11402","RIO IBANEZ",0,0,0,0,NA,"Río Ibáñez","Río Ibáñez"
2008,"Alcaldes","10305","RIO NEGRO",0.777777777777778,33.3333333333333,100,1,NA,"Río Negro","Río Negro"
2008,"Alcaldes","12103","RIO VERDE",0,0,0,0,NA,"Río Verde","Río Verde"
2008,"Alcaldes","07306","ROMERAL",0.8125,25,100,1,100,"Romeral","Romeral"
2008,"Alcaldes","09116","SAAVEDRA",0.833333333333333,33.3333333333333,100,1,100,"Saavedra","Saavedra"
2008,"Alcaldes","07307","SAGRADA FAMILIA",0.916666666666667,66.6666666666667,100,1,100,"Sagrada Familia","Sagrada Familia"
2008,"Alcaldes","04204","SALAMANCA",0.833333333333333,33.3333333333333,100,1,100,"Salamanca","Salamanca"
2008,"Alcaldes","05601","SAN ANTONIO",0.875,50,100,1,100,"San Antonio","San Antonio"
2008,"Alcaldes","13401","SAN BERNARDO",0.375,50,0,1,0,"San Bernardo","San Bernardo"
2008,"Alcaldes","16301","SAN CARLOS",0.833333333333333,50,100,1,NA,"San Carlos","San Carlos"
2008,"Alcaldes","07109","SAN CLEMENTE",1,100,100,1,NA,"San Clemente","San Clemente"
2008,"Alcaldes","05304","SAN ESTEBAN",0.4,20,0,1,NA,"San Esteban","San Esteban"
2008,"Alcaldes","16304","SAN FABIAN",0.85,40,100,1,100,"San Fabián","San Fabián"
2008,"Alcaldes","05701","SAN FELIPE",0.9375,75,100,1,100,"San Felipe","San Felipe"
2008,"Alcaldes","06301","SAN FERNANDO",0.916666666666667,66.6666666666667,100,1,100,"San Fernando","San Fernando"
2008,"Alcaldes","12104","SAN GREGORIO",0.916666666666667,66.6666666666667,100,1,100,"San Gregorio","San Gregorio"
2008,"Alcaldes","16108","SAN IGNACIO",0.777777777777778,33.3333333333333,100,1,NA,"San Ignacio","San Ignacio"
2008,"Alcaldes","07406","SAN JAVIER",1,100,100,1,100,"San Javier","San Javier"
2008,"Alcaldes","13129","SAN JOAQUIN",0.916666666666667,66.6666666666667,100,1,100,"San Joaquín","San Joaquín"
2008,"Alcaldes","13203","SAN JOSE DE MAIPO",0.761904761904762,28.5714285714286,100,1,NA,"San José de Maipo","San José de Maipo"
2008,"Alcaldes","10306","SAN JUAN DE LA COSTA",1,100,100,1,100,"San Juan de la Costa","San Juan de la Costa"
2008,"Alcaldes","13130","SAN MIGUEL",0.875,50,100,1,100,"San Miguel","San Miguel"
2008,"Alcaldes","16305","SAN NICOLAS",0.8125,25,100,1,100,"San Nicolás","San Nicolás"
2008,"Alcaldes","10307","SAN PABLO",0.833333333333333,33.3333333333333,100,1,100,"San Pablo","San Pablo"
2008,"Alcaldes","13505","SAN PEDRO",0.75,25,100,1,NA,"San Pedro","San Pedro"
2008,"Alcaldes","02203","SAN PEDRO DE ATACAMA",0.833333333333333,33.3333333333333,100,1,100,"San Pedro de Atacama","San Pedro de Atacama"
2008,"Alcaldes","08108","SAN PEDRO DE LA PAZ",0.35,40,0,1,0,"San Pedro de la Paz","San Pedro de la Paz"
2008,"Alcaldes","07110","SAN RAFAEL",0.416666666666667,25,0,1,NA,"San Rafael","San Rafael"
2008,"Alcaldes","13131","SAN RAMON",0.833333333333333,33.3333333333333,100,1,100,"San Ramón","San Ramón"
2008,"Alcaldes","08310","SAN ROSENDO",0.6,40,100,1,0,"San Rosendo","San Rosendo"
2008,"Alcaldes","06117","SAN VICENTE",0.444444444444444,33.3333333333333,0,1,NA,"San Vicente","San Vicente"
2008,"Alcaldes","08311","SANTA BARBARA",0.5,50,0,1,NA,"Santa Bárbara","Santa Bárbara"
2008,"Alcaldes","06310","SANTA CRUZ",0,0,0,0,NA,"Santa Cruz","Santa Cruz"
2008,"Alcaldes","08109","SANTA JUANA",0.916666666666667,66.6666666666667,100,1,100,"Santa Juana","Santa Juana"
2008,"Alcaldes","05706","SANTA MARIA",1,100,100,1,100,"Santa María","Santa María"
2008,"Alcaldes","13101","SANTIAGO",0.5,50,0,1,NA,"Santiago","Santiago"
2008,"Alcaldes","05606","SANTO DOMINGO",0.5,50,0,1,NA,"Santo Domingo","Santo Domingo"
2008,"Alcaldes","02103","SIERRA GORDA",0.466666666666667,40,0,1,NA,"Sierra Gorda","Sierra Gorda"
2008,"Alcaldes","13601","TALAGANTE",0.416666666666667,25,0,1,NA,"Talagante","Talagante"
2008,"Alcaldes","07101","TALCA",0.416666666666667,25,0,1,NA,"Talca","Talca"
2008,"Alcaldes","08110","TALCAHUANO",0.5,50,0,1,NA,"Talcahuano","Talcahuano"
2008,"Alcaldes","02104","TALTAL",0.833333333333333,33.3333333333333,100,1,100,"Taltal","Taltal"
2008,"Alcaldes","09101","TEMUCO",0.916666666666667,75,100,1,NA,"Temuco","Temuco"
2008,"Alcaldes","07308","TENO",0.444444444444444,33.3333333333333,0,1,NA,"Teno","Teno"
2008,"Alcaldes","09117","TEODORO SCHMIDT",0.583333333333333,33.3333333333333,100,1,0,"Teodoro Schmidt","Teodoro Schmidt"
2008,"Alcaldes","03103","TIERRA AMARILLA",0.416666666666667,25,0,1,NA,"Tierra Amarilla","Tierra Amarilla"
2008,"Alcaldes","13303","TILTIL",0.916666666666667,66.6666666666667,100,1,100,"Tiltil","Tiltil"
2008,"Alcaldes","12303","TIMAUKEL",0.833333333333333,50,100,1,NA,"Timaukel","Timaukel"
2008,"Alcaldes","08207","TIRUA",0.833333333333333,50,100,1,NA,"Tirúa","Tirúa"
2008,"Alcaldes","02301","TOCOPILLA",0,0,0,0,NA,"Tocopilla","Tocopilla"
2008,"Alcaldes","09118","TOLTEN",0.444444444444444,33.3333333333333,0,1,NA,"Toltén","Toltén"
2008,"Alcaldes","08111","TOME",0.791666666666667,16.6666666666667,100,1,100,"Tomé","Tomé"
2008,"Alcaldes","12402","TORRES DEL PAINE",0.416666666666667,25,0,1,NA,"Torres del Paine","Torres del Paine"
2008,"Alcaldes","11303","TORTEL",1,100,100,1,100,"Tortel","Tortel"
2008,"Alcaldes","09210","TRAIGUEN",0.444444444444444,33.3333333333333,0,1,NA,"Traiguén","Traiguén"
2008,"Alcaldes","16207","TREGUACO",0,0,0,0,NA,"Treguaco","Treguaco"
2008,"Alcaldes","08312","TUCAPEL",1,100,100,1,100,"Tucapel","Tucapel"
2008,"Alcaldes","14101","VALDIVIA",1,100,100,1,100,"Valdivia","Valdivia"
2008,"Alcaldes","03301","VALLENAR",0.375,50,0,1,0,"Vallenar","Vallenar"
2008,"Alcaldes","05101","VALPARAISO",0.3,20,0,1,0,"Valparaíso","Valparaíso"
2008,"Alcaldes","07309","VICHUQUEN",0.916666666666667,75,100,1,NA,"Vichuquén","Vichuquén"
2008,"Alcaldes","09211","VICTORIA",0.3125,25,0,1,0,"Victoria","Victoria"
2008,"Alcaldes","04106","VICUNA",0.4,20,0,1,NA,"Vicuña","Vicuña"
2008,"Alcaldes","09119","VILCUN",0.833333333333333,33.3333333333333,100,1,100,"Vilcún","Vilcún"
2008,"Alcaldes","07407","VILLA ALEGRE",1,100,100,1,100,"Villa Alegre","Villa Alegre"
2008,"Alcaldes","05804","VILLA ALEMANA",0.416666666666667,25,0,1,NA,"Villa Alemana","Villa Alemana"
2008,"Alcaldes","09120","VILLARRICA",0.666666666666667,66.6666666666667,100,1,0,"Villarrica","Villarrica"
2008,"Alcaldes","05109","VINA DEL MAR",0.5,50,0,1,NA,"Viña del Mar","Viña del Mar"
2008,"Alcaldes","13132","VITACURA",0.9375,75,100,1,100,"Vitacura","Vitacura"
2008,"Alcaldes","07408","YERBAS BUENAS",0.75,25,100,1,NA,"Yerbas Buenas","Yerbas Buenas"
2008,"Alcaldes","08313","YUMBEL",0.6,40,100,1,0,"Yumbel","Yumbel"
2008,"Alcaldes","16109","YUNGAY",0.285714285714286,14.2857142857143,0,1,0,"Yungay","Yungay"
2008,"Alcaldes","05405","ZAPALLAR",0.875,50,100,1,100,"Zapallar","Zapallar"
2008,"Concejales","05602","ALGARROBO",0.796666666666667,44,66.6666666666667,1,100,"Algarrobo","Algarrobo"
2008,"Concejales","13502","ALHUE",0.822348484848485,58.3333333333333,100,1,60,"Alhué","Alhué"
2008,"Concejales","08314","ALTO BIOBIO",0.563311688311688,21.4285714285714,33.3333333333333,1,66.6666666666667,"Alto Biobío","Alto Biobío"
2008,"Concejales","03302","ALTO DEL CARMEN",0.628030303030303,43.3333333333333,66.6666666666667,1,33.3333333333333,"Alto del Carmen","Alto del Carmen"
2008,"Concejales","01107","ALTO HOSPICIO",0.781417112299465,52.9411764705882,50,1,100,"Alto Hospicio","Alto Hospicio"
2008,"Concejales","10202","ANCUD",0.683385579937304,62.0689655172414,66.6666666666667,1,33.3333333333333,"Ancud","Ancud"
2008,"Concejales","04103","ANDACOLLO",0.787878787878788,69.2307692307692,66.6666666666667,1,66.6666666666667,"Andacollo","Andacollo"
2008,"Concejales","09201","ANGOL",0.647727272727273,50,66.6666666666667,1,33.3333333333333,"Angol","Angol"
2008,"Concejales","02101","ANTOFAGASTA",0.704545454545455,69.2307692307692,50,1,50,"Antofagasta","Antofagasta"
2008,"Concejales","08302","ANTUCO",0.763636363636364,66.6666666666667,66.6666666666667,1,60,"Antuco","Antuco"
2008,"Concejales","08202","ARAUCO",0.69486531986532,51.8518518518518,66.6666666666667,1,50,"Arauco","Arauco"
2008,"Concejales","15101","ARICA",0.798073122529644,54.3478260869565,75,1,80,"Arica","Arica"
2008,"Concejales","11201","AYSEN",0.593939393939394,60,33.3333333333333,1,33.3333333333333,"Aisén","Aisén"
2008,"Concejales","13402","BUIN",0.777705627705628,71.4285714285714,66.6666666666667,1,60,"Buin","Buin"
2008,"Concejales","16102","BULNES",0.774621212121212,57.6923076923077,66.6666666666667,1,75,"Bulnes","Bulnes"
2008,"Concejales","05402","CABILDO",0.714407001044932,65.5172413793103,83.3333333333333,1,25,"Cabildo","Cabildo"
2008,"Concejales","12201","CABO DE HORNOS",0.686100131752306,34.7826086956522,66.6666666666667,1,66.6666666666667,"Cabo de Hornos","Cabo de Hornos"
2008,"Concejales","08303","CABRERO",0.610416666666667,45.8333333333333,50,1,40,"Cabrero","Cabrero"
2008,"Concejales","02201","CALAMA",0.742261904761905,52.3809523809524,75,1,60,"Calama","Calama"
2008,"Concejales","10102","CALBUCO",0.642255892255892,48.1481481481481,66.6666666666667,1,33.3333333333333,"Calbuco","Calbuco"
2008,"Concejales","03102","CALDERA",0.73219696969697,43.3333333333333,66.6666666666667,1,75,"Caldera","Caldera"
2008,"Concejales","05502","CALERA",0.76271645021645,60.7142857142857,83.3333333333333,1,50,"Calera","Calera"
2008,"Concejales","13403","CALERA DE TANGO",0.71986531986532,51.8518518518518,66.6666666666667,1,60,"Calera de Tango","Calera de Tango"
2008,"Concejales","05302","CALLE LARGA",0.804112554112554,53.5714285714286,83.3333333333333,1,75,"Calle Larga","Calle Larga"
2008,"Concejales","15102","CAMARONES",0.54469696969697,43.3333333333333,16.6666666666667,1,50,"Camarones","Camarones"
2008,"Concejales","01402","CAMINA",0.768308080808081,55.5555555555556,66.6666666666667,1,75,"Camiña","Camiña"
2008,"Concejales","04202","CANELA",0.611969696969697,52,33.3333333333333,1,50,"Canela","Canela"
2008,"Concejales","08203","CANETE",0.714015151515152,58.3333333333333,83.3333333333333,1,33.3333333333333,"Cañete","Cañete"
2008,"Concejales","09102","CARAHUE",0.598484848484848,33.3333333333333,50,1,50,"Carahue","Carahue"
2008,"Concejales","05603","CARTAGENA",0.736154649947753,51.7241379310345,83.3333333333333,1,50,"Cartagena","Cartagena"
2008,"Concejales","05102","CASABLANCA",0.831860269360269,62.962962962963,83.3333333333333,1,75,"Casablanca","Casablanca"
2008,"Concejales","10201","CASTRO",0.714015151515151,58.3333333333333,66.6666666666667,1,50,"Castro","Castro"
2008,"Concejales","05702","CATEMU",0.637878787878788,46.6666666666667,50,1,50,"Catemu","Catemu"
2008,"Concejales","07201","CAUQUENES",0.70935441370224,65.2173913043478,66.6666666666667,1,40,"Cauquenes","Cauquenes"
2008,"Concejales","13102","CERRILLOS",0.968855218855219,74.0740740740741,100,1,100,"Cerrillos","Cerrillos"
2008,"Concejales","13103","CERRO NAVIA",0.81875,55,62.5,1,100,"Cerro Navia","Cerro Navia"
2008,"Concejales","10401","CHAITEN",0.564393939393939,50,33.3333333333333,1,33.3333333333333,"Chaitén","Chaitén"
2008,"Concejales","03201","CHANARAL",0.809974747474748,55.5555555555556,83.3333333333333,1,75,"Chañaral","Chañaral"
2008,"Concejales","07202","CHANCO",0.711791831357049,43.4782608695652,83.3333333333333,1,50,"Chanco","Chanco"
2008,"Concejales","06302","CHEPICA",0.593939393939394,60,33.3333333333333,1,33.3333333333333,"Chépica","Chépica"
2008,"Concejales","08103","CHIGUAYANTE",0.724242424242424,53.3333333333333,66.6666666666667,1,60,"Chiguayante","Chiguayante"
2008,"Concejales","11401","CHILE CHICO",0.694487983281087,51.7241379310345,66.6666666666667,1,50,"Chile Chico","Chile Chico"
2008,"Concejales","16101","CHILLAN",0.736805555555556,61.1111111111111,62.5,1,60,"Chillán","Chillán"
2008,"Concejales","16103","CHILLAN VIEJO",0.771342737722048,55.1724137931034,83.3333333333333,1,60,"Chillán Viejo","Chillán Viejo"
2008,"Concejales","06303","CHIMBARONGO",0.57030303030303,52,16.6666666666667,1,50,"Chimbarongo","Chimbarongo"
2008,"Concejales","09121","CHOLCHOL",0.481060606060606,50,33.3333333333333,1,0,"Cholchol","Cholchol"
2008,"Concejales","10203","CHONCHI",0.817045454545455,65,83.3333333333333,1,66.6666666666667,"Chonchi","Chonchi"
2008,"Concejales","11202","CISNES",0.465909090909091,30.7692307692308,50,1,0,"Cisnes","Cisnes"
2008,"Concejales","16202","COBQUECURA",0.719490358126722,54.5454545454545,83.3333333333333,1,40,"Cobquecura","Cobquecura"
2008,"Concejales","10103","COCHAMO",0.463333333333333,44,33.3333333333333,1,0,"Cochamó","Cochamó"
2008,"Concejales","11301","COCHRANE",0.498600131752306,34.7826086956522,33.3333333333333,1,25,"Cochrane","Cochrane"
2008,"Concejales","06102","CODEGUA",0.65,36.6666666666667,66.6666666666667,1,50,"Codegua","Codegua"
2008,"Concejales","16203","COELEMU",0.74535679374389,54.8387096774194,66.6666666666667,1,66.6666666666667,"Coelemu","Coelemu"
2008,"Concejales","11101","COIHAIQUE",0.792424242424242,56.6666666666667,83.3333333333333,1,66.6666666666667,"Coihaique","Coihaique"
2008,"Concejales","16302","COIHUECO",0.731060606060606,50,83.3333333333333,1,50,"Coihueco","Coihueco"
2008,"Concejales","06103","COINCO",0.675964187327824,45.4545454545455,50,1,66.6666666666667,"Coinco","Coinco"
2008,"Concejales","07402","COLBUN",0.696301247771836,38.2352941176471,66.6666666666667,1,66.6666666666667,"Colbún","Colbún"
2008,"Concejales","01403","COLCHANE",0.731060606060606,50,33.3333333333333,1,100,"Colchane","Colchane"
2008,"Concejales","13301","COLINA",0.647768002606712,51.6129032258064,33.3333333333333,1,NA,"Colina","Colina"
2008,"Concejales","09202","COLLIPULLI",0.672979797979798,44.4444444444444,66.6666666666667,1,50,"Collipulli","Collipulli"
2008,"Concejales","06104","COLTAUCO",0.49537037037037,40.7407407407407,50,1,0,"Coltauco","Coltauco"
2008,"Concejales","04302","COMBARBALA",0.569487983281087,51.7241379310345,66.6666666666667,1,0,"Combarbalá","Combarbalá"
2008,"Concejales","08101","CONCEPCION",0.558396464646465,44.4444444444444,37.5,1,33.3333333333333,"Concepción","Concepción"
2008,"Concejales","13104","CONCHALI",0.741964285714286,62.8571428571429,62.5,1,60,"Conchalí","Conchalí"
2008,"Concejales","05103","CONCON",0.779634581105169,38.2352941176471,66.6666666666667,1,100,"Concón","Concón"
2008,"Concejales","07102","CONSTITUCION",0.824242424242424,53.3333333333333,66.6666666666667,1,100,"Constitución","Constitución"
2008,"Concejales","08204","CONTULMO",0.550964187327824,45.4545454545455,33.3333333333333,1,33.3333333333333,"Contulmo","Contulmo"
2008,"Concejales","03101","COPIAPO",0.850509404388715,55.1724137931034,100,1,75,"Copiapó","Copiapó"
2008,"Concejales","04102","COQUIMBO",0.857386363636364,57.5,75,1,100,"Coquimbo","Coquimbo"
2008,"Concejales","08102","CORONEL",0.846742424242424,68,83.3333333333333,1,75,"Coronel","Coronel"
2008,"Concejales","14102","CORRAL",0.689393939393939,50,66.6666666666667,1,50,"Corral","Corral"
2008,"Concejales","09103","CUNCO",0.699945887445887,53.5714285714286,66.6666666666667,1,50,"Cunco","Cunco"
2008,"Concejales","09203","CURACAUTIN",0.828733766233766,61.9047619047619,83.3333333333333,1,75,"Curacautín","Curacautín"
2008,"Concejales","13503","CURACAVI",0.532575757575758,53.3333333333333,50,1,0,"Curacaví","Curacaví"
2008,"Concejales","10204","CURACO DE VELEZ",0.857843137254902,64.7058823529412,66.6666666666667,1,100,"Curaco de Vélez","Curaco de Vélez"
2008,"Concejales","08205","CURANILAHUE",0.712121212121212,57.6923076923077,50,1,66.6666666666667,"Curanilahue","Curanilahue"
2008,"Concejales","09104","CURARREHUE",0.582727272727273,28,50,1,50,"Curarrehue","Curarrehue"
2008,"Concejales","07103","CUREPTO",0.679150197628459,52.1739130434783,50,1,60,"Curepto","Curepto"
2008,"Concejales","07301","CURICO",0.709090909090909,56.6666666666667,66.6666666666667,1,50,"Curicó","Curicó"
2008,"Concejales","10205","DALCAHUE",0.568813131313131,44.4444444444444,50,1,25,"Dalcahue","Dalcahue"
2008,"Concejales","03202","DIEGO DE ALMAGRO",0.740151515151515,61.5384615384615,83.3333333333333,1,40,"Diego de Almagro","Diego de Almagro"
2008,"Concejales","06105","DONIHUE",0.764393939393939,50,66.6666666666667,1,80,"Doñihue","Doñihue"
2008,"Concejales","13105","EL BOSQUE",0.739772727272727,60,75,1,50,"El Bosque","El Bosque"
2008,"Concejales","16104","EL CARMEN",0.722222222222222,61.1111111111111,66.6666666666667,1,50,"El Carmen","El Carmen"
2008,"Concejales","13602","EL MONTE",0.699242424242424,53.3333333333333,83.3333333333333,1,33.3333333333333,"El Monte","El Monte"
2008,"Concejales","05604","EL QUISCO",0.647727272727273,50,50,1,50,"El Quisco","El Quisco"
2008,"Concejales","05605","EL TABO",0.610826001955034,51.6129032258064,83.3333333333333,1,0,"El Tabo","El Tabo"
2008,"Concejales","07104","EMPEDRADO",0.751893939393939,50,66.6666666666667,1,75,"Empedrado","Empedrado"
2008,"Concejales","09204","ERCILLA",0.511634199134199,32.1428571428571,33.3333333333333,1,33.3333333333333,"Ercilla","Ercilla"
2008,"Concejales","13106","ESTACION CENTRAL",0.739772727272727,60,75,1,50,"Estación Central","Estación Central"
2008,"Concejales","08104","FLORIDA",0.737068965517241,37.9310344827586,50,1,100,"Florida","Florida"
2008,"Concejales","09105","FREIRE",0.596212121212121,46.6666666666667,50,1,33.3333333333333,"Freire","Freire"
2008,"Concejales","03303","FREIRINA",0.699945887445887,53.5714285714286,66.6666666666667,1,50,"Freirina","Freirina"
2008,"Concejales","10104","FRESIA",0.805871212121212,54.1666666666667,83.3333333333333,1,75,"Fresia","Fresia"
2008,"Concejales","10105","FRUTILLAR",0.776515151515151,65.3846153846154,66.6666666666667,1,66.6666666666667,"Frutillar","Frutillar"
2008,"Concejales","10402","FUTALEUFU",0.701515151515151,40,33.3333333333333,1,100,"Futaleufú","Futaleufú"
2008,"Concejales","14202","FUTRONO",0.642255892255892,48.1481481481481,50,1,50,"Futrono","Futrono"
2008,"Concejales","09106","GALVARINO",0.62037037037037,40.7407407407407,50,1,50,"Galvarino","Galvarino"
2008,"Concejales","15202","GENERAL LAGOS",0.755050505050505,72.2222222222222,66.6666666666667,1,50,"General Lagos","General Lagos"
2008,"Concejales","09107","GORBEA",0.636363636363636,46.1538461538462,66.6666666666667,1,33.3333333333333,"Gorbea","Gorbea"
2008,"Concejales","06106","GRANEROS",0.751893939393939,50,66.6666666666667,1,75,"Graneros","Graneros"
2008,"Concejales","11203","GUAITECAS",0.686157024793388,54.5454545454545,50,1,60,"Guaitecas","Guaitecas"
2008,"Concejales","05503","HIJUELAS",0.537037037037037,40.7407407407407,16.6666666666667,1,50,"Hijuelas","Hijuelas"
2008,"Concejales","10403","HUALAIHUE",0.682971014492754,47.8260869565217,66.6666666666667,1,50,"Hualaihué","Hualaihué"
2008,"Concejales","07302","HUALANE",0.890151515151515,61.5384615384615,83.3333333333333,1,100,"Hualañé","Hualañé"
2008,"Concejales","08112","HUALPEN",0.800966562173459,48.2758620689655,83.3333333333333,1,80,"Hualpén","Hualpén"
2008,"Concejales","08105","HUALQUI",0.773863636363636,43.3333333333333,83.3333333333333,1,75,"Hualqui","Hualqui"
2008,"Concejales","01404","HUARA",0.874526515151515,56.25,83.3333333333333,1,100,"Huara","Huara"
2008,"Concejales","03304","HUASCO",0.772727272727273,50,83.3333333333333,1,66.6666666666667,"Huasco","Huasco"
2008,"Concejales","13107","HUECHURABA",0.663009404388715,55.1724137931034,50,1,50,"Huechuraba","Huechuraba"
2008,"Concejales","04201","ILLAPEL",0.85935441370224,65.2173913043478,100,1,66.6666666666667,"Illapel","Illapel"
2008,"Concejales","13108","INDEPENDENCIA",0.90530303030303,66.6666666666667,83.3333333333333,1,100,"Independencia","Independencia"
2008,"Concejales","01101","IQUIQUE",0.768336776859504,59.0909090909091,37.5,1,100,"Iquique","Iquique"
2008,"Concejales","13603","ISLA DE MAIPO",0.785037878787879,54.1666666666667,50,1,100,"Isla de Maipo","Isla de Maipo"
2008,"Concejales","05201","ISLA DE PASCUA",0.637534435261708,40.9090909090909,66.6666666666667,1,40,"Isla de Pascua","Isla de Pascua"
2008,"Concejales","05104","JUAN FERNANDEZ",0.617424242424242,53.8461538461538,33.3333333333333,1,50,"Juan Fernández","Juan Fernández"
2008,"Concejales","13109","LA CISTERNA",0.787552246603971,62.0689655172414,66.6666666666667,1,75,"La Cisterna","La Cisterna"
2008,"Concejales","05504","LA CRUZ",0.843939393939394,60,66.6666666666667,1,100,"La Cruz","La Cruz"
2008,"Concejales","06202","LA ESTRELLA",0.659090909090909,53.8461538461538,66.6666666666667,1,33.3333333333333,"La Estrella","La Estrella"
2008,"Concejales","13110","LA FLORIDA",0.838175230566535,60.8695652173913,80,1,83.3333333333333,"La Florida","La Florida"
2008,"Concejales","13111","LA GRANJA",0.873197492163009,58.6206896551724,100,1,80,"La Granja","La Granja"
2008,"Concejales","04104","LA HIGUERA",0.808385579937304,62.0689655172414,50,1,100,"La Higuera","La Higuera"
2008,"Concejales","05401","LA LIGUA",0.819487983281087,51.7241379310345,66.6666666666667,1,100,"La Ligua","La Ligua"
2008,"Concejales","13112","LA PINTANA",0.819030825496343,58.6206896551724,83.3333333333333,1,75,"La Pintana","La Pintana"
2008,"Concejales","13113","LA REINA",0.856601731601732,64.2857142857143,66.6666666666667,1,100,"La Reina","La Reina"
2008,"Concejales","04101","LA SERENA",0.874102870813397,63.1578947368421,75,1,100,"La Serena","La Serena"
2008,"Concejales","14201","LA UNION",0.740909090909091,53.3333333333333,66.6666666666667,1,66.6666666666667,"La Unión","La Unión"
2008,"Concejales","14203","LAGO RANCO",0.677083333333333,45.8333333333333,66.6666666666667,1,50,"Lago Ranco","Lago Ranco"
2008,"Concejales","11102","LAGO VERDE",0.619791666666667,68.75,66.6666666666667,1,0,"Lago Verde","Lago Verde"
2008,"Concejales","12102","LAGUNA BLANCA",0.830808080808081,55.5555555555556,66.6666666666667,1,100,"Laguna Blanca","Laguna Blanca"
2008,"Concejales","08304","LAJA",0.707121212121212,56,66.6666666666667,1,50,"Laja","Laja"
2008,"Concejales","13302","LAMPA",0.657575757575758,53.3333333333333,50,1,50,"Lampa","Lampa"
2008,"Concejales","14103","LANCO",0.712121212121212,57.6923076923077,66.6666666666667,1,50,"Lanco","Lanco"
2008,"Concejales","06107","LAS CABRAS",0.586363636363636,43.3333333333333,50,1,33.3333333333333,"Las Cabras","Las Cabras"
2008,"Concejales","13114","LAS CONDES",0.634316959921799,41.9354838709677,37.5,1,66.6666666666667,"Las Condes","Las Condes"
2008,"Concejales","09108","LAUTARO",0.905879446640316,73.9130434782609,100,1,75,"Lautaro","Lautaro"
2008,"Concejales","08201","LEBU",0.745471014492754,47.8260869565217,66.6666666666667,1,75,"Lebu","Lebu"
2008,"Concejales","07303","LICANTEN",0.622257053291536,41.3793103448276,50,1,50,"Licantén","Licantén"
2008,"Concejales","05802","LIMACHE",0.790193602693603,62.962962962963,66.6666666666667,1,75,"Limache","Limache"
2008,"Concejales","07401","LINARES",0.470508658008658,46.4285714285714,33.3333333333333,1,0,"Linares","Linares"
2008,"Concejales","06203","LITUECHE",0.600151515151515,48,50,1,33.3333333333333,"Litueche","Litueche"
2008,"Concejales","05703","LLAILLAY",0.684628543499511,48.3870967741936,66.6666666666667,1,50,"Llaillay","Llaillay"
2008,"Concejales","10107","LLANQUIHUE",0.671666666666667,44,50,1,66.6666666666667,"Llanquihue","Llanquihue"
2008,"Concejales","13115","LO BARNECHEA",0.793290043290043,42.8571428571429,66.6666666666667,1,100,"Lo Barnechea","Lo Barnechea"
2008,"Concejales","13116","LO ESPEJO",0.897424242424242,64,83.3333333333333,1,100,"Lo Espejo","Lo Espejo"
2008,"Concejales","13117","LO PRADO",0.802272727272727,60,83.3333333333333,1,66.6666666666667,"Lo Prado","Lo Prado"
2008,"Concejales","06304","LOLOL",0.706818181818182,70,66.6666666666667,1,33.3333333333333,"Lolol","Lolol"
2008,"Concejales","09109","LONCOCHE",0.870356793743891,54.8387096774194,83.3333333333333,1,100,"Loncoche","Loncoche"
2008,"Concejales","07403","LONGAVI",0.647727272727273,50,50,1,50,"Longaví","Longaví"
2008,"Concejales","09205","LONQUIMAY",0.545454545454545,15.3846153846154,33.3333333333333,1,66.6666666666667,"Lonquimay","Lonquimay"
2008,"Concejales","08206","LOS ALAMOS",0.69530303030303,52,66.6666666666667,1,50,"Los Alamos","Los Alamos"
2008,"Concejales","05301","LOS ANDES",0.65282131661442,51.7241379310345,66.6666666666667,1,33.3333333333333,"Los Andes","Los Andes"
2008,"Concejales","08301","LOS ANGELES",0.664141414141414,55.5555555555556,50,1,50,"Los Angeles","Los Angeles"
2008,"Concejales","14104","LOS LAGOS",0.843939393939394,60,66.6666666666667,1,100,"Los Lagos","Los Lagos"
2008,"Concejales","10106","LOS MUERMOS",0.697169059011164,52.6315789473684,50,1,66.6666666666667,"Los Muermos","Los Muermos"
2008,"Concejales","09206","LOS SAUCES",0.698083778966132,52.9411764705882,50,1,66.6666666666667,"Los Sauces","Los Sauces"
2008,"Concejales","04203","LOS VILOS",0.675084175084175,59.2592592592593,66.6666666666667,1,33.3333333333333,"Los Vilos","Los Vilos"
2008,"Concejales","08106","LOTA",0.857575757575758,53.3333333333333,100,1,80,"Lota","Lota"
2008,"Concejales","09207","LUMACO",0.621037965865552,44.8275862068966,33.3333333333333,1,NA,"Lumaco","Lumaco"
2008,"Concejales","06108","MACHALI",0.767961876832845,48.3870967741936,50,1,100,"Machalí","Machalí"
2008,"Concejales","13118","MACUL",0.806601731601732,64.2857142857143,66.6666666666667,1,80,"Macul","Macul"
2008,"Concejales","14105","MAFIL",0.778636363636364,52,50,1,100,"Máfil","Máfil"
2008,"Concejales","13119","MAIPU",0.877272727272727,60,80,1,100,"Maipú","Maipú"
2008,"Concejales","06109","MALLOA",0.58495670995671,42.8571428571429,33.3333333333333,1,50,"Malloa","Malloa"
2008,"Concejales","06204","MARCHIHUE",0.816287878787879,57.6923076923077,83.3333333333333,1,75,"Marchihue","Marchihue"
2008,"Concejales","02302","MARIA ELENA",0.487483530961792,52.1739130434783,33.3333333333333,1,0,"María Elena","María Elena"
2008,"Concejales","13504","MARIA PINTO",0.714015151515151,58.3333333333333,66.6666666666667,1,50,"María Pinto","María Pinto"
2008,"Concejales","14106","MARIQUINA",0.772727272727273,50,50,1,100,"Mariquina","Mariquina"
2008,"Concejales","07105","MAULE",0.668831168831169,57.1428571428571,50,1,50,"Maule","Maule"
2008,"Concejales","10108","MAULLIN",0.536157024793388,54.5454545454545,50,1,0,"Maullín","Maullín"
2008,"Concejales","02102","MEJILLONES",0.814090909090909,64,83.3333333333333,1,66.6666666666667,"Mejillones","Mejillones"
2008,"Concejales","09110","MELIPEUCO",0.59263085399449,45.4545454545455,50,1,33.3333333333333,"Melipeuco","Melipeuco"
2008,"Concejales","13501","MELIPILLA",0.820917508417508,59.2592592592593,83.3333333333333,1,75,"Melipilla","Melipilla"
2008,"Concejales","07304","MOLINA",0.721049783549783,60.7142857142857,50,1,66.6666666666667,"Molina","Molina"
2008,"Concejales","04303","MONTE PATRIA",0.575757575757576,53.8461538461538,66.6666666666667,1,0,"Monte Patria","Monte Patria"
2008,"Concejales","06110","MOSTAZAL",0.718939393939394,60,66.6666666666667,1,50,"Mostazal","Mostazal"
2008,"Concejales","08305","MULCHEN",0.761363636363636,46.1538461538462,50,1,100,"Mulchén","Mulchén"
2008,"Concejales","08306","NACIMIENTO",0.918831168831169,57.1428571428571,100,1,100,"Nacimiento","Nacimiento"
2008,"Concejales","06305","NANCAGUA",0.750757575757576,56.6666666666667,66.6666666666667,1,66.6666666666667,"Nancagua","Nancagua"
2008,"Concejales","12401","NATALES",0.824945887445887,53.5714285714286,66.6666666666667,1,100,"Natales","Natales"
2008,"Concejales","06205","NAVIDAD",0.635416666666667,45.8333333333333,50,1,50,"Navidad","Navidad"
2008,"Concejales","08307","NEGRETE",0.734166666666667,44,66.6666666666667,1,75,"Negrete","Negrete"
2008,"Concejales","16204","NINHUE",0.426634768740032,31.5789473684211,33.3333333333333,1,0,"Ninhue","Ninhue"
2008,"Concejales","16303","NIQUEN",0.636634199134199,32.1428571428571,66.6666666666667,1,50,"Ñiquén","Ñiquén"
2008,"Concejales","05506","NOGALES",0.730590386624869,41.3793103448276,83.3333333333333,1,60,"Nogales","Nogales"
2008,"Concejales","09111","NUEVA IMPERIAL",0.775,36.6666666666667,66.6666666666667,1,100,"Nueva Imperial","Nueva Imperial"
2008,"Concejales","13120","NUNOA",0.803977272727273,50,62.5,1,100,"Ñuñoa","Ñuñoa"
2008,"Concejales","11302","OHIGGINS",0.657045454545454,32,50,1,75,"O'Higgins","O'Higgins"
2008,"Concejales","06111","OLIVAR",0.507902298850575,37.9310344827586,33.3333333333333,1,25,"Olivar","Olivar"
2008,"Concejales","02202","OLLAGUE",0.556818181818182,33.3333333333333,33.3333333333333,1,50,"Ollagüe","Ollagüe"
2008,"Concejales","05803","OLMUE",0.607438016528926,36.3636363636364,50,1,50,"Olmué","Olmué"
2008,"Concejales","10301","OSORNO",0.786805555555556,61.1111111111111,62.5,1,80,"Osorno","Osorno"
2008,"Concejales","04301","OVALLE",0.635606060606061,60,50,1,33.3333333333333,"Ovalle","Ovalle"
2008,"Concejales","13604","PADRE HURTADO",0.533333333333333,36.6666666666667,16.6666666666667,1,NA,"Padre Hurtado","Padre Hurtado"
2008,"Concejales","09112","PADRE LAS CASAS",0.814393939393939,50,66.6666666666667,1,100,"Padre Las Casas","Padre Las Casas"
2008,"Concejales","04105","PAIGUANO",0.755681818181818,58.3333333333333,66.6666666666667,1,66.6666666666667,"Paiguano","Paiguano"
2008,"Concejales","14107","PAILLACO",0.610826001955034,51.6129032258064,50,1,33.3333333333333,"Paillaco","Paillaco"
2008,"Concejales","13404","PAINE",0.747474747474747,55.5555555555556,66.6666666666667,1,66.6666666666667,"Paine","Paine"
2008,"Concejales","10404","PALENA",0.569128787878788,37.5,83.3333333333333,1,0,"Palena","Palena"
2008,"Concejales","06306","PALMILLA",0.862483530961792,52.1739130434783,83.3333333333333,1,100,"Palmilla","Palmilla"
2008,"Concejales","14108","PANGUIPULLI",0.732121212121212,56,66.6666666666667,1,60,"Panguipulli","Panguipulli"
2008,"Concejales","05704","PANQUEHUE",0.700757575757576,53.8461538461538,50,1,66.6666666666667,"Panquehue","Panquehue"
2008,"Concejales","05403","PAPUDO",0.695816864295125,52.1739130434783,83.3333333333333,1,33.3333333333333,"Papudo","Papudo"
2008,"Concejales","06206","PAREDONES",0.648030303030303,36,66.6666666666667,1,50,"Paredones","Paredones"
2008,"Concejales","07404","PARRAL",0.668831168831169,57.1428571428571,33.3333333333333,1,66.6666666666667,"Parral","Parral"
2008,"Concejales","13121","PEDRO AGUIRRE CERDA",0.739688552188552,74.0740740740741,83.3333333333333,1,25,"Pedro Aguirre Cerda","Pedro Aguirre Cerda"
2008,"Concejales","07106","PELARCO",0.659848484848485,40,50,1,66.6666666666667,"Pelarco","Pelarco"
2008,"Concejales","07203","PELLUHUE",0.71969696969697,46.1538461538462,66.6666666666667,1,66.6666666666667,"Pelluhue","Pelluhue"
2008,"Concejales","16105","PEMUCO",0.81021421107628,34.4827586206897,83.3333333333333,1,100,"Pemuco","Pemuco"
2008,"Concejales","13605","PENAFLOR",0.778690127077224,54.8387096774194,66.6666666666667,1,80,"Peñaflor","Peñaflor"
2008,"Concejales","13122","PENALOLEN",0.768055555555556,61.1111111111111,75,1,60,"Peñalolén","Peñalolén"
2008,"Concejales","07107","PENCAHUE",0.696428571428571,52.3809523809524,66.6666666666667,1,50,"Pencahue","Pencahue"
2008,"Concejales","08107","PENCO",0.709090909090909,56.6666666666667,66.6666666666667,1,50,"Penco","Penco"
2008,"Concejales","06307","PERALILLO",0.587121212121212,57.6923076923077,50,1,16.6666666666667,"Peralillo","Peralillo"
2008,"Concejales","09113","PERQUENCO",0.757920110192837,59.0909090909091,66.6666666666667,1,66.6666666666667,"Perquenco","Perquenco"
2008,"Concejales","05404","PETORCA",0.627164502164502,57.1428571428571,50,1,33.3333333333333,"Petorca","Petorca"
2008,"Concejales","06112","PEUMO",0.481060606060606,50,33.3333333333333,1,0,"Peumo","Peumo"
2008,"Concejales","01405","PICA",0.835497835497836,57.1428571428571,66.6666666666667,1,100,"Pica","Pica"
2008,"Concejales","06113","PICHIDEGUA",0.631587615283267,30.4347826086957,66.6666666666667,1,50,"Pichidegua","Pichidegua"
2008,"Concejales","06201","PICHILEMU",0.792011019283747,42.4242424242424,66.6666666666667,1,100,"Pichilemu","Pichilemu"
2008,"Concejales","16106","PINTO",0.647727272727273,50,50,1,50,"Pinto","Pinto"
2008,"Concejales","13202","PIRQUE",0.710227272727273,50,50,1,75,"Pirque","Pirque"
2008,"Concejales","09114","PITRUFQUEN",0.762445887445887,53.5714285714286,66.6666666666667,1,75,"Pitrufquén","Pitrufquén"
2008,"Concejales","06308","PLACILLA",0.693831168831169,57.1428571428571,50,1,60,"Placilla","Placilla"
2008,"Concejales","16205","PORTEZUELO",0.547979797979798,44.4444444444444,16.6666666666667,1,50,"Portezuelo","Portezuelo"
2008,"Concejales","12301","PORVENIR",0.554383116883117,60.7142857142857,50,1,0,"Porvenir","Porvenir"
2008,"Concejales","01401","POZO ALMONTE",0.864772727272727,60,100,1,75,"Pozo Almonte","Pozo Almonte"
2008,"Concejales","12302","PRIMAVERA",0.494490358126722,54.5454545454545,33.3333333333333,1,0,"Primavera","Primavera"
2008,"Concejales","13123","PROVIDENCIA",0.776515151515151,51.2820512820513,50,1,100,"Providencia","Providencia"
2008,"Concejales","05105","PUCHUNCAVI",0.686157024793388,54.5454545454545,50,1,60,"Puchuncaví","Puchuncaví"
2008,"Concejales","09115","PUCON",0.822702834799609,38.7096774193548,83.3333333333333,1,100,"Pucón","Pucón"
2008,"Concejales","13124","PUDAHUEL",0.776262626262626,63.8888888888889,75,1,60,"Pudahuel","Pudahuel"
2008,"Concejales","13201","PUENTE ALTO",0.811363636363636,52.5,62.5,1,100,"Puente Alto","Puente Alto"
2008,"Concejales","10101","PUERTO MONTT",0.886440417690418,56.7567567567568,87.5,1,100,"Puerto Montt","Puerto Montt"
2008,"Concejales","10302","PUERTO OCTAY",0.613636363636364,38.4615384615385,50,1,50,"Puerto Octay","Puerto Octay"
2008,"Concejales","10109","PUERTO VARAS",0.68801652892562,63.6363636363636,66.6666666666667,1,33.3333333333333,"Puerto Varas","Puerto Varas"
2008,"Concejales","06309","PUMANQUE",0.724537037037037,40.7407407407407,66.6666666666667,1,75,"Pumanque","Pumanque"
2008,"Concejales","04304","PUNITAQUI",0.754887585532747,58.0645161290323,66.6666666666667,1,66.6666666666667,"Punitaqui","Punitaqui"
2008,"Concejales","12101","PUNTA ARENAS",0.866327751196172,60.5263157894737,75,1,100,"Punta Arenas","Punta Arenas"
2008,"Concejales","10206","PUQUELDON",0.737483530961792,52.1739130434783,66.6666666666667,1,66.6666666666667,"Puqueldón","Puqueldón"
2008,"Concejales","09208","PUREN",0.571428571428571,52.3809523809524,66.6666666666667,1,0,"Purén","Purén"
2008,"Concejales","10303","PURRANQUE",0.745984848484848,48,66.6666666666667,1,75,"Purranque","Purranque"
2008,"Concejales","05705","PUTAENDO",0.589141414141414,55.5555555555556,50,1,20,"Putaendo","Putaendo"
2008,"Concejales","15201","PUTRE",0.801136363636364,66.6666666666667,66.6666666666667,1,75,"Putre","Putre"
2008,"Concejales","10304","PUYEHUE",0.602020202020202,40,33.3333333333333,1,NA,"Puyehue","Puyehue"
2008,"Concejales","10207","QUEILEN",0.641304347826087,47.8260869565217,50,1,50,"Queilén","Queilén"
2008,"Concejales","10208","QUELLON",0.596508563899868,60.8695652173913,66.6666666666667,1,0,"Quellón","Quellón"
2008,"Concejales","10209","QUEMCHI",0.740909090909091,53.3333333333333,66.6666666666667,1,66.6666666666667,"Quemchi","Quemchi"
2008,"Concejales","08308","QUILACO",0.63236531986532,51.8518518518518,66.6666666666667,1,25,"Quilaco","Quilaco"
2008,"Concejales","13125","QUILICURA",0.746342737722048,55.1724137931034,66.6666666666667,1,66.6666666666667,"Quilicura","Quilicura"
2008,"Concejales","08309","QUILLECO",0.613636363636364,38.4615384615385,50,1,50,"Quilleco","Quilleco"
2008,"Concejales","16107","QUILLON",0.835227272727273,50,100,1,75,"Quillón","Quillón"
2008,"Concejales","05501","QUILLOTA",0.788795210166178,48.3870967741936,83.3333333333333,1,75,"Quillota","Quillota"
2008,"Concejales","05801","QUILPUE",0.762878787878788,46.6666666666667,83.3333333333333,1,66.6666666666667,"Quilpué","Quilpué"
2008,"Concejales","10210","QUINCHAO",0.754385964912281,57.8947368421053,83.3333333333333,1,50,"Quinchao","Quinchao"
2008,"Concejales","06114","QUINTA DE TILCOCO",0.826704545454545,54.1666666666667,66.6666666666667,1,100,"Quinta de Tilcoco","Quinta de Tilcoco"
2008,"Concejales","13126","QUINTA NORMAL",0.90530303030303,66.6666666666667,83.3333333333333,1,100,"Quinta Normal","Quinta Normal"
2008,"Concejales","05107","QUINTERO",0.58822091886608,58.0645161290323,33.3333333333333,1,33.3333333333333,"Quintero","Quintero"
2008,"Concejales","16201","QUIRIHUE",0.678198653198653,51.8518518518518,50,1,60,"Quirihue","Quirihue"
2008,"Concejales","06101","RANCAGUA",0.75625,55,62.5,1,75,"Rancagua","Rancagua"
2008,"Concejales","16206","RANQUIL",0.652462121212121,37.5,50,1,66.6666666666667,"Ranquil","Ranquil"
2008,"Concejales","07305","RAUCO",0.827823691460055,54.5454545454545,66.6666666666667,1,100,"Rauco","Rauco"
2008,"Concejales","13127","RECOLETA",0.704166666666667,55,50,1,66.6666666666667,"Recoleta","Recoleta"
2008,"Concejales","09209","RENAICO",0.588333333333333,44,83.3333333333333,1,0,"Renaico","Renaico"
2008,"Concejales","13128","RENCA",0.800084175084175,59.2592592592593,50,1,100,"Renca","Renca"
2008,"Concejales","06115","RENGO",0.751893939393939,50,66.6666666666667,1,75,"Rengo","Rengo"
2008,"Concejales","06116","REQUINOA",0.606060606060606,50,33.3333333333333,1,50,"Requínoa","Requínoa"
2008,"Concejales","07405","RETIRO",0.856060606060606,50,83.3333333333333,1,100,"Retiro","Retiro"
2008,"Concejales","05303","RINCONADA",0.666666666666667,42.3076923076923,66.6666666666667,1,50,"Rinconada","Rinconada"
2008,"Concejales","14204","RIO BUENO",0.856060606060606,50,83.3333333333333,1,100,"Río Bueno","Río Bueno"
2008,"Concejales","07108","RIO CLARO",0.689393939393939,50,66.6666666666667,1,50,"Río Claro","Río Claro"
2008,"Concejales","04305","RIO HURTADO",0.672348484848485,58.3333333333333,66.6666666666667,1,33.3333333333333,"Río Hurtado","Río Hurtado"
2008,"Concejales","11402","RIO IBANEZ",0.677083333333333,45.8333333333333,50,1,66.6666666666667,"Río Ibáñez","Río Ibáñez"
2008,"Concejales","10305","RIO NEGRO",0.517255892255892,48.1481481481481,16.6666666666667,1,33.3333333333333,"Río Negro","Río Negro"
2008,"Concejales","12103","RIO VERDE",0.843939393939394,60,66.6666666666667,1,100,"Río Verde","Río Verde"
2008,"Concejales","07306","ROMERAL",0.771162714097497,56.5217391304348,66.6666666666667,1,75,"Romeral","Romeral"
2008,"Concejales","09116","SAAVEDRA",0.688172043010753,35.4838709677419,66.6666666666667,1,66.6666666666667,"Saavedra","Saavedra"
2008,"Concejales","07307","SAGRADA FAMILIA",0.703030303030303,46.1538461538462,66.6666666666667,1,60,"Sagrada Familia","Sagrada Familia"
2008,"Concejales","04204","SALAMANCA",0.839015151515151,58.3333333333333,66.6666666666667,1,100,"Salamanca","Salamanca"
2008,"Concejales","05601","SAN ANTONIO",0.772727272727273,50,83.3333333333333,1,66.6666666666667,"San Antonio","San Antonio"
2008,"Concejales","13401","SAN BERNARDO",0.860449002217295,58.5365853658537,75,1,100,"San Bernardo","San Bernardo"
2008,"Concejales","16301","SAN CARLOS",0.831860269360269,62.962962962963,83.3333333333333,1,75,"San Carlos","San Carlos"
2008,"Concejales","07109","SAN CLEMENTE",0.804924242424242,53.8461538461538,83.3333333333333,1,75,"San Clemente","San Clemente"
2008,"Concejales","05304","SAN ESTEBAN",0.397186147186147,35.7142857142857,16.6666666666667,1,0,"San Esteban","San Esteban"
2008,"Concejales","16304","SAN FABIAN",0.695402298850575,37.9310344827586,83.3333333333333,1,50,"San Fabián","San Fabián"
2008,"Concejales","05701","SAN FELIPE",0.908820346320346,67.8571428571429,83.3333333333333,1,100,"San Felipe","San Felipe"
2008,"Concejales","06301","SAN FERNANDO",0.804545454545454,46.6666666666667,66.6666666666667,1,100,"San Fernando","San Fernando"
2008,"Concejales","12104","SAN GREGORIO",0.878787878787879,57.6923076923077,83.3333333333333,1,100,"San Gregorio","San Gregorio"
2008,"Concejales","16108","SAN IGNACIO",0.743181818181818,40,50,1,100,"San Ignacio","San Ignacio"
2008,"Concejales","07406","SAN JAVIER",0.78030303030303,66.6666666666667,66.6666666666667,1,66.6666666666667,"San Javier","San Javier"
2008,"Concejales","13129","SAN JOAQUIN",0.866245791245791,70.3703703703704,83.3333333333333,1,80,"San Joaquín","San Joaquín"
2008,"Concejales","13203","SAN JOSE DE MAIPO",0.731060606060606,50,83.3333333333333,1,50,"San José de Maipo","San José de Maipo"
2008,"Concejales","10306","SAN JUAN DE LA COSTA",0.692687747035573,65.2173913043478,66.6666666666667,1,33.3333333333333,"San Juan de la Costa","San Juan de la Costa"
2008,"Concejales","13130","SAN MIGUEL",0.749579124579125,70.3703703703704,66.6666666666667,1,50,"San Miguel","San Miguel"
2008,"Concejales","16305","SAN NICOLAS",0.862483530961792,52.1739130434783,83.3333333333333,1,100,"San Nicolás","San Nicolás"
2008,"Concejales","10307","SAN PABLO",0.636363636363636,46.1538461538462,66.6666666666667,1,33.3333333333333,"San Pablo","San Pablo"
2008,"Concejales","13505","SAN PEDRO",0.684299895506792,48.2758620689655,50,1,66.6666666666667,"San Pedro","San Pedro"
2008,"Concejales","02203","SAN PEDRO DE ATACAMA",0.564393939393939,50,33.3333333333333,1,33.3333333333333,"San Pedro de Atacama","San Pedro de Atacama"
2008,"Concejales","08108","SAN PEDRO DE LA PAZ",0.642255892255892,48.1481481481481,50,1,50,"San Pedro de la Paz","San Pedro de la Paz"
2008,"Concejales","07110","SAN RAFAEL",0.777146464646465,44.4444444444444,83.3333333333333,1,75,"San Rafael","San Rafael"
2008,"Concejales","13131","SAN RAMON",0.851295210166178,48.3870967741936,83.3333333333333,1,100,"San Ramón","San Ramón"
2008,"Concejales","08310","SAN ROSENDO",0.817687747035573,65.2173913043478,100,1,50,"San Rosendo","San Rosendo"
2008,"Concejales","06117","SAN VICENTE",0.611531986531986,51.8518518518518,33.3333333333333,1,50,"San Vicente","San Vicente"
2008,"Concejales","08311","SANTA BARBARA",0.573863636363636,46.1538461538462,50,1,25,"Santa Bárbara","Santa Bárbara"
2008,"Concejales","06310","SANTA CRUZ",0.835497835497836,57.1428571428571,66.6666666666667,1,100,"Santa Cruz","Santa Cruz"
2008,"Concejales","08109","SANTA JUANA",0.699404761904762,39.2857142857143,83.3333333333333,1,50,"Santa Juana","Santa Juana"
2008,"Concejales","05706","SANTA MARIA",0.721508563899868,60.8695652173913,83.3333333333333,1,33.3333333333333,"Santa María","Santa María"
2008,"Concejales","13101","SANTIAGO",0.577302631578947,57.8947368421053,62.5,1,0,"Santiago","Santiago"
2008,"Concejales","05606","SANTO DOMINGO",0.713333333333333,44,33.3333333333333,1,100,"Santo Domingo","Santo Domingo"
2008,"Concejales","02103","SIERRA GORDA",0.804545454545455,83.3333333333333,83.3333333333333,1,40,"Sierra Gorda","Sierra Gorda"
2008,"Concejales","13601","TALAGANTE",0.829676071055381,55.1724137931034,66.6666666666667,1,100,"Talagante","Talagante"
2008,"Concejales","07101","TALCA",0.730429292929293,63.8888888888889,50,1,66.6666666666667,"Talca","Talca"
2008,"Concejales","08110","TALCAHUANO",0.747505543237251,41.4634146341463,50,1,100,"Talcahuano","Talcahuano"
2008,"Concejales","02104","TALTAL",0.618371212121212,54.1666666666667,33.3333333333333,1,50,"Taltal","Taltal"
2008,"Concejales","09101","TEMUCO",0.881877990430622,65.7894736842105,100,1,75,"Temuco","Temuco"
2008,"Concejales","07308","TENO",0.689393939393939,50,50,1,66.6666666666667,"Teno","Teno"
2008,"Concejales","09117","TEODORO SCHMIDT",0.787037037037037,40.7407407407407,66.6666666666667,1,100,"Teodoro Schmidt","Teodoro Schmidt"
2008,"Concejales","03103","TIERRA AMARILLA",0.604838709677419,35.4838709677419,66.6666666666667,1,33.3333333333333,"Tierra Amarilla","Tierra Amarilla"
2008,"Concejales","13303","TILTIL",0.773268398268398,64.2857142857143,66.6666666666667,1,66.6666666666667,"Tiltil","Tiltil"
2008,"Concejales","12303","TIMAUKEL",0.784722222222222,61.1111111111111,66.6666666666667,1,75,"Timaukel","Timaukel"
2008,"Concejales","08207","TIRUA",0.648030303030303,36,50,1,66.6666666666667,"Tirúa","Tirúa"
2008,"Concejales","02301","TOCOPILLA",0.631313131313131,44.4444444444444,66.6666666666667,1,33.3333333333333,"Tocopilla","Tocopilla"
2008,"Concejales","09118","TOLTEN",0.698945981554677,39.1304347826087,66.6666666666667,1,66.6666666666667,"Toltén","Toltén"
2008,"Concejales","08111","TOME",0.790566959921799,41.9354838709677,66.6666666666667,1,100,"Tomé","Tomé"
2008,"Concejales","12402","TORRES DEL PAINE",0.816176470588235,64.7058823529412,50,1,100,"Torres del Paine","Torres del Paine"
2008,"Concejales","11303","TORTEL",0.848285486443381,47.3684210526316,83.3333333333333,1,100,"Tortel","Tortel"
2008,"Concejales","09210","TRAIGUEN",0.771505376344086,35.4838709677419,66.6666666666667,1,100,"Traiguén","Traiguén"
2008,"Concejales","16207","TREGUACO",0.618181818181818,40,33.3333333333333,1,66.6666666666667,"Treguaco","Treguaco"
2008,"Concejales","08312","TUCAPEL",0.808484848484848,48,66.6666666666667,1,100,"Tucapel","Tucapel"
2008,"Concejales","14101","VALDIVIA",0.657273751023751,56.7567567567568,62.5,1,33.3333333333333,"Valdivia","Valdivia"
2008,"Concejales","03301","VALLENAR",0.847751710654936,61.2903225806452,66.6666666666667,1,100,"Vallenar","Vallenar"
2008,"Concejales","05101","VALPARAISO",0.822727272727273,50,70,1,100,"Valparaíso","Valparaíso"
2008,"Concejales","07309","VICHUQUEN",0.897424242424242,64,83.3333333333333,1,100,"Vichuquén","Vichuquén"
2008,"Concejales","09211","VICTORIA",0.666666666666667,42.3076923076923,50,1,66.6666666666667,"Victoria","Victoria"
2008,"Concejales","04106","VICUNA",0.736154649947753,51.7241379310345,66.6666666666667,1,66.6666666666667,"Vicuña","Vicuña"
2008,"Concejales","09119","VILCUN",0.788009404388715,55.1724137931034,83.3333333333333,1,66.6666666666667,"Vilcún","Vilcún"
2008,"Concejales","07407","VILLA ALEGRE",0.818181818181818,65.3846153846154,50,1,100,"Villa Alegre","Villa Alegre"
2008,"Concejales","05804","VILLA ALEMANA",0.771590909090909,56.6666666666667,66.6666666666667,1,75,"Villa Alemana","Villa Alemana"
2008,"Concejales","09120","VILLARRICA",0.710497835497836,57.1428571428571,83.3333333333333,1,33.3333333333333,"Villarrica","Villarrica"
2008,"Concejales","05109","VINA DEL MAR",0.765454545454545,56,60,1,80,"Viña del Mar","Viña del Mar"
2008,"Concejales","13132","VITACURA",0.708333333333333,42.3076923076923,33.3333333333333,1,100,"Vitacura","Vitacura"
2008,"Concejales","07408","YERBAS BUENAS",0.721590909090909,53.8461538461538,50,1,75,"Yerbas Buenas","Yerbas Buenas"
2008,"Concejales","08313","YUMBEL",0.814393939393939,50,66.6666666666667,1,100,"Yumbel","Yumbel"
2008,"Concejales","16109","YUNGAY",0.777462121212121,37.5,66.6666666666667,1,100,"Yungay","Yungay"
2008,"Concejales","05405","ZAPALLAR",0.674586776859504,59.0909090909091,66.6666666666667,1,33.3333333333333,"Zapallar","Zapallar"
2012,"Alcaldes","05602","ALGARROBO",0.416666666666667,25,0,1,NA,"Algarrobo","Algarrobo"
2012,"Alcaldes","13502","ALHUE",0.555555555555555,66.6666666666667,0,1,NA,"Alhué","Alhué"
2012,"Alcaldes","08314","ALTO BIOBIO",0.416666666666667,25,0,1,NA,"Alto Biobío","Alto Biobío"
2012,"Alcaldes","03302","ALTO DEL CARMEN",0.388888888888889,16.6666666666667,0,1,NA,"Alto del Carmen","Alto del Carmen"
2012,"Alcaldes","01107","ALTO HOSPICIO",0.444444444444444,33.3333333333333,0,1,NA,"Alto Hospicio","Alto Hospicio"
2012,"Alcaldes","10202","ANCUD",0.416666666666667,25,0,1,NA,"Ancud","Ancud"
2012,"Alcaldes","04103","ANDACOLLO",0.777777777777778,33.3333333333333,100,1,NA,"Andacollo","Andacollo"
2012,"Alcaldes","09201","ANGOL",0.777777777777778,33.3333333333333,100,1,NA,"Angol","Angol"
2012,"Alcaldes","02101","ANTOFAGASTA",0,0,0,0,NA,"Antofagasta","Antofagasta"
2012,"Alcaldes","08302","ANTUCO",0.833333333333333,50,100,1,NA,"Antuco","Antuco"
2012,"Alcaldes","08202","ARAUCO",0.444444444444444,33.3333333333333,0,1,NA,"Arauco","Arauco"
2012,"Alcaldes","15101","ARICA",0.833333333333333,50,100,1,NA,"Arica","Arica"
2012,"Alcaldes","11201","AYSEN",0.5,50,0,1,NA,"Aisén","Aisén"
2012,"Alcaldes","13402","BUIN",0.4,20,0,1,NA,"Buin","Buin"
2012,"Alcaldes","16102","BULNES",0.5,50,0,1,NA,"Bulnes","Bulnes"
2012,"Alcaldes","05402","CABILDO",0,0,0,0,NA,"Cabildo","Cabildo"
2012,"Alcaldes","12201","CABO DE HORNOS",0.4,20,0,1,NA,"Cabo de Hornos","Cabo de Hornos"
2012,"Alcaldes","08303","CABRERO",0.444444444444444,33.3333333333333,0,1,NA,"Cabrero","Cabrero"
2012,"Alcaldes","02201","CALAMA",0.444444444444444,33.3333333333333,0,1,NA,"Calama","Calama"
2012,"Alcaldes","10102","CALBUCO",0.888888888888889,66.6666666666667,100,1,NA,"Calbuco","Calbuco"
2012,"Alcaldes","03102","CALDERA",0.444444444444444,33.3333333333333,0,1,NA,"Caldera","Caldera"
2012,"Alcaldes","05502","CALERA",0.833333333333333,50,100,1,NA,"Calera","Calera"
2012,"Alcaldes","13403","CALERA DE TANGO",0,0,0,0,NA,"Calera de Tango","Calera de Tango"
2012,"Alcaldes","05302","CALLE LARGA",0.833333333333333,50,100,1,NA,"Calle Larga","Calle Larga"
2012,"Alcaldes","15102","CAMARONES",0.444444444444444,33.3333333333333,0,1,NA,"Camarones","Camarones"
2012,"Alcaldes","01402","CAMINA",0.888888888888889,66.6666666666667,100,1,NA,"Camiña","Camiña"
2012,"Alcaldes","04202","CANELA",0,0,0,0,NA,"Canela","Canela"
2012,"Alcaldes","08203","CANETE",0.888888888888889,66.6666666666667,100,1,NA,"Cañete","Cañete"
2012,"Alcaldes","09102","CARAHUE",0.777777777777778,33.3333333333333,100,1,NA,"Carahue","Carahue"
2012,"Alcaldes","05603","CARTAGENA",0.416666666666667,25,0,1,NA,"Cartagena","Cartagena"
2012,"Alcaldes","05102","CASABLANCA",0.888888888888889,66.6666666666667,100,1,NA,"Casablanca","Casablanca"
2012,"Alcaldes","10201","CASTRO",0.888888888888889,66.6666666666667,100,1,NA,"Castro","Castro"
2012,"Alcaldes","05702","CATEMU",0.833333333333333,50,100,1,NA,"Catemu","Catemu"
2012,"Alcaldes","07201","CAUQUENES",0.833333333333333,50,100,1,NA,"Cauquenes","Cauquenes"
2012,"Alcaldes","13102","CERRILLOS",0.833333333333333,50,100,1,NA,"Cerrillos","Cerrillos"
2012,"Alcaldes","13103","CERRO NAVIA",0.833333333333333,50,100,1,NA,"Cerro Navia","Cerro Navia"
2012,"Alcaldes","10401","CHAITEN",0,0,0,0,NA,"Chaitén","Chaitén"
2012,"Alcaldes","03201","CHANARAL",0.888888888888889,66.6666666666667,100,1,NA,"Chañaral","Chañaral"
2012,"Alcaldes","07202","CHANCO",0.888888888888889,66.6666666666667,100,1,NA,"Chanco","Chanco"
2012,"Alcaldes","06302","CHEPICA",0.444444444444444,33.3333333333333,0,1,NA,"Chépica","Chépica"
2012,"Alcaldes","08103","CHIGUAYANTE",0.833333333333333,50,100,1,NA,"Chiguayante","Chiguayante"
2012,"Alcaldes","11401","CHILE CHICO",0.888888888888889,66.6666666666667,100,1,NA,"Chile Chico","Chile Chico"
2012,"Alcaldes","16101","CHILLAN",0.416666666666667,25,0,1,NA,"Chillán","Chillán"
2012,"Alcaldes","16103","CHILLAN VIEJO",0,0,0,0,NA,"Chillán Viejo","Chillán Viejo"
2012,"Alcaldes","06303","CHIMBARONGO",0.444444444444444,33.3333333333333,0,1,NA,"Chimbarongo","Chimbarongo"
2012,"Alcaldes","09121","CHOLCHOL",0,0,0,0,NA,"Cholchol","Cholchol"
2012,"Alcaldes","10203","CHONCHI",1,100,100,1,NA,"Chonchi","Chonchi"
2012,"Alcaldes","11202","CISNES",1,100,100,1,NA,"Cisnes","Cisnes"
2012,"Alcaldes","16202","COBQUECURA",0.5,50,0,1,NA,"Cobquecura","Cobquecura"
2012,"Alcaldes","10103","COCHAMO",1,100,100,1,NA,"Cochamó","Cochamó"
2012,"Alcaldes","11301","COCHRANE",0,0,0,0,NA,"Cochrane","Cochrane"
2012,"Alcaldes","06102","CODEGUA",0.777777777777778,33.3333333333333,100,1,NA,"Codegua","Codegua"
2012,"Alcaldes","16203","COELEMU",0,0,0,0,NA,"Coelemu","Coelemu"
2012,"Alcaldes","11101","COIHAIQUE",0.777777777777778,33.3333333333333,100,1,NA,"Coihaique","Coihaique"
2012,"Alcaldes","16302","COIHUECO",0.444444444444444,33.3333333333333,0,1,NA,"Coihueco","Coihueco"
2012,"Alcaldes","06103","COINCO",1,100,100,1,NA,"Coinco","Coinco"
2012,"Alcaldes","07402","COLBUN",0.416666666666667,25,0,1,NA,"Colbún","Colbún"
2012,"Alcaldes","01403","COLCHANE",0.75,25,100,1,NA,"Colchane","Colchane"
2012,"Alcaldes","13301","COLINA",0.555555555555555,66.6666666666667,0,1,NA,"Colina","Colina"
2012,"Alcaldes","09202","COLLIPULLI",0.833333333333333,50,100,1,NA,"Collipulli","Collipulli"
2012,"Alcaldes","06104","COLTAUCO",0.733333333333333,20,100,1,NA,"Coltauco","Coltauco"
2012,"Alcaldes","04302","COMBARBALA",0.444444444444444,33.3333333333333,0,1,NA,"Combarbalá","Combarbalá"
2012,"Alcaldes","08101","CONCEPCION",0.833333333333333,50,100,1,NA,"Concepción","Concepción"
2012,"Alcaldes","13104","CONCHALI",0.944444444444445,83.3333333333333,100,1,NA,"Conchalí","Conchalí"
2012,"Alcaldes","05103","CONCON",0.416666666666667,25,0,1,NA,"Concón","Concón"
2012,"Alcaldes","07102","CONSTITUCION",0,0,0,0,NA,"Constitución","Constitución"
2012,"Alcaldes","08204","CONTULMO",0.75,25,100,1,NA,"Contulmo","Contulmo"
2012,"Alcaldes","03101","COPIAPO",0,0,0,0,NA,"Copiapó","Copiapó"
2012,"Alcaldes","04102","COQUIMBO",0.80952380952381,42.8571428571429,100,1,NA,"Coquimbo","Coquimbo"
2012,"Alcaldes","08102","CORONEL",0.444444444444444,33.3333333333333,0,1,NA,"Coronel","Coronel"
2012,"Alcaldes","14102","CORRAL",0.5,50,0,1,NA,"Corral","Corral"
2012,"Alcaldes","09103","CUNCO",0.777777777777778,33.3333333333333,100,1,NA,"Cunco","Cunco"
2012,"Alcaldes","09203","CURACAUTIN",0.5,50,0,1,NA,"Curacautín","Curacautín"
2012,"Alcaldes","13503","CURACAVI",0.5,50,0,1,NA,"Curacaví","Curacaví"
2012,"Alcaldes","10204","CURACO DE VELEZ",0.833333333333333,50,100,1,NA,"Curaco de Vélez","Curaco de Vélez"
2012,"Alcaldes","08205","CURANILAHUE",0.416666666666667,25,0,1,NA,"Curanilahue","Curanilahue"
2012,"Alcaldes","09104","CURARREHUE",0.888888888888889,66.6666666666667,100,1,NA,"Curarrehue","Curarrehue"
2012,"Alcaldes","07103","CUREPTO",0.5,50,0,1,NA,"Curepto","Curepto"
2012,"Alcaldes","07301","CURICO",0.833333333333333,50,100,1,NA,"Curicó","Curicó"
2012,"Alcaldes","10205","DALCAHUE",0.916666666666667,75,100,1,NA,"Dalcahue","Dalcahue"
2012,"Alcaldes","03202","DIEGO DE ALMAGRO",0.833333333333333,50,100,1,NA,"Diego de Almagro","Diego de Almagro"
2012,"Alcaldes","06105","DONIHUE",0.777777777777778,33.3333333333333,100,1,NA,"Doñihue","Doñihue"
2012,"Alcaldes","13105","EL BOSQUE",1,100,100,1,NA,"El Bosque","El Bosque"
2012,"Alcaldes","16104","EL CARMEN",0.833333333333333,50,100,1,NA,"El Carmen","El Carmen"
2012,"Alcaldes","13602","EL MONTE",0.777777777777778,33.3333333333333,100,1,NA,"El Monte","El Monte"
2012,"Alcaldes","05604","EL QUISCO",0.777777777777778,33.3333333333333,100,1,NA,"El Quisco","El Quisco"
2012,"Alcaldes","05605","EL TABO",1,100,100,1,NA,"El Tabo","El Tabo"
2012,"Alcaldes","07104","EMPEDRADO",0.444444444444444,33.3333333333333,0,1,NA,"Empedrado","Empedrado"
2012,"Alcaldes","09204","ERCILLA",0.416666666666667,25,0,1,NA,"Ercilla","Ercilla"
2012,"Alcaldes","13106","ESTACION CENTRAL",0.444444444444444,33.3333333333333,0,1,NA,"Estación Central","Estación Central"
2012,"Alcaldes","08104","FLORIDA",0.714285714285714,14.2857142857143,100,1,NA,"Florida","Florida"
2012,"Alcaldes","09105","FREIRE",0.866666666666667,60,100,1,NA,"Freire","Freire"
2012,"Alcaldes","03303","FREIRINA",0.833333333333333,50,100,1,NA,"Freirina","Freirina"
2012,"Alcaldes","10104","FRESIA",0.5,50,0,1,NA,"Fresia","Fresia"
2012,"Alcaldes","10105","FRUTILLAR",0.888888888888889,66.6666666666667,100,1,NA,"Frutillar","Frutillar"
2012,"Alcaldes","10402","FUTALEUFU",0.777777777777778,33.3333333333333,100,1,NA,"Futaleufú","Futaleufú"
2012,"Alcaldes","14202","FUTRONO",0.833333333333333,50,100,1,NA,"Futrono","Futrono"
2012,"Alcaldes","09106","GALVARINO",0.444444444444444,33.3333333333333,0,1,NA,"Galvarino","Galvarino"
2012,"Alcaldes","15202","GENERAL LAGOS",0.8,40,100,1,NA,"General Lagos","General Lagos"
2012,"Alcaldes","09107","GORBEA",0.833333333333333,50,100,1,NA,"Gorbea","Gorbea"
2012,"Alcaldes","06106","GRANEROS",0.555555555555555,66.6666666666667,0,1,NA,"Graneros","Graneros"
2012,"Alcaldes","11203","GUAITECAS",0.5,50,0,1,NA,"Guaitecas","Guaitecas"
2012,"Alcaldes","05503","HIJUELAS",0.5,50,0,1,NA,"Hijuelas","Hijuelas"
2012,"Alcaldes","10403","HUALAIHUE",0.777777777777778,33.3333333333333,100,1,NA,"Hualaihué","Hualaihué"
2012,"Alcaldes","07302","HUALANE",0.888888888888889,66.6666666666667,100,1,NA,"Hualañé","Hualañé"
2012,"Alcaldes","08112","HUALPEN",0.761904761904762,28.5714285714286,100,1,NA,"Hualpén","Hualpén"
2012,"Alcaldes","08105","HUALQUI",0,0,0,0,NA,"Hualqui","Hualqui"
2012,"Alcaldes","01404","HUARA",0.916666666666667,75,100,1,NA,"Huara","Huara"
2012,"Alcaldes","03304","HUASCO",0.777777777777778,33.3333333333333,100,1,NA,"Huasco","Huasco"
2012,"Alcaldes","13107","HUECHURABA",0.733333333333333,20,100,1,NA,"Huechuraba","Huechuraba"
2012,"Alcaldes","04201","ILLAPEL",0,0,0,0,NA,"Illapel","Illapel"
2012,"Alcaldes","13108","INDEPENDENCIA",1,100,100,1,NA,"Independencia","Independencia"
2012,"Alcaldes","01101","IQUIQUE",0.444444444444444,33.3333333333333,0,1,NA,"Iquique","Iquique"
2012,"Alcaldes","13603","ISLA DE MAIPO",0.916666666666667,75,100,1,NA,"Isla de Maipo","Isla de Maipo"
2012,"Alcaldes","05201","ISLA DE PASCUA",0.8,40,100,1,NA,"Isla de Pascua","Isla de Pascua"
2012,"Alcaldes","05104","JUAN FERNANDEZ",0.555555555555555,66.6666666666667,0,1,NA,"Juan Fernández","Juan Fernández"
2012,"Alcaldes","13109","LA CISTERNA",0.75,25,100,1,NA,"La Cisterna","La Cisterna"
2012,"Alcaldes","05504","LA CRUZ",0.5,50,0,1,NA,"La Cruz","La Cruz"
2012,"Alcaldes","06202","LA ESTRELLA",0,0,0,0,NA,"La Estrella","La Estrella"
2012,"Alcaldes","13110","LA FLORIDA",0.466666666666667,40,0,1,NA,"La Florida","La Florida"
2012,"Alcaldes","13111","LA GRANJA",0.888888888888889,66.6666666666667,100,1,NA,"La Granja","La Granja"
2012,"Alcaldes","04104","LA HIGUERA",0.416666666666667,25,0,1,NA,"La Higuera","La Higuera"
2012,"Alcaldes","05401","LA LIGUA",0.888888888888889,66.6666666666667,100,1,NA,"La Ligua","La Ligua"
2012,"Alcaldes","13112","LA PINTANA",0.888888888888889,66.6666666666667,100,1,NA,"La Pintana","La Pintana"
2012,"Alcaldes","13113","LA REINA",0.916666666666667,75,100,1,NA,"La Reina","La Reina"
2012,"Alcaldes","04101","LA SERENA",0.833333333333333,50,100,1,NA,"La Serena","La Serena"
2012,"Alcaldes","14201","LA UNION",1,100,100,1,NA,"La Unión","La Unión"
2012,"Alcaldes","14203","LAGO RANCO",1,100,100,1,NA,"Lago Ranco","Lago Ranco"
2012,"Alcaldes","11102","LAGO VERDE",0.416666666666667,25,0,1,NA,"Lago Verde","Lago Verde"
2012,"Alcaldes","12102","LAGUNA BLANCA",0,0,0,0,NA,"Laguna Blanca","Laguna Blanca"
2012,"Alcaldes","08304","LAJA",0.833333333333333,50,100,1,NA,"Laja","Laja"
2012,"Alcaldes","13302","LAMPA",0.8,40,100,1,NA,"Lampa","Lampa"
2012,"Alcaldes","14103","LANCO",1,100,100,1,NA,"Lanco","Lanco"
2012,"Alcaldes","06107","LAS CABRAS",0.4,20,0,1,NA,"Las Cabras","Las Cabras"
2012,"Alcaldes","13114","LAS CONDES",0.444444444444444,33.3333333333333,0,1,NA,"Las Condes","Las Condes"
2012,"Alcaldes","09108","LAUTARO",0.733333333333333,20,100,1,NA,"Lautaro","Lautaro"
2012,"Alcaldes","08201","LEBU",0.555555555555555,66.6666666666667,0,1,NA,"Lebu","Lebu"
2012,"Alcaldes","07303","LICANTEN",0.444444444444444,33.3333333333333,0,1,NA,"Licantén","Licantén"
2012,"Alcaldes","05802","LIMACHE",0.5,50,0,1,NA,"Limache","Limache"
2012,"Alcaldes","07401","LINARES",0.5,50,0,1,NA,"Linares","Linares"
2012,"Alcaldes","06203","LITUECHE",0.5,50,0,1,NA,"Litueche","Litueche"
2012,"Alcaldes","05703","LLAILLAY",0.833333333333333,50,100,1,NA,"Llaillay","Llaillay"
2012,"Alcaldes","10107","LLANQUIHUE",0.833333333333333,50,100,1,NA,"Llanquihue","Llanquihue"
2012,"Alcaldes","13115","LO BARNECHEA",0.916666666666667,75,100,1,NA,"Lo Barnechea","Lo Barnechea"
2012,"Alcaldes","13116","LO ESPEJO",0.777777777777778,33.3333333333333,100,1,NA,"Lo Espejo","Lo Espejo"
2012,"Alcaldes","13117","LO PRADO",1,100,100,1,NA,"Lo Prado","Lo Prado"
2012,"Alcaldes","06304","LOLOL",0.444444444444444,33.3333333333333,0,1,NA,"Lolol","Lolol"
2012,"Alcaldes","09109","LONCOCHE",1,100,100,1,NA,"Loncoche","Loncoche"
2012,"Alcaldes","07403","LONGAVI",0.75,25,100,1,NA,"Longaví","Longaví"
2012,"Alcaldes","09205","LONQUIMAY",0.5,50,0,1,NA,"Lonquimay","Lonquimay"
2012,"Alcaldes","08206","LOS ALAMOS",0.4,20,0,1,NA,"Los Alamos","Los Alamos"
2012,"Alcaldes","05301","LOS ANDES",0.777777777777778,33.3333333333333,100,1,NA,"Los Andes","Los Andes"
2012,"Alcaldes","08301","LOS ANGELES",0.777777777777778,33.3333333333333,100,1,NA,"Los Angeles","Los Angeles"
2012,"Alcaldes","14104","LOS LAGOS",0.722222222222222,16.6666666666667,100,1,NA,"Los Lagos","Los Lagos"
2012,"Alcaldes","10106","LOS MUERMOS",0.5,50,0,1,NA,"Los Muermos","Los Muermos"
2012,"Alcaldes","09206","LOS SAUCES",0.555555555555555,66.6666666666667,0,1,NA,"Los Sauces","Los Sauces"
2012,"Alcaldes","04203","LOS VILOS",0.444444444444444,33.3333333333333,0,1,NA,"Los Vilos","Los Vilos"
2012,"Alcaldes","08106","LOTA",0.466666666666667,40,0,1,NA,"Lota","Lota"
2012,"Alcaldes","09207","LUMACO",0.444444444444444,33.3333333333333,0,1,NA,"Lumaco","Lumaco"
2012,"Alcaldes","06108","MACHALI",0.444444444444444,33.3333333333333,0,1,NA,"Machalí","Machalí"
2012,"Alcaldes","13118","MACUL",0.8,40,100,1,NA,"Macul","Macul"
2012,"Alcaldes","14105","MAFIL",0.916666666666667,75,100,1,NA,"Máfil","Máfil"
2012,"Alcaldes","13119","MAIPU",0.833333333333333,50,100,1,NA,"Maipú","Maipú"
2012,"Alcaldes","06109","MALLOA",0.777777777777778,33.3333333333333,100,1,NA,"Malloa","Malloa"
2012,"Alcaldes","06204","MARCHIHUE",0.5,50,0,1,NA,"Marchihue","Marchihue"
2012,"Alcaldes","02302","MARIA ELENA",0.75,25,100,1,NA,"María Elena","María Elena"
2012,"Alcaldes","13504","MARIA PINTO",0.555555555555555,66.6666666666667,0,1,NA,"María Pinto","María Pinto"
2012,"Alcaldes","14106","MARIQUINA",1,100,100,1,NA,"Mariquina","Mariquina"
2012,"Alcaldes","07105","MAULE",0.777777777777778,33.3333333333333,100,1,NA,"Maule","Maule"
2012,"Alcaldes","10108","MAULLIN",0.777777777777778,33.3333333333333,100,1,NA,"Maullín","Maullín"
2012,"Alcaldes","02102","MEJILLONES",0.888888888888889,66.6666666666667,100,1,NA,"Mejillones","Mejillones"
2012,"Alcaldes","09110","MELIPEUCO",0,0,0,0,NA,"Melipeuco","Melipeuco"
2012,"Alcaldes","13501","MELIPILLA",0.833333333333333,50,100,1,NA,"Melipilla","Melipilla"
2012,"Alcaldes","07304","MOLINA",0.8,40,100,1,NA,"Molina","Molina"
2012,"Alcaldes","04303","MONTE PATRIA",0.833333333333333,50,100,1,NA,"Monte Patria","Monte Patria"
2012,"Alcaldes","06110","MOSTAZAL",0.555555555555555,66.6666666666667,0,1,NA,"Mostazal","Mostazal"
2012,"Alcaldes","08305","MULCHEN",0.833333333333333,50,100,1,NA,"Mulchén","Mulchén"
2012,"Alcaldes","08306","NACIMIENTO",0.833333333333333,50,100,1,NA,"Nacimiento","Nacimiento"
2012,"Alcaldes","06305","NANCAGUA",0,0,0,0,NA,"Nancagua","Nancagua"
2012,"Alcaldes","12401","NATALES",0.5,50,0,1,NA,"Natales","Natales"
2012,"Alcaldes","06205","NAVIDAD",0.444444444444444,33.3333333333333,0,1,NA,"Navidad","Navidad"
2012,"Alcaldes","08307","NEGRETE",0.466666666666667,40,0,1,NA,"Negrete","Negrete"
2012,"Alcaldes","16204","NINHUE",1,100,100,1,NA,"Ninhue","Ninhue"
2012,"Alcaldes","16303","NIQUEN",0.444444444444444,33.3333333333333,0,1,NA,"Ñiquén","Ñiquén"
2012,"Alcaldes","05506","NOGALES",0.777777777777778,33.3333333333333,100,1,NA,"Nogales","Nogales"
2012,"Alcaldes","09111","NUEVA IMPERIAL",0.888888888888889,66.6666666666667,100,1,NA,"Nueva Imperial","Nueva Imperial"
2012,"Alcaldes","13120","NUNOA",0.916666666666667,75,100,1,NA,"Ñuñoa","Ñuñoa"
2012,"Alcaldes","11302","OHIGGINS",0,0,0,0,NA,"O'Higgins","O'Higgins"
2012,"Alcaldes","06111","OLIVAR",0.444444444444444,33.3333333333333,0,1,NA,"Olivar","Olivar"
2012,"Alcaldes","02202","OLLAGUE",0.555555555555555,66.6666666666667,0,1,NA,"Ollagüe","Ollagüe"
2012,"Alcaldes","05803","OLMUE",0.444444444444444,33.3333333333333,0,1,NA,"Olmué","Olmué"
2012,"Alcaldes","10301","OSORNO",0.777777777777778,33.3333333333333,100,1,NA,"Osorno","Osorno"
2012,"Alcaldes","04301","OVALLE",0.4,20,0,1,NA,"Ovalle","Ovalle"
2012,"Alcaldes","13604","PADRE HURTADO",1,100,100,1,NA,"Padre Hurtado","Padre Hurtado"
2012,"Alcaldes","09112","PADRE LAS CASAS",0.888888888888889,66.6666666666667,100,1,NA,"Padre Las Casas","Padre Las Casas"
2012,"Alcaldes","04105","PAIGUANO",1,100,100,1,NA,"Paiguano","Paiguano"
2012,"Alcaldes","14107","PAILLACO",0.888888888888889,66.6666666666667,100,1,NA,"Paillaco","Paillaco"
2012,"Alcaldes","13404","PAINE",1,100,100,1,NA,"Paine","Paine"
2012,"Alcaldes","10404","PALENA",1,100,100,1,NA,"Palena","Palena"
2012,"Alcaldes","06306","PALMILLA",0.888888888888889,66.6666666666667,100,1,NA,"Palmilla","Palmilla"
2012,"Alcaldes","14108","PANGUIPULLI",0.888888888888889,66.6666666666667,100,1,NA,"Panguipulli","Panguipulli"
2012,"Alcaldes","05704","PANQUEHUE",0.5,50,0,1,NA,"Panquehue","Panquehue"
2012,"Alcaldes","05403","PAPUDO",0.833333333333333,50,100,1,NA,"Papudo","Papudo"
2012,"Alcaldes","06206","PAREDONES",0.777777777777778,33.3333333333333,100,1,NA,"Paredones","Paredones"
2012,"Alcaldes","07404","PARRAL",0.5,50,0,1,NA,"Parral","Parral"
2012,"Alcaldes","13121","PEDRO AGUIRRE CERDA",0.833333333333333,50,100,1,NA,"Pedro Aguirre Cerda","Pedro Aguirre Cerda"
2012,"Alcaldes","07106","PELARCO",0.444444444444444,33.3333333333333,0,1,NA,"Pelarco","Pelarco"
2012,"Alcaldes","07203","PELLUHUE",0.444444444444444,33.3333333333333,0,1,NA,"Pelluhue","Pelluhue"
2012,"Alcaldes","16105","PEMUCO",0.466666666666667,40,0,1,NA,"Pemuco","Pemuco"
2012,"Alcaldes","13605","PENAFLOR",0.555555555555555,66.6666666666667,0,1,NA,"Peñaflor","Peñaflor"
2012,"Alcaldes","13122","PENALOLEN",0.866666666666667,60,100,1,NA,"Peñalolén","Peñalolén"
2012,"Alcaldes","07107","PENCAHUE",0.916666666666667,75,100,1,NA,"Pencahue","Pencahue"
2012,"Alcaldes","08107","PENCO",0.777777777777778,33.3333333333333,100,1,NA,"Penco","Penco"
2012,"Alcaldes","06307","PERALILLO",0.777777777777778,33.3333333333333,100,1,NA,"Peralillo","Peralillo"
2012,"Alcaldes","09113","PERQUENCO",1,100,100,1,NA,"Perquenco","Perquenco"
2012,"Alcaldes","05404","PETORCA",0.416666666666667,25,0,1,NA,"Petorca","Petorca"
2012,"Alcaldes","06112","PEUMO",0.555555555555555,66.6666666666667,0,1,NA,"Peumo","Peumo"
2012,"Alcaldes","01405","PICA",0.833333333333333,50,100,1,NA,"Pica","Pica"
2012,"Alcaldes","06113","PICHIDEGUA",0.833333333333333,50,100,1,NA,"Pichidegua","Pichidegua"
2012,"Alcaldes","06201","PICHILEMU",0.833333333333333,50,100,1,NA,"Pichilemu","Pichilemu"
2012,"Alcaldes","16106","PINTO",0,0,0,0,NA,"Pinto","Pinto"
2012,"Alcaldes","13202","PIRQUE",0.888888888888889,66.6666666666667,100,1,NA,"Pirque","Pirque"
2012,"Alcaldes","09114","PITRUFQUEN",0,0,0,0,NA,"Pitrufquén","Pitrufquén"
2012,"Alcaldes","06308","PLACILLA",0,0,0,0,NA,"Placilla","Placilla"
2012,"Alcaldes","16205","PORTEZUELO",0.833333333333333,50,100,1,NA,"Portezuelo","Portezuelo"
2012,"Alcaldes","12301","PORVENIR",0,0,0,0,NA,"Porvenir","Porvenir"
2012,"Alcaldes","01401","POZO ALMONTE",0.466666666666667,40,0,1,NA,"Pozo Almonte","Pozo Almonte"
2012,"Alcaldes","12302","PRIMAVERA",0,0,0,0,NA,"Primavera","Primavera"
2012,"Alcaldes","13123","PROVIDENCIA",0,0,0,0,NA,"Providencia","Providencia"
2012,"Alcaldes","05105","PUCHUNCAVI",0,0,0,0,NA,"Puchuncaví","Puchuncaví"
2012,"Alcaldes","09115","PUCON",1,100,100,1,NA,"Pucón","Pucón"
2012,"Alcaldes","13124","PUDAHUEL",0.777777777777778,33.3333333333333,100,1,NA,"Pudahuel","Pudahuel"
2012,"Alcaldes","13201","PUENTE ALTO",0.866666666666667,60,100,1,NA,"Puente Alto","Puente Alto"
2012,"Alcaldes","10101","PUERTO MONTT",0.866666666666667,60,100,1,NA,"Puerto Montt","Puerto Montt"
2012,"Alcaldes","10302","PUERTO OCTAY",0.777777777777778,33.3333333333333,100,1,NA,"Puerto Octay","Puerto Octay"
2012,"Alcaldes","10109","PUERTO VARAS",0.777777777777778,33.3333333333333,100,1,NA,"Puerto Varas","Puerto Varas"
2012,"Alcaldes","06309","PUMANQUE",1,100,100,1,NA,"Pumanque","Pumanque"
2012,"Alcaldes","04304","PUNITAQUI",0,0,0,0,NA,"Punitaqui","Punitaqui"
2012,"Alcaldes","12101","PUNTA ARENAS",0,0,0,0,NA,"Punta Arenas","Punta Arenas"
2012,"Alcaldes","10206","PUQUELDON",0.444444444444444,33.3333333333333,0,1,NA,"Puqueldón","Puqueldón"
2012,"Alcaldes","09208","PUREN",1,100,100,1,NA,"Purén","Purén"
2012,"Alcaldes","10303","PURRANQUE",0.777777777777778,33.3333333333333,100,1,NA,"Purranque","Purranque"
2012,"Alcaldes","05705","PUTAENDO",0.833333333333333,50,100,1,NA,"Putaendo","Putaendo"
2012,"Alcaldes","15201","PUTRE",0.833333333333333,50,100,1,NA,"Putre","Putre"
2012,"Alcaldes","10304","PUYEHUE",0.833333333333333,50,100,1,NA,"Puyehue","Puyehue"
2012,"Alcaldes","10207","QUEILEN",0.444444444444444,33.3333333333333,0,1,NA,"Queilén","Queilén"
2012,"Alcaldes","10208","QUELLON",0.888888888888889,66.6666666666667,100,1,NA,"Quellón","Quellón"
2012,"Alcaldes","10209","QUEMCHI",0.444444444444444,33.3333333333333,0,1,NA,"Quemchi","Quemchi"
2012,"Alcaldes","08308","QUILACO",0.444444444444444,33.3333333333333,0,1,NA,"Quilaco","Quilaco"
2012,"Alcaldes","13125","QUILICURA",0.416666666666667,25,0,1,NA,"Quilicura","Quilicura"
2012,"Alcaldes","08309","QUILLECO",0,0,0,0,NA,"Quilleco","Quilleco"
2012,"Alcaldes","16107","QUILLON",0.888888888888889,66.6666666666667,100,1,NA,"Quillón","Quillón"
2012,"Alcaldes","05501","QUILLOTA",1,100,100,1,NA,"Quillota","Quillota"
2012,"Alcaldes","05801","QUILPUE",0.8,40,100,1,NA,"Quilpué","Quilpué"
2012,"Alcaldes","10210","QUINCHAO",0,0,0,0,NA,"Quinchao","Quinchao"
2012,"Alcaldes","06114","QUINTA DE TILCOCO",0.888888888888889,66.6666666666667,100,1,NA,"Quinta de Tilcoco","Quinta de Tilcoco"
2012,"Alcaldes","13126","QUINTA NORMAL",0.833333333333333,50,100,1,NA,"Quinta Normal","Quinta Normal"
2012,"Alcaldes","05107","QUINTERO",0,0,0,0,NA,"Quintero","Quintero"
2012,"Alcaldes","16201","QUIRIHUE",0.8,40,100,1,NA,"Quirihue","Quirihue"
2012,"Alcaldes","06101","RANCAGUA",0.5,50,0,1,NA,"Rancagua","Rancagua"
2012,"Alcaldes","16206","RANQUIL",0.5,50,0,1,NA,"Ranquil","Ranquil"
2012,"Alcaldes","07305","RAUCO",0.888888888888889,66.6666666666667,100,1,NA,"Rauco","Rauco"
2012,"Alcaldes","13127","RECOLETA",0.833333333333333,50,100,1,NA,"Recoleta","Recoleta"
2012,"Alcaldes","09209","RENAICO",0.416666666666667,25,0,1,NA,"Renaico","Renaico"
2012,"Alcaldes","13128","RENCA",0.583333333333333,75,0,1,NA,"Renca","Renca"
2012,"Alcaldes","06115","RENGO",0.4,20,0,1,NA,"Rengo","Rengo"
2012,"Alcaldes","06116","REQUINOA",0,0,0,0,NA,"Requínoa","Requínoa"
2012,"Alcaldes","07405","RETIRO",1,100,100,1,NA,"Retiro","Retiro"
2012,"Alcaldes","05303","RINCONADA",0.833333333333333,50,100,1,NA,"Rinconada","Rinconada"
2012,"Alcaldes","14204","RIO BUENO",0.5,50,0,1,NA,"Río Bueno","Río Bueno"
2012,"Alcaldes","07108","RIO CLARO",0.888888888888889,66.6666666666667,100,1,NA,"Río Claro","Río Claro"
2012,"Alcaldes","04305","RIO HURTADO",1,100,100,1,NA,"Río Hurtado","Río Hurtado"
2012,"Alcaldes","11402","RIO IBANEZ",0.5,50,0,1,NA,"Río Ibáñez","Río Ibáñez"
2012,"Alcaldes","10305","RIO NEGRO",1,100,100,1,NA,"Río Negro","Río Negro"
2012,"Alcaldes","12103","RIO VERDE",0,0,0,0,NA,"Río Verde","Río Verde"
2012,"Alcaldes","07306","ROMERAL",0.444444444444444,33.3333333333333,0,1,NA,"Romeral","Romeral"
2012,"Alcaldes","09116","SAAVEDRA",0.466666666666667,40,0,1,NA,"Saavedra","Saavedra"
2012,"Alcaldes","07307","SAGRADA FAMILIA",0.444444444444444,33.3333333333333,0,1,NA,"Sagrada Familia","Sagrada Familia"
2012,"Alcaldes","04204","SALAMANCA",0.888888888888889,66.6666666666667,100,1,NA,"Salamanca","Salamanca"
2012,"Alcaldes","05601","SAN ANTONIO",0,0,0,0,NA,"San Antonio","San Antonio"
2012,"Alcaldes","13401","SAN BERNARDO",0.6,80,0,1,NA,"San Bernardo","San Bernardo"
2012,"Alcaldes","16301","SAN CARLOS",0.888888888888889,66.6666666666667,100,1,NA,"San Carlos","San Carlos"
2012,"Alcaldes","07109","SAN CLEMENTE",0.888888888888889,66.6666666666667,100,1,NA,"San Clemente","San Clemente"
2012,"Alcaldes","05304","SAN ESTEBAN",0.555555555555555,66.6666666666667,0,1,NA,"San Esteban","San Esteban"
2012,"Alcaldes","16304","SAN FABIAN",0.5,50,0,1,NA,"San Fabián","San Fabián"
2012,"Alcaldes","05701","SAN FELIPE",0.416666666666667,25,0,1,NA,"San Felipe","San Felipe"
2012,"Alcaldes","06301","SAN FERNANDO",0.4,20,0,1,NA,"San Fernando","San Fernando"
2012,"Alcaldes","12104","SAN GREGORIO",0.5,50,0,1,NA,"San Gregorio","San Gregorio"
2012,"Alcaldes","16108","SAN IGNACIO",0.777777777777778,33.3333333333333,100,1,NA,"San Ignacio","San Ignacio"
2012,"Alcaldes","07406","SAN JAVIER",0.833333333333333,50,100,1,NA,"San Javier","San Javier"
2012,"Alcaldes","13129","SAN JOAQUIN",0.555555555555555,66.6666666666667,0,1,NA,"San Joaquín","San Joaquín"
2012,"Alcaldes","13203","SAN JOSE DE MAIPO",0.80952380952381,42.8571428571429,100,1,NA,"San José de Maipo","San José de Maipo"
2012,"Alcaldes","10306","SAN JUAN DE LA COSTA",0.833333333333333,50,100,1,NA,"San Juan de la Costa","San Juan de la Costa"
2012,"Alcaldes","13130","SAN MIGUEL",0.933333333333333,80,100,1,NA,"San Miguel","San Miguel"
2012,"Alcaldes","16305","SAN NICOLAS",0.833333333333333,50,100,1,NA,"San Nicolás","San Nicolás"
2012,"Alcaldes","10307","SAN PABLO",0.833333333333333,50,100,1,NA,"San Pablo","San Pablo"
2012,"Alcaldes","13505","SAN PEDRO",0.777777777777778,33.3333333333333,100,1,NA,"San Pedro","San Pedro"
2012,"Alcaldes","02203","SAN PEDRO DE ATACAMA",0.714285714285714,14.2857142857143,100,1,NA,"San Pedro de Atacama","San Pedro de Atacama"
2012,"Alcaldes","08108","SAN PEDRO DE LA PAZ",0.4,20,0,1,NA,"San Pedro de la Paz","San Pedro de la Paz"
2012,"Alcaldes","07110","SAN RAFAEL",0.8,40,100,1,NA,"San Rafael","San Rafael"
2012,"Alcaldes","13131","SAN RAMON",0.866666666666667,60,100,1,NA,"San Ramón","San Ramón"
2012,"Alcaldes","08310","SAN ROSENDO",0.888888888888889,66.6666666666667,100,1,NA,"San Rosendo","San Rosendo"
2012,"Alcaldes","06117","SAN VICENTE",0.777777777777778,33.3333333333333,100,1,NA,"San Vicente","San Vicente"
2012,"Alcaldes","08311","SANTA BARBARA",0.777777777777778,33.3333333333333,100,1,NA,"Santa Bárbara","Santa Bárbara"
2012,"Alcaldes","06310","SANTA CRUZ",0.5,50,0,1,NA,"Santa Cruz","Santa Cruz"
2012,"Alcaldes","08109","SANTA JUANA",0.777777777777778,33.3333333333333,100,1,NA,"Santa Juana","Santa Juana"
2012,"Alcaldes","05706","SANTA MARIA",1,100,100,1,NA,"Santa María","Santa María"
2012,"Alcaldes","13101","SANTIAGO",0.866666666666667,60,100,1,NA,"Santiago","Santiago"
2012,"Alcaldes","05606","SANTO DOMINGO",0,0,0,0,NA,"Santo Domingo","Santo Domingo"
2012,"Alcaldes","02103","SIERRA GORDA",0.5,50,0,1,NA,"Sierra Gorda","Sierra Gorda"
2012,"Alcaldes","13601","TALAGANTE",0,0,0,0,NA,"Talagante","Talagante"
2012,"Alcaldes","07101","TALCA",0.533333333333333,60,0,1,NA,"Talca","Talca"
2012,"Alcaldes","08110","TALCAHUANO",0.733333333333333,20,100,1,NA,"Talcahuano","Talcahuano"
2012,"Alcaldes","02104","TALTAL",0.833333333333333,50,100,1,NA,"Taltal","Taltal"
2012,"Alcaldes","09101","TEMUCO",0.833333333333333,50,100,1,NA,"Temuco","Temuco"
2012,"Alcaldes","07308","TENO",0,0,0,0,NA,"Teno","Teno"
2012,"Alcaldes","09117","TEODORO SCHMIDT",1,100,100,1,NA,"Teodoro Schmidt","Teodoro Schmidt"
2012,"Alcaldes","03103","TIERRA AMARILLA",0.888888888888889,66.6666666666667,100,1,NA,"Tierra Amarilla","Tierra Amarilla"
2012,"Alcaldes","13303","TILTIL",0.4,20,0,1,NA,"Tiltil","Tiltil"
2012,"Alcaldes","12303","TIMAUKEL",0.416666666666667,25,0,1,NA,"Timaukel","Timaukel"
2012,"Alcaldes","08207","TIRUA",0.5,50,0,1,NA,"Tirúa","Tirúa"
2012,"Alcaldes","02301","TOCOPILLA",0.388888888888889,16.6666666666667,0,1,NA,"Tocopilla","Tocopilla"
2012,"Alcaldes","09118","TOLTEN",0.555555555555555,66.6666666666667,0,1,NA,"Toltén","Toltén"
2012,"Alcaldes","08111","TOME",0.733333333333333,20,100,1,NA,"Tomé","Tomé"
2012,"Alcaldes","12402","TORRES DEL PAINE",0,0,0,0,NA,"Torres del Paine","Torres del Paine"
2012,"Alcaldes","11303","TORTEL",1,100,100,1,NA,"Tortel","Tortel"
2012,"Alcaldes","09210","TRAIGUEN",0.416666666666667,25,0,1,NA,"Traiguén","Traiguén"
2012,"Alcaldes","16207","TREGUACO",0,0,0,0,NA,"Treguaco","Treguaco"
2012,"Alcaldes","08312","TUCAPEL",0,0,0,0,NA,"Tucapel","Tucapel"
2012,"Alcaldes","14101","VALDIVIA",0.5,50,0,1,NA,"Valdivia","Valdivia"
2012,"Alcaldes","03301","VALLENAR",0.888888888888889,66.6666666666667,100,1,NA,"Vallenar","Vallenar"
2012,"Alcaldes","05101","VALPARAISO",0.5,50,0,1,NA,"Valparaíso","Valparaíso"
2012,"Alcaldes","07309","VICHUQUEN",0.916666666666667,75,100,1,NA,"Vichuquén","Vichuquén"
2012,"Alcaldes","09211","VICTORIA",0.444444444444444,33.3333333333333,0,1,NA,"Victoria","Victoria"
2012,"Alcaldes","04106","VICUNA",0.777777777777778,33.3333333333333,100,1,NA,"Vicuña","Vicuña"
2012,"Alcaldes","09119","VILCUN",0.777777777777778,33.3333333333333,100,1,NA,"Vilcún","Vilcún"
2012,"Alcaldes","07407","VILLA ALEGRE",0.888888888888889,66.6666666666667,100,1,NA,"Villa Alegre","Villa Alegre"
2012,"Alcaldes","05804","VILLA ALEMANA",0.5,50,0,1,NA,"Villa Alemana","Villa Alemana"
2012,"Alcaldes","09120","VILLARRICA",0.888888888888889,66.6666666666667,100,1,NA,"Villarrica","Villarrica"
2012,"Alcaldes","05109","VINA DEL MAR",0.5,50,0,1,NA,"Viña del Mar","Viña del Mar"
2012,"Alcaldes","13132","VITACURA",1,100,100,1,NA,"Vitacura","Vitacura"
2012,"Alcaldes","07408","YERBAS BUENAS",0.444444444444444,33.3333333333333,0,1,NA,"Yerbas Buenas","Yerbas Buenas"
2012,"Alcaldes","08313","YUMBEL",0.75,25,100,1,NA,"Yumbel","Yumbel"
2012,"Alcaldes","16109","YUNGAY",0.444444444444444,33.3333333333333,0,1,NA,"Yungay","Yungay"
2012,"Alcaldes","05405","ZAPALLAR",0.833333333333333,50,100,1,NA,"Zapallar","Zapallar"
2012,"Concejales","05602","ALGARROBO",0.570505050505051,32,33.3333333333333,1,NA,"Algarrobo","Algarrobo"
2012,"Concejales","13502","ALHUE",0.929292929292929,66.6666666666667,100,1,NA,"Alhué","Alhué"
2012,"Concejales","08314","ALTO BIOBIO",0.480808080808081,23.3333333333333,16.6666666666667,1,NA,"Alto Biobío","Alto Biobío"
2012,"Concejales","03302","ALTO DEL CARMEN",0.623809523809524,31.4285714285714,50,1,NA,"Alto del Carmen","Alto del Carmen"
2012,"Concejales","01107","ALTO HOSPICIO",0.635786435786436,48.5714285714286,33.3333333333333,1,NA,"Alto Hospicio","Alto Hospicio"
2012,"Concejales","10202","ANCUD",0.745230078563412,48.1481481481481,66.6666666666667,1,NA,"Ancud","Ancud"
2012,"Concejales","04103","ANDACOLLO",0.840909090909091,58.3333333333333,83.3333333333333,1,NA,"Andacollo","Andacollo"
2012,"Concejales","09201","ANGOL",0.689090909090909,48,50,1,NA,"Angol","Angol"
2012,"Concejales","02101","ANTOFAGASTA",0.745935545935546,53.968253968254,60,1,NA,"Antofagasta","Antofagasta"
2012,"Concejales","08302","ANTUCO",0.676593521421108,44.8275862068966,50,1,NA,"Antuco","Antuco"
2012,"Concejales","08202","ARAUCO",0.768939393939394,54.1666666666667,66.6666666666667,1,NA,"Arauco","Arauco"
2012,"Concejales","15101","ARICA",0.700622665006227,42.4657534246575,60,1,NA,"Arica","Arica"
2012,"Concejales","11201","AYSEN",0.657575757575758,40,50,1,NA,"Aisén","Aisén"
2012,"Concejales","13402","BUIN",0.774410774410774,55.5555555555556,66.6666666666667,1,NA,"Buin","Buin"
2012,"Concejales","16102","BULNES",0.619528619528619,44.4444444444444,33.3333333333333,1,NA,"Bulnes","Bulnes"
2012,"Concejales","05402","CABILDO",0.640692640692641,35.7142857142857,50,1,NA,"Cabildo","Cabildo"
2012,"Concejales","12201","CABO DE HORNOS",0.543039086517347,39.1304347826087,16.6666666666667,1,NA,"Cabo de Hornos","Cabo de Hornos"
2012,"Concejales","08303","CABRERO",0.668831168831169,42.8571428571429,50,1,NA,"Cabrero","Cabrero"
2012,"Concejales","02201","CALAMA",0.701346801346801,51.1111111111111,50,1,NA,"Calama","Calama"
2012,"Concejales","10102","CALBUCO",0.635060280221571,48.3870967741936,33.3333333333333,1,NA,"Calbuco","Calbuco"
2012,"Concejales","03102","CALDERA",0.670707070707071,43.3333333333333,50,1,NA,"Caldera","Caldera"
2012,"Concejales","05502","CALERA",0.836219336219336,57.1428571428571,83.3333333333333,1,NA,"Calera","Calera"
2012,"Concejales","13403","CALERA DE TANGO",0.752525252525252,50,66.6666666666667,1,NA,"Calera de Tango","Calera de Tango"
2012,"Concejales","05302","CALLE LARGA",0.644444444444444,36.6666666666667,50,1,NA,"Calle Larga","Calle Larga"
2012,"Concejales","15102","CAMARONES",0.639784946236559,35.4838709677419,50,1,NA,"Camarones","Camarones"
2012,"Concejales","01402","CAMINA",0.654150197628458,39.1304347826087,50,1,NA,"Camiña","Camiña"
2012,"Concejales","04202","CANELA",0.801288749564612,48.2758620689655,83.3333333333333,1,NA,"Canela","Canela"
2012,"Concejales","08203","CANETE",0.781818181818182,43.3333333333333,83.3333333333333,1,NA,"Cañete","Cañete"
2012,"Concejales","09102","CARAHUE",0.72266139657444,56.5217391304348,50,1,NA,"Carahue","Carahue"
2012,"Concejales","05603","CARTAGENA",0.728739002932551,58.0645161290323,50,1,NA,"Cartagena","Cartagena"
2012,"Concejales","05102","CASABLANCA",0.745230078563412,48.1481481481481,66.6666666666667,1,NA,"Casablanca","Casablanca"
2012,"Concejales","10201","CASTRO",0.774410774410774,55.5555555555556,66.6666666666667,1,NA,"Castro","Castro"
2012,"Concejales","05702","CATEMU",0.839850114043662,58.0645161290323,83.3333333333333,1,NA,"Catemu","Catemu"
2012,"Concejales","07201","CAUQUENES",0.885155906895037,69.5652173913043,83.3333333333333,1,NA,"Cauquenes","Cauquenes"
2012,"Concejales","13102","CERRILLOS",0.808080808080808,50,83.3333333333333,1,NA,"Cerrillos","Cerrillos"
2012,"Concejales","13103","CERRO NAVIA",0.784493874919407,51.063829787234,75,1,NA,"Cerro Navia","Cerro Navia"
2012,"Concejales","10401","CHAITEN",0.612554112554113,28.5714285714286,50,1,NA,"Chaitén","Chaitén"
2012,"Concejales","03201","CHANARAL",0.801288749564612,48.2758620689655,83.3333333333333,1,NA,"Chañaral","Chañaral"
2012,"Concejales","07202","CHANCO",0.657575757575758,40,50,1,NA,"Chanco","Chanco"
2012,"Concejales","06302","CHEPICA",0.55959595959596,43.3333333333333,16.6666666666667,1,NA,"Chépica","Chépica"
2012,"Concejales","08103","CHIGUAYANTE",0.845012626262626,59.375,83.3333333333333,1,NA,"Chiguayante","Chiguayante"
2012,"Concejales","11401","CHILE CHICO",0.570505050505051,32,33.3333333333333,1,NA,"Chile Chico","Chile Chico"
2012,"Concejales","16101","CHILLAN",0.790151515151515,52.5,75,1,NA,"Chillán","Chillán"
2012,"Concejales","16103","CHILLAN VIEJO",0.80020202020202,48,83.3333333333333,1,NA,"Chillán Viejo","Chillán Viejo"
2012,"Concejales","06303","CHIMBARONGO",0.554089279895732,41.9354838709677,16.6666666666667,1,NA,"Chimbarongo","Chimbarongo"
2012,"Concejales","09121","CHOLCHOL",0.704848484848485,52,50,1,NA,"Cholchol","Cholchol"
2012,"Concejales","10203","CHONCHI",0.770431588613407,54.5454545454545,66.6666666666667,1,NA,"Chonchi","Chonchi"
2012,"Concejales","11202","CISNES",0.412121212121212,20,0,1,NA,"Cisnes","Cisnes"
2012,"Concejales","16202","COBQUECURA",0.818181818181818,66.6666666666667,66.6666666666667,1,NA,"Cobquecura","Cobquecura"
2012,"Concejales","10103","COCHAMO",0.654761904761905,39.2857142857143,50,1,NA,"Cochamó","Cochamó"
2012,"Concejales","11301","COCHRANE",0.665869218500797,42.1052631578947,50,1,NA,"Cochrane","Cochrane"
2012,"Concejales","06102","CODEGUA",0.622257053291536,31.0344827586207,50,1,NA,"Codegua","Codegua"
2012,"Concejales","16203","COELEMU",0.737373737373737,46.1538461538462,66.6666666666667,1,NA,"Coelemu","Coelemu"
2012,"Concejales","11101","COIHAIQUE",0.726262626262626,43.3333333333333,66.6666666666667,1,NA,"Coihaique","Coihaique"
2012,"Concejales","16302","COIHUECO",0.833772507685551,56.5217391304348,83.3333333333333,1,NA,"Coihueco","Coihueco"
2012,"Concejales","06103","COINCO",0.553872053872054,27.7777777777778,33.3333333333333,1,NA,"Coinco","Coinco"
2012,"Concejales","07402","COLBUN",0.493827160493827,40.7407407407407,0,1,NA,"Colbún","Colbún"
2012,"Concejales","01403","COLCHANE",0.542929292929293,25,33.3333333333333,1,NA,"Colchane","Colchane"
2012,"Concejales","13301","COLINA",0.72979797979798,58.3333333333333,50,1,NA,"Colina","Colina"
2012,"Concejales","09202","COLLIPULLI",0.746171391332682,48.3870967741936,66.6666666666667,1,NA,"Collipulli","Collipulli"
2012,"Concejales","06104","COLTAUCO",0.497561825148032,27.5862068965517,16.6666666666667,1,NA,"Coltauco","Coltauco"
2012,"Concejales","04302","COMBARBALA",0.670707070707071,43.3333333333333,50,1,NA,"Combarbalá","Combarbalá"
2012,"Concejales","08101","CONCEPCION",0.797265336289727,58.5365853658537,70,1,NA,"Concepción","Concepción"
2012,"Concejales","13104","CONCHALI",0.821529245947851,60.4651162790698,75,1,NA,"Conchalí","Conchalí"
2012,"Concejales","05103","CONCON",0.73346366894754,45.1612903225806,66.6666666666667,1,NA,"Concón","Concón"
2012,"Concejales","07102","CONSTITUCION",0.843260188087774,44.8275862068966,100,1,NA,"Constitución","Constitución"
2012,"Concejales","08204","CONTULMO",0.66955266955267,57.1428571428571,33.3333333333333,1,NA,"Contulmo","Contulmo"
2012,"Concejales","03101","COPIAPO",0.718939393939394,45,62.5,1,NA,"Copiapó","Copiapó"
2012,"Concejales","04102","COQUIMBO",0.834029066171923,53.0612244897959,87.5,1,NA,"Coquimbo","Coquimbo"
2012,"Concejales","08102","CORONEL",0.805555555555555,56.4102564102564,75,1,NA,"Coronel","Coronel"
2012,"Concejales","14102","CORRAL",0.546464646464646,40,16.6666666666667,1,NA,"Corral","Corral"
2012,"Concejales","09103","CUNCO",0.825093035619351,68.4210526315789,66.6666666666667,1,NA,"Cunco","Cunco"
2012,"Concejales","09203","CURACAUTIN",0.861799816345271,63.6363636363636,83.3333333333333,1,NA,"Curacautín","Curacautín"
2012,"Concejales","13503","CURACAVI",0.665200391006843,41.9354838709677,50,1,NA,"Curacaví","Curacaví"
2012,"Concejales","10204","CURACO DE VELEZ",0.703282828282828,37.5,66.6666666666667,1,NA,"Curaco de Vélez","Curaco de Vélez"
2012,"Concejales","08205","CURANILAHUE",0.688311688311688,61.9047619047619,33.3333333333333,1,NA,"Curanilahue","Curanilahue"
2012,"Concejales","09104","CURARREHUE",0.766594516594516,53.5714285714286,66.6666666666667,1,NA,"Curarrehue","Curarrehue"
2012,"Concejales","07103","CUREPTO",0.665858585858586,28,66.6666666666667,1,NA,"Curepto","Curepto"
2012,"Concejales","07301","CURICO",0.743440502586844,51.219512195122,62.5,1,NA,"Curicó","Curicó"
2012,"Concejales","10205","DALCAHUE",0.512396694214876,45.4545454545455,0,1,NA,"Dalcahue","Dalcahue"
2012,"Concejales","03202","DIEGO DE ALMAGRO",0.815375982042649,51.8518518518518,83.3333333333333,1,NA,"Diego de Almagro","Diego de Almagro"
2012,"Concejales","06105","DONIHUE",0.653198653198653,38.8888888888889,50,1,NA,"Doñihue","Doñihue"
2012,"Concejales","13105","EL BOSQUE",0.910266457680251,72.4137931034483,87.5,1,NA,"El Bosque","El Bosque"
2012,"Concejales","16104","EL CARMEN",0.716712580348944,40.9090909090909,66.6666666666667,1,NA,"El Carmen","El Carmen"
2012,"Concejales","13602","EL MONTE",0.72979797979798,58.3333333333333,50,1,NA,"El Monte","El Monte"
2012,"Concejales","05604","EL QUISCO",0.604938271604938,40.7407407407407,33.3333333333333,1,NA,"El Quisco","El Quisco"
2012,"Concejales","05605","EL TABO",0.746171391332682,48.3870967741936,66.6666666666667,1,NA,"El Tabo","El Tabo"
2012,"Concejales","07104","EMPEDRADO",0.786195286195286,44.4444444444444,83.3333333333333,1,NA,"Empedrado","Empedrado"
2012,"Concejales","09204","ERCILLA",0.590347923681257,37.037037037037,33.3333333333333,1,NA,"Ercilla","Ercilla"
2012,"Concejales","13106","ESTACION CENTRAL",0.723484848484849,46.1538461538462,62.5,1,NA,"Estación Central","Estación Central"
2012,"Concejales","08104","FLORIDA",0.586700336700337,36.1111111111111,33.3333333333333,1,NA,"Florida","Florida"
2012,"Concejales","09105","FREIRE",0.685383244206774,47.0588235294118,50,1,NA,"Freire","Freire"
2012,"Concejales","03303","FREIRINA",0.668831168831169,42.8571428571429,50,1,NA,"Freirina","Freirina"
2012,"Concejales","10104","FRESIA",0.752525252525252,50,66.6666666666667,1,NA,"Fresia","Fresia"
2012,"Concejales","10105","FRUTILLAR",0.743145743145743,47.6190476190476,66.6666666666667,1,NA,"Frutillar","Frutillar"
2012,"Concejales","10402","FUTALEUFU",0.559343434343434,29.1666666666667,33.3333333333333,1,NA,"Futaleufú","Futaleufú"
2012,"Concejales","14202","FUTRONO",0.564339042599912,30.4347826086957,33.3333333333333,1,NA,"Futrono","Futrono"
2012,"Concejales","09106","GALVARINO",0.575757575757576,33.3333333333333,33.3333333333333,1,NA,"Galvarino","Galvarino"
2012,"Concejales","15202","GENERAL LAGOS",0.761904761904762,52.3809523809524,66.6666666666667,1,NA,"General Lagos","General Lagos"
2012,"Concejales","09107","GORBEA",0.705533596837945,52.1739130434783,50,1,NA,"Gorbea","Gorbea"
2012,"Concejales","06106","GRANEROS",0.663009404388715,41.3793103448276,50,1,NA,"Graneros","Graneros"
2012,"Concejales","11203","GUAITECAS",0.491655687307861,26.0869565217391,16.6666666666667,1,NA,"Guaitecas","Guaitecas"
2012,"Concejales","05503","HIJUELAS",0.595959595959596,38.4615384615385,33.3333333333333,1,NA,"Hijuelas","Hijuelas"
2012,"Concejales","10403","HUALAIHUE",0.639784946236559,35.4838709677419,50,1,NA,"Hualaihué","Hualaihué"
2012,"Concejales","07302","HUALANE",0.883838383838384,69.2307692307692,83.3333333333333,1,NA,"Hualañé","Hualañé"
2012,"Concejales","08112","HUALPEN",0.81140350877193,57.8947368421053,75,1,NA,"Hualpén","Hualpén"
2012,"Concejales","08105","HUALQUI",0.640692640692641,35.7142857142857,50,1,NA,"Hualqui","Hualqui"
2012,"Concejales","01404","HUARA",0.847474747474747,60,83.3333333333333,1,NA,"Huara","Huara"
2012,"Concejales","03304","HUASCO",0.903030303030303,60,100,1,NA,"Huasco","Huasco"
2012,"Concejales","13107","HUECHURABA",0.627450980392157,32.3529411764706,50,1,NA,"Huechuraba","Huechuraba"
2012,"Concejales","04201","ILLAPEL",0.836219336219336,57.1428571428571,83.3333333333333,1,NA,"Illapel","Illapel"
2012,"Concejales","13108","INDEPENDENCIA",0.859234234234234,59.4594594594595,87.5,1,NA,"Independencia","Independencia"
2012,"Concejales","01101","IQUIQUE",0.574242424242424,40,25,1,NA,"Iquique","Iquique"
2012,"Concejales","13603","ISLA DE MAIPO",0.831717171717172,56,83.3333333333333,1,NA,"Isla de Maipo","Isla de Maipo"
2012,"Concejales","05201","ISLA DE PASCUA",0.766594516594516,53.5714285714286,66.6666666666667,1,NA,"Isla de Pascua","Isla de Pascua"
2012,"Concejales","05104","JUAN FERNANDEZ",0.752525252525252,50,66.6666666666667,1,NA,"Juan Fernández","Juan Fernández"
2012,"Concejales","13109","LA CISTERNA",0.806920556920557,56.7567567567568,75,1,NA,"La Cisterna","La Cisterna"
2012,"Concejales","05504","LA CRUZ",0.713131313131313,40,66.6666666666667,1,NA,"La Cruz","La Cruz"
2012,"Concejales","06202","LA ESTRELLA",0.696969696969697,50,50,1,NA,"La Estrella","La Estrella"
2012,"Concejales","13110","LA FLORIDA",0.794736842105263,57.8947368421053,70,1,NA,"La Florida","La Florida"
2012,"Concejales","13111","LA GRANJA",0.845959595959596,66.6666666666667,75,1,NA,"La Granja","La Granja"
2012,"Concejales","04104","LA HIGUERA",0.591919191919192,23.3333333333333,50,1,NA,"La Higuera","La Higuera"
2012,"Concejales","05401","LA LIGUA",0.896464646464647,58.3333333333333,100,1,NA,"La Ligua","La Ligua"
2012,"Concejales","13112","LA PINTANA",0.831818181818182,52.5,87.5,1,NA,"La Pintana","La Pintana"
2012,"Concejales","13113","LA REINA",0.748803827751196,63.1578947368421,50,1,NA,"La Reina","La Reina"
2012,"Concejales","04101","LA SERENA",0.660626535626536,51.3513513513513,37.5,1,NA,"La Serena","La Serena"
2012,"Concejales","14201","LA UNION",0.704980842911877,37.9310344827586,66.6666666666667,1,NA,"La Unión","La Unión"
2012,"Concejales","14203","LAGO RANCO",0.752525252525252,50,66.6666666666667,1,NA,"Lago Ranco","Lago Ranco"
2012,"Concejales","11102","LAGO VERDE",0.687590187590188,47.6190476190476,50,1,NA,"Lago Verde","Lago Verde"
2012,"Concejales","12102","LAGUNA BLANCA",0.641414141414141,50,33.3333333333333,1,NA,"Laguna Blanca","Laguna Blanca"
2012,"Concejales","08304","LAJA",0.712121212121212,53.8461538461538,50,1,NA,"Laja","Laja"
2012,"Concejales","13302","LAMPA",0.629103535353535,46.875,33.3333333333333,1,NA,"Lampa","Lampa"
2012,"Concejales","14103","LANCO",0.743961352657005,47.8260869565217,66.6666666666667,1,NA,"Lanco","Lanco"
2012,"Concejales","06107","LAS CABRAS",0.627344877344877,46.4285714285714,33.3333333333333,1,NA,"Las Cabras","Las Cabras"
2012,"Concejales","13114","LAS CONDES",0.668831168831169,42.8571428571429,50,1,NA,"Las Condes","Las Condes"
2012,"Concejales","09108","LAUTARO",0.816091954022988,37.9310344827586,100,1,NA,"Lautaro","Lautaro"
2012,"Concejales","08201","LEBU",0.696969696969697,50,50,1,NA,"Lebu","Lebu"
2012,"Concejales","07303","LICANTEN",0.631313131313131,33.3333333333333,50,1,NA,"Licantén","Licantén"
2012,"Concejales","05802","LIMACHE",0.590347923681257,37.037037037037,33.3333333333333,1,NA,"Limache","Limache"
2012,"Concejales","07401","LINARES",0.791889483065954,52.9411764705882,75,1,NA,"Linares","Linares"
2012,"Concejales","06203","LITUECHE",0.713131313131313,40,66.6666666666667,1,NA,"Litueche","Litueche"
2012,"Concejales","05703","LLAILLAY",0.855757575757576,48,100,1,NA,"Llaillay","Llaillay"
2012,"Concejales","10107","LLANQUIHUE",0.672348484848485,43.75,50,1,NA,"Llanquihue","Llanquihue"
2012,"Concejales","13115","LO BARNECHEA",0.611111111111111,42.3076923076923,33.3333333333333,1,NA,"Lo Barnechea","Lo Barnechea"
2012,"Concejales","13116","LO ESPEJO",0.785791589363018,40.8163265306122,87.5,1,NA,"Lo Espejo","Lo Espejo"
2012,"Concejales","13117","LO PRADO",0.857323232323232,58.974358974359,87.5,1,NA,"Lo Prado","Lo Prado"
2012,"Concejales","06304","LOLOL",0.737373737373737,46.1538461538462,66.6666666666667,1,NA,"Lolol","Lolol"
2012,"Concejales","09109","LONCOCHE",0.815959595959596,52,83.3333333333333,1,NA,"Loncoche","Loncoche"
2012,"Concejales","07403","LONGAVI",0.707336523125997,52.6315789473684,50,1,NA,"Longaví","Longaví"
2012,"Concejales","09205","LONQUIMAY",0.523232323232323,20,33.3333333333333,1,NA,"Lonquimay","Lonquimay"
2012,"Concejales","08206","LOS ALAMOS",0.759820426487093,51.8518518518518,66.6666666666667,1,NA,"Los Alamos","Los Alamos"
2012,"Concejales","05301","LOS ANDES",0.739393939393939,46.6666666666667,66.6666666666667,1,NA,"Los Andes","Los Andes"
2012,"Concejales","08301","LOS ANGELES",0.680999180999181,45.945945945946,50,1,NA,"Los Angeles","Los Angeles"
2012,"Concejales","14104","LOS LAGOS",0.791666666666667,45.8333333333333,83.3333333333333,1,NA,"Los Lagos","Los Lagos"
2012,"Concejales","10106","LOS MUERMOS",0.567952249770432,45.4545454545455,16.6666666666667,1,NA,"Los Muermos","Los Muermos"
2012,"Concejales","09206","LOS SAUCES",0.654150197628458,39.1304347826087,50,1,NA,"Los Sauces","Los Sauces"
2012,"Concejales","04203","LOS VILOS",0.704848484848485,52,50,1,NA,"Los Vilos","Los Vilos"
2012,"Concejales","08106","LOTA",0.765656565656566,53.3333333333333,66.6666666666667,1,NA,"Lota","Lota"
2012,"Concejales","09207","LUMACO",0.499191919191919,28,16.6666666666667,1,NA,"Lumaco","Lumaco"
2012,"Concejales","06108","MACHALI",0.738455988455988,46.4285714285714,66.6666666666667,1,NA,"Machalí","Machalí"
2012,"Concejales","13118","MACUL",0.793434343434343,53.3333333333333,75,1,NA,"Macul","Macul"
2012,"Concejales","14105","MAFIL",0.722222222222222,42.3076923076923,66.6666666666667,1,NA,"Máfil","Máfil"
2012,"Concejales","13119","MAIPU",0.842929292929293,61.6666666666667,80,1,NA,"Maipú","Maipú"
2012,"Concejales","06109","MALLOA",0.657687991021324,25.9259259259259,66.6666666666667,1,NA,"Malloa","Malloa"
2012,"Concejales","06204","MARCHIHUE",0.7610891523935,52.1739130434783,66.6666666666667,1,NA,"Marchihue","Marchihue"
2012,"Concejales","02302","MARIA ELENA",0.685383244206774,47.0588235294118,50,1,NA,"María Elena","María Elena"
2012,"Concejales","13504","MARIA PINTO",0.683838383838384,46.6666666666667,50,1,NA,"María Pinto","María Pinto"
2012,"Concejales","14106","MARIQUINA",0.722222222222222,42.3076923076923,66.6666666666667,1,NA,"Mariquina","Mariquina"
2012,"Concejales","07105","MAULE",0.742158426368953,47.3684210526316,66.6666666666667,1,NA,"Maule","Maule"
2012,"Concejales","10108","MAULLIN",0.730639730639731,44.4444444444444,66.6666666666667,1,NA,"Maullín","Maullín"
2012,"Concejales","02102","MEJILLONES",0.857323232323232,62.5,83.3333333333333,1,NA,"Mejillones","Mejillones"
2012,"Concejales","09110","MELIPEUCO",0.602020202020202,40,33.3333333333333,1,NA,"Melipeuco","Melipeuco"
2012,"Concejales","13501","MELIPILLA",0.744264069264069,51.4285714285714,62.5,1,NA,"Melipilla","Melipilla"
2012,"Concejales","07304","MOLINA",0.774120515499826,41.3793103448276,83.3333333333333,1,NA,"Molina","Molina"
2012,"Concejales","04303","MONTE PATRIA",0.767676767676768,53.8461538461538,66.6666666666667,1,NA,"Monte Patria","Monte Patria"
2012,"Concejales","06110","MOSTAZAL",0.604482323232323,40.625,33.3333333333333,1,NA,"Mostazal","Mostazal"
2012,"Concejales","08305","MULCHEN",0.696969696969697,50,50,1,NA,"Mulchén","Mulchén"
2012,"Concejales","08306","NACIMIENTO",0.626623376623377,32.1428571428571,50,1,NA,"Nacimiento","Nacimiento"
2012,"Concejales","06305","NANCAGUA",0.717765894236483,41.1764705882353,66.6666666666667,1,NA,"Nancagua","Nancagua"
2012,"Concejales","12401","NATALES",0.664141414141414,41.6666666666667,50,1,NA,"Natales","Natales"
2012,"Concejales","06205","NAVIDAD",0.623507805325987,45.4545454545455,33.3333333333333,1,NA,"Navidad","Navidad"
2012,"Concejales","08307","NEGRETE",0.767676767676768,53.8461538461538,66.6666666666667,1,NA,"Negrete","Negrete"
2012,"Concejales","16204","NINHUE",0.721424774056353,42.1052631578947,66.6666666666667,1,NA,"Ninhue","Ninhue"
2012,"Concejales","16303","NIQUEN",0.873737373737374,66.6666666666667,83.3333333333333,1,NA,"Ñiquén","Ñiquén"
2012,"Concejales","05506","NOGALES",0.811616161616162,65,66.6666666666667,1,NA,"Nogales","Nogales"
2012,"Concejales","09111","NUEVA IMPERIAL",0.752525252525252,50,66.6666666666667,1,NA,"Nueva Imperial","Nueva Imperial"
2012,"Concejales","13120","NUNOA",0.808118925100057,52.8301886792453,80,1,NA,"Ñuñoa","Ñuñoa"
2012,"Concejales","11302","OHIGGINS",0.716712580348944,40.9090909090909,66.6666666666667,1,NA,"O'Higgins","O'Higgins"
2012,"Concejales","06111","OLIVAR",0.696969696969697,50,50,1,NA,"Olivar","Olivar"
2012,"Concejales","02202","OLLAGUE",0.548112706007443,26.3157894736842,33.3333333333333,1,NA,"Ollagüe","Ollagüe"
2012,"Concejales","05803","OLMUE",0.759820426487093,51.8518518518518,66.6666666666667,1,NA,"Olmué","Olmué"
2012,"Concejales","10301","OSORNO",0.768480257116621,57.5757575757576,62.5,1,NA,"Osorno","Osorno"
2012,"Concejales","04301","OVALLE",0.728787878787879,47.5,62.5,1,NA,"Ovalle","Ovalle"
2012,"Concejales","13604","PADRE HURTADO",0.676593521421108,44.8275862068966,50,1,NA,"Padre Hurtado","Padre Hurtado"
2012,"Concejales","09112","PADRE LAS CASAS",0.68008658008658,45.7142857142857,50,1,NA,"Padre Las Casas","Padre Las Casas"
2012,"Concejales","04105","PAIGUANO",0.726833552920509,43.4782608695652,66.6666666666667,1,NA,"Paiguano","Paiguano"
2012,"Concejales","14107","PAILLACO",0.892496392496393,71.4285714285714,83.3333333333333,1,NA,"Paillaco","Paillaco"
2012,"Concejales","13404","PAINE",0.753246753246753,64.2857142857143,50,1,NA,"Paine","Paine"
2012,"Concejales","10404","PALENA",0.686868686868687,33.3333333333333,66.6666666666667,1,NA,"Palena","Palena"
2012,"Concejales","06306","PALMILLA",0.722222222222222,42.3076923076923,66.6666666666667,1,NA,"Palmilla","Palmilla"
2012,"Concejales","14108","PANGUIPULLI",0.61672278338945,29.6296296296296,50,1,NA,"Panguipulli","Panguipulli"
2012,"Concejales","05704","PANQUEHUE",0.681818181818182,46.1538461538462,50,1,NA,"Panquehue","Panquehue"
2012,"Concejales","05403","PAPUDO",0.839181286549708,57.8947368421053,83.3333333333333,1,NA,"Papudo","Papudo"
2012,"Concejales","06206","PAREDONES",0.556998556998557,28.5714285714286,33.3333333333333,1,NA,"Paredones","Paredones"
2012,"Concejales","07404","PARRAL",0.607453848833159,41.3793103448276,33.3333333333333,1,NA,"Parral","Parral"
2012,"Concejales","13121","PEDRO AGUIRRE CERDA",0.785107169253511,51.219512195122,75,1,NA,"Pedro Aguirre Cerda","Pedro Aguirre Cerda"
2012,"Concejales","07106","PELARCO",0.643250688705234,36.3636363636364,50,1,NA,"Pelarco","Pelarco"
2012,"Concejales","07203","PELLUHUE",0.738455988455988,46.4285714285714,66.6666666666667,1,NA,"Pelluhue","Pelluhue"
2012,"Concejales","16105","PEMUCO",0.594516594516595,38.0952380952381,33.3333333333333,1,NA,"Pemuco","Pemuco"
2012,"Concejales","13605","PENAFLOR",0.628282828282828,46.6666666666667,33.3333333333333,1,NA,"Peñaflor","Peñaflor"
2012,"Concejales","13122","PENALOLEN",0.851862891207154,63.9344262295082,80,1,NA,"Peñalolén","Peñalolén"
2012,"Concejales","07107","PENCAHUE",0.69880624426079,36.3636363636364,66.6666666666667,1,NA,"Pencahue","Pencahue"
2012,"Concejales","08107","PENCO",0.585858585858586,50,16.6666666666667,1,NA,"Penco","Penco"
2012,"Concejales","06307","PERALILLO",0.592650644374782,51.7241379310345,16.6666666666667,1,NA,"Peralillo","Peralillo"
2012,"Concejales","09113","PERQUENCO",0.643250688705234,36.3636363636364,50,1,NA,"Perquenco","Perquenco"
2012,"Concejales","05404","PETORCA",0.857323232323232,62.5,83.3333333333333,1,NA,"Petorca","Petorca"
2012,"Concejales","06112","PEUMO",0.553117380703588,27.5862068965517,33.3333333333333,1,NA,"Peumo","Peumo"
2012,"Concejales","01405","PICA",0.734618916437098,45.4545454545455,66.6666666666667,1,NA,"Pica","Pica"
2012,"Concejales","06113","PICHIDEGUA",0.631313131313131,33.3333333333333,50,1,NA,"Pichidegua","Pichidegua"
2012,"Concejales","06201","PICHILEMU",0.668831168831169,42.8571428571429,50,1,NA,"Pichilemu","Pichilemu"
2012,"Concejales","16106","PINTO",0.605601469237833,40.9090909090909,33.3333333333333,1,NA,"Pinto","Pinto"
2012,"Concejales","13202","PIRQUE",0.586262626262626,36,33.3333333333333,1,NA,"Pirque","Pirque"
2012,"Concejales","09114","PITRUFQUEN",0.681818181818182,46.1538461538462,50,1,NA,"Pitrufquén","Pitrufquén"
2012,"Concejales","06308","PLACILLA",0.661157024793388,40.9090909090909,50,1,NA,"Placilla","Placilla"
2012,"Concejales","16205","PORTEZUELO",0.542929292929293,25,33.3333333333333,1,NA,"Portezuelo","Portezuelo"
2012,"Concejales","12301","PORVENIR",0.649425287356322,37.9310344827586,50,1,NA,"Porvenir","Porvenir"
2012,"Concejales","01401","POZO ALMONTE",0.801288749564612,48.2758620689655,83.3333333333333,1,NA,"Pozo Almonte","Pozo Almonte"
2012,"Concejales","12302","PRIMAVERA",0.582323232323232,35,33.3333333333333,1,NA,"Primavera","Primavera"
2012,"Concejales","13123","PROVIDENCIA",0.817821067821068,59.5238095238095,75,1,NA,"Providencia","Providencia"
2012,"Concejales","05105","PUCHUNCAVI",0.759820426487093,51.8518518518518,66.6666666666667,1,NA,"Puchuncaví","Puchuncaví"
2012,"Concejales","09115","PUCON",0.695340501792115,35.4838709677419,66.6666666666667,1,NA,"Pucón","Pucón"
2012,"Concejales","13124","PUDAHUEL",0.79066985645933,52.6315789473684,75,1,NA,"Pudahuel","Pudahuel"
2012,"Concejales","13201","PUENTE ALTO",0.83030303030303,50,90,1,NA,"Puente Alto","Puente Alto"
2012,"Concejales","10101","PUERTO MONTT",0.884784010315925,63.8297872340426,90,1,NA,"Puerto Montt","Puerto Montt"
2012,"Concejales","10302","PUERTO OCTAY",0.797713981924508,47.3684210526316,83.3333333333333,1,NA,"Puerto Octay","Puerto Octay"
2012,"Concejales","10109","PUERTO VARAS",0.608585858585859,41.6666666666667,33.3333333333333,1,NA,"Puerto Varas","Puerto Varas"
2012,"Concejales","06309","PUMANQUE",0.61030303030303,28,50,1,NA,"Pumanque","Pumanque"
2012,"Concejales","04304","PUNITAQUI",0.76040404040404,52,66.6666666666667,1,NA,"Punitaqui","Punitaqui"
2012,"Concejales","12101","PUNTA ARENAS",0.733585858585859,48.7179487179487,62.5,1,NA,"Punta Arenas","Punta Arenas"
2012,"Concejales","10206","PUQUELDON",0.637878787878788,35,50,1,NA,"Puqueldón","Puqueldón"
2012,"Concejales","09208","PUREN",0.665869218500797,42.1052631578947,50,1,NA,"Purén","Purén"
2012,"Concejales","10303","PURRANQUE",0.675450153711023,30.4347826086957,66.6666666666667,1,NA,"Purranque","Purranque"
2012,"Concejales","05705","PUTAENDO",0.487373737373737,25,16.6666666666667,1,NA,"Putaendo","Putaendo"
2012,"Concejales","15201","PUTRE",0.782828282828283,57.6923076923077,66.6666666666667,1,NA,"Putre","Putre"
2012,"Concejales","10304","PUYEHUE",0.785353535353535,58.3333333333333,66.6666666666667,1,NA,"Puyehue","Puyehue"
2012,"Concejales","10207","QUEILEN",0.661111111111111,55,33.3333333333333,1,NA,"Queilén","Queilén"
2012,"Concejales","10208","QUELLON",0.818181818181818,66.6666666666667,66.6666666666667,1,NA,"Quellón","Quellón"
2012,"Concejales","10209","QUEMCHI",0.582323232323232,35,33.3333333333333,1,NA,"Quemchi","Quemchi"
2012,"Concejales","08308","QUILACO",0.688405797101449,47.8260869565217,50,1,NA,"Quilaco","Quilaco"
2012,"Concejales","13125","QUILICURA",0.850108225108225,57.1428571428571,87.5,1,NA,"Quilicura","Quilicura"
2012,"Concejales","08309","QUILLECO",0.56670149773598,31.0344827586207,33.3333333333333,1,NA,"Quilleco","Quilleco"
2012,"Concejales","16107","QUILLON",0.564339042599912,30.4347826086957,33.3333333333333,1,NA,"Quillón","Quillón"
2012,"Concejales","05501","QUILLOTA",0.868028107158542,65.2173913043478,83.3333333333333,1,NA,"Quillota","Quillota"
2012,"Concejales","05801","QUILPUE",0.821969696969697,50,87.5,1,NA,"Quilpué","Quilpué"
2012,"Concejales","10210","QUINCHAO",0.764111705288176,52.9411764705882,66.6666666666667,1,NA,"Quinchao","Quinchao"
2012,"Concejales","06114","QUINTA DE TILCOCO",0.739393939393939,46.6666666666667,66.6666666666667,1,NA,"Quinta de Tilcoco","Quinta de Tilcoco"
2012,"Concejales","13126","QUINTA NORMAL",0.827200577200577,61.9047619047619,75,1,NA,"Quinta Normal","Quinta Normal"
2012,"Concejales","05107","QUINTERO",0.723232323232323,56.6666666666667,50,1,NA,"Quintero","Quintero"
2012,"Concejales","16201","QUIRIHUE",0.668831168831169,42.8571428571429,50,1,NA,"Quirihue","Quirihue"
2012,"Concejales","06101","RANCAGUA",0.671212121212121,51.9230769230769,40,1,NA,"Rancagua","Rancagua"
2012,"Concejales","16206","RANQUIL",0.801288749564612,48.2758620689655,83.3333333333333,1,NA,"Ranquil","Ranquil"
2012,"Concejales","07305","RAUCO",0.730639730639731,44.4444444444444,66.6666666666667,1,NA,"Rauco","Rauco"
2012,"Concejales","13127","RECOLETA",0.773989898989899,58.974358974359,62.5,1,NA,"Recoleta","Recoleta"
2012,"Concejales","09209","RENAICO",0.542929292929293,25,33.3333333333333,1,NA,"Renaico","Renaico"
2012,"Concejales","13128","RENCA",0.734234234234234,59.4594594594595,50,1,NA,"Renca","Renca"
2012,"Concejales","06115","RENGO",0.683006535947712,32.3529411764706,66.6666666666667,1,NA,"Rengo","Rengo"
2012,"Concejales","06116","REQUINOA",0.503787878787879,29.1666666666667,16.6666666666667,1,NA,"Requínoa","Requínoa"
2012,"Concejales","07405","RETIRO",0.709705753184014,39.1304347826087,66.6666666666667,1,NA,"Retiro","Retiro"
2012,"Concejales","05303","RINCONADA",0.487373737373737,25,16.6666666666667,1,NA,"Rinconada","Rinconada"
2012,"Concejales","14204","RIO BUENO",0.873737373737374,66.6666666666667,83.3333333333333,1,NA,"Río Bueno","Río Bueno"
2012,"Concejales","07108","RIO CLARO",0.752525252525252,50,66.6666666666667,1,NA,"Río Claro","Río Claro"
2012,"Concejales","04305","RIO HURTADO",0.52020202020202,33.3333333333333,16.6666666666667,1,NA,"Río Hurtado","Río Hurtado"
2012,"Concejales","11402","RIO IBANEZ",0.582934609250399,21.0526315789474,50,1,NA,"Río Ibáñez","Río Ibáñez"
2012,"Concejales","10305","RIO NEGRO",0.602020202020202,40,33.3333333333333,1,NA,"Río Negro","Río Negro"
2012,"Concejales","12103","RIO VERDE",0.602020202020202,40,33.3333333333333,1,NA,"Río Verde","Río Verde"
2012,"Concejales","07306","ROMERAL",0.745230078563412,48.1481481481481,66.6666666666667,1,NA,"Romeral","Romeral"
2012,"Concejales","09116","SAAVEDRA",0.725480612577387,29.0322580645161,83.3333333333333,1,NA,"Saavedra","Saavedra"
2012,"Concejales","07307","SAGRADA FAMILIA",0.696969696969697,50,50,1,NA,"Sagrada Familia","Sagrada Familia"
2012,"Concejales","04204","SALAMANCA",0.680555555555555,45.8333333333333,50,1,NA,"Salamanca","Salamanca"
2012,"Concejales","05601","SAN ANTONIO",0.690177638453501,48.2758620689655,50,1,NA,"San Antonio","San Antonio"
2012,"Concejales","13401","SAN BERNARDO",0.768314726209463,59.6491228070175,60,1,NA,"San Bernardo","San Bernardo"
2012,"Concejales","16301","SAN CARLOS",0.800069662138628,62.0689655172414,66.6666666666667,1,NA,"San Carlos","San Carlos"
2012,"Concejales","07109","SAN CLEMENTE",0.682900432900433,46.4285714285714,50,1,NA,"San Clemente","San Clemente"
2012,"Concejales","05304","SAN ESTEBAN",0.611570247933884,42.4242424242424,33.3333333333333,1,NA,"San Esteban","San Esteban"
2012,"Concejales","16304","SAN FABIAN",0.770431588613407,54.5454545454545,66.6666666666667,1,NA,"San Fabián","San Fabián"
2012,"Concejales","05701","SAN FELIPE",0.855625217694183,62.0689655172414,83.3333333333333,1,NA,"San Felipe","San Felipe"
2012,"Concejales","06301","SAN FERNANDO",0.758152958152958,51.4285714285714,66.6666666666667,1,NA,"San Fernando","San Fernando"
2012,"Concejales","12104","SAN GREGORIO",0.696969696969697,50,50,1,NA,"San Gregorio","San Gregorio"
2012,"Concejales","16108","SAN IGNACIO",0.460514233241506,18.1818181818182,16.6666666666667,1,NA,"San Ignacio","San Ignacio"
2012,"Concejales","07406","SAN JAVIER",0.791919191919192,60,66.6666666666667,1,NA,"San Javier","San Javier"
2012,"Concejales","13129","SAN JOAQUIN",0.771464646464647,58.3333333333333,62.5,1,NA,"San Joaquín","San Joaquín"
2012,"Concejales","13203","SAN JOSE DE MAIPO",0.78236914600551,57.5757575757576,66.6666666666667,1,NA,"San José de Maipo","San José de Maipo"
2012,"Concejales","10306","SAN JUAN DE LA COSTA",0.801767676767677,62.5,66.6666666666667,1,NA,"San Juan de la Costa","San Juan de la Costa"
2012,"Concejales","13130","SAN MIGUEL",0.877525252525253,64.1025641025641,87.5,1,NA,"San Miguel","San Miguel"
2012,"Concejales","16305","SAN NICOLAS",0.666666666666667,42.3076923076923,50,1,NA,"San Nicolás","San Nicolás"
2012,"Concejales","10307","SAN PABLO",0.726262626262626,43.3333333333333,66.6666666666667,1,NA,"San Pablo","San Pablo"
2012,"Concejales","13505","SAN PEDRO",0.855625217694183,62.0689655172414,83.3333333333333,1,NA,"San Pedro","San Pedro"
2012,"Concejales","02203","SAN PEDRO DE ATACAMA",0.548722519310755,26.4705882352941,33.3333333333333,1,NA,"San Pedro de Atacama","San Pedro de Atacama"
2012,"Concejales","08108","SAN PEDRO DE LA PAZ",0.752525252525252,50,66.6666666666667,1,NA,"San Pedro de la Paz","San Pedro de la Paz"
2012,"Concejales","07110","SAN RAFAEL",0.663009404388715,41.3793103448276,50,1,NA,"San Rafael","San Rafael"
2012,"Concejales","13131","SAN RAMON",0.765890613451589,46.3414634146341,75,1,NA,"San Ramón","San Ramón"
2012,"Concejales","08310","SAN ROSENDO",0.808080808080808,50,83.3333333333333,1,NA,"San Rosendo","San Rosendo"
2012,"Concejales","06117","SAN VICENTE",0.739393939393939,46.6666666666667,66.6666666666667,1,NA,"San Vicente","San Vicente"
2012,"Concejales","08311","SANTA BARBARA",0.713131313131313,40,66.6666666666667,1,NA,"Santa Bárbara","Santa Bárbara"
2012,"Concejales","06310","SANTA CRUZ",0.808080808080808,50,83.3333333333333,1,NA,"Santa Cruz","Santa Cruz"
2012,"Concejales","08109","SANTA JUANA",0.757014590347924,37.037037037037,83.3333333333333,1,NA,"Santa Juana","Santa Juana"
2012,"Concejales","05706","SANTA MARIA",0.822150072150072,53.5714285714286,83.3333333333333,1,NA,"Santa María","Santa María"
2012,"Concejales","13101","SANTIAGO",0.717992424242424,46.875,60,1,NA,"Santiago","Santiago"
2012,"Concejales","05606","SANTO DOMINGO",0.619528619528619,44.4444444444444,33.3333333333333,1,NA,"Santo Domingo","Santo Domingo"
2012,"Concejales","02103","SIERRA GORDA",0.718855218855219,55.5555555555556,50,1,NA,"Sierra Gorda","Sierra Gorda"
2012,"Concejales","13601","TALAGANTE",0.783459595959596,43.75,83.3333333333333,1,NA,"Talagante","Talagante"
2012,"Concejales","07101","TALCA",0.696969696969697,50,50,1,NA,"Talca","Talca"
2012,"Concejales","08110","TALCAHUANO",0.73059866962306,58.5365853658537,50,1,NA,"Talcahuano","Talcahuano"
2012,"Concejales","02104","TALTAL",0.666666666666667,42.3076923076923,50,1,NA,"Taltal","Taltal"
2012,"Concejales","09101","TEMUCO",0.862626262626263,66.6666666666667,80,1,NA,"Temuco","Temuco"
2012,"Concejales","07308","TENO",0.646320346320346,37.1428571428571,50,1,NA,"Teno","Teno"
2012,"Concejales","09117","TEODORO SCHMIDT",0.811616161616162,65,66.6666666666667,1,NA,"Teodoro Schmidt","Teodoro Schmidt"
2012,"Concejales","03103","TIERRA AMARILLA",0.759317311041449,51.7241379310345,66.6666666666667,1,NA,"Tierra Amarilla","Tierra Amarilla"
2012,"Concejales","13303","TILTIL",0.66712580348944,42.4242424242424,50,1,NA,"Tiltil","Tiltil"
2012,"Concejales","12303","TIMAUKEL",0.416267942583732,21.0526315789474,0,1,NA,"Timaukel","Timaukel"
2012,"Concejales","08207","TIRUA",0.546576879910213,25.9259259259259,33.3333333333333,1,NA,"Tirúa","Tirúa"
2012,"Concejales","02301","TOCOPILLA",0.686868686868687,33.3333333333333,66.6666666666667,1,NA,"Tocopilla","Tocopilla"
2012,"Concejales","09118","TOLTEN",0.720606060606061,56,50,1,NA,"Toltén","Toltén"
2012,"Concejales","08111","TOME",0.712121212121212,53.8461538461538,50,1,NA,"Tomé","Tomé"
2012,"Concejales","12402","TORRES DEL PAINE",0.641414141414141,50,33.3333333333333,1,NA,"Torres del Paine","Torres del Paine"
2012,"Concejales","11303","TORTEL",0.739393939393939,46.6666666666667,66.6666666666667,1,NA,"Tortel","Tortel"
2012,"Concejales","09210","TRAIGUEN",0.635841170323929,34.4827586206897,50,1,NA,"Traiguén","Traiguén"
2012,"Concejales","16207","TREGUACO",0.412121212121212,20,0,1,NA,"Treguaco","Treguaco"
2012,"Concejales","08312","TUCAPEL",0.808080808080808,50,83.3333333333333,1,NA,"Tucapel","Tucapel"
2012,"Concejales","14101","VALDIVIA",0.83355614973262,52.9411764705882,87.5,1,NA,"Valdivia","Valdivia"
2012,"Concejales","03301","VALLENAR",0.875222816399287,52.9411764705882,100,1,NA,"Vallenar","Vallenar"
2012,"Concejales","05101","VALPARAISO",0.753620955315871,47.4576271186441,70,1,NA,"Valparaíso","Valparaíso"
2012,"Concejales","07309","VICHUQUEN",0.752525252525252,50,66.6666666666667,1,NA,"Vichuquén","Vichuquén"
2012,"Concejales","09211","VICTORIA",0.639784946236559,35.4838709677419,50,1,NA,"Victoria","Victoria"
2012,"Concejales","04106","VICUNA",0.613275613275613,42.8571428571429,33.3333333333333,1,NA,"Vicuña","Vicuña"
2012,"Concejales","09119","VILCUN",0.562626262626263,30,33.3333333333333,1,NA,"Vilcún","Vilcún"
2012,"Concejales","07407","VILLA ALEGRE",0.746212121212121,62.5,50,1,NA,"Villa Alegre","Villa Alegre"
2012,"Concejales","05804","VILLA ALEMANA",0.806818181818182,46.1538461538462,87.5,1,NA,"Villa Alemana","Villa Alemana"
2012,"Concejales","09120","VILLARRICA",0.722222222222222,42.3076923076923,66.6666666666667,1,NA,"Villarrica","Villarrica"
2012,"Concejales","05109","VINA DEL MAR",0.713383838383838,54.1666666666667,50,1,NA,"Viña del Mar","Viña del Mar"
2012,"Concejales","13132","VITACURA",0.591750841750842,44.4444444444444,25,1,NA,"Vitacura","Vitacura"
2012,"Concejales","07408","YERBAS BUENAS",0.752525252525252,50,66.6666666666667,1,NA,"Yerbas Buenas","Yerbas Buenas"
2012,"Concejales","08313","YUMBEL",0.682900432900433,46.4285714285714,50,1,NA,"Yumbel","Yumbel"
2012,"Concejales","16109","YUNGAY",0.602020202020202,40,33.3333333333333,1,NA,"Yungay","Yungay"
2012,"Concejales","05405","ZAPALLAR",0.706349206349206,52.3809523809524,50,1,NA,"Zapallar","Zapallar"
2016,"Alcaldes","05602","ALGARROBO",0,0,0,0,NA,"Algarrobo","Algarrobo"
2016,"Alcaldes","13502","ALHUE",0.5,50,0,1,NA,"Alhué","Alhué"
2016,"Alcaldes","08314","ALTO BIOBIO",0.833333333333333,50,100,1,NA,"Alto Biobío","Alto Biobío"
2016,"Alcaldes","03302","ALTO DEL CARMEN",0.5,50,0,1,NA,"Alto del Carmen","Alto del Carmen"
2016,"Alcaldes","01107","ALTO HOSPICIO",0.777777777777778,33.3333333333333,100,1,NA,"Alto Hospicio","Alto Hospicio"
2016,"Alcaldes","10202","ANCUD",0.444444444444444,33.3333333333333,0,1,NA,"Ancud","Ancud"
2016,"Alcaldes","04103","ANDACOLLO",0.916666666666667,66.6666666666667,100,1,100,"Andacollo","Andacollo"
2016,"Alcaldes","09201","ANGOL",0.5,50,0,1,NA,"Angol","Angol"
2016,"Alcaldes","02101","ANTOFAGASTA",0.375,12.5,0,1,NA,"Antofagasta","Antofagasta"
2016,"Alcaldes","08302","ANTUCO",0.416666666666667,25,0,1,NA,"Antuco","Antuco"
2016,"Alcaldes","08202","ARAUCO",0.444444444444444,33.3333333333333,0,1,NA,"Arauco","Arauco"
2016,"Alcaldes","15101","ARICA",0.848484848484849,54.5454545454545,100,1,NA,"Arica","Arica"
2016,"Alcaldes","11201","AYSEN",0,0,0,0,NA,"Aisén","Aisén"
2016,"Alcaldes","13402","BUIN",0.5,50,0,1,NA,"Buin","Buin"
2016,"Alcaldes","16102","BULNES",0.5,50,0,1,NA,"Bulnes","Bulnes"
2016,"Alcaldes","05402","CABILDO",0.5,50,0,1,NA,"Cabildo","Cabildo"
2016,"Alcaldes","12201","CABO DE HORNOS",0.833333333333333,50,100,1,NA,"Cabo de Hornos","Cabo de Hornos"
2016,"Alcaldes","08303","CABRERO",0.375,50,0,1,0,"Cabrero","Cabrero"
2016,"Alcaldes","02201","CALAMA",0.857142857142857,57.1428571428571,100,1,NA,"Calama","Calama"
2016,"Alcaldes","10102","CALBUCO",0.933333333333333,80,100,1,NA,"Calbuco","Calbuco"
2016,"Alcaldes","03102","CALDERA",0.833333333333333,50,100,1,NA,"Caldera","Caldera"
2016,"Alcaldes","05502","CALERA",0.625,50,100,1,0,"Calera","Calera"
2016,"Alcaldes","13403","CALERA DE TANGO",0.5,50,0,1,NA,"Calera de Tango","Calera de Tango"
2016,"Alcaldes","05302","CALLE LARGA",0.833333333333333,33.3333333333333,100,1,100,"Calle Larga","Calle Larga"
2016,"Alcaldes","15102","CAMARONES",0.777777777777778,33.3333333333333,100,1,NA,"Camarones","Camarones"
2016,"Alcaldes","01402","CAMINA",0.875,50,100,1,100,"Camiña","Camiña"
2016,"Alcaldes","04202","CANELA",0,0,0,0,NA,"Canela","Canela"
2016,"Alcaldes","08203","CANETE",1,100,100,1,100,"Cañete","Cañete"
2016,"Alcaldes","09102","CARAHUE",0.5,50,0,1,NA,"Carahue","Carahue"
2016,"Alcaldes","05603","CARTAGENA",1,100,100,1,NA,"Cartagena","Cartagena"
2016,"Alcaldes","05102","CASABLANCA",1,100,100,1,NA,"Casablanca","Casablanca"
2016,"Alcaldes","10201","CASTRO",0.3125,25,0,1,0,"Castro","Castro"
2016,"Alcaldes","05702","CATEMU",0.5,50,0,1,NA,"Catemu","Catemu"
2016,"Alcaldes","07201","CAUQUENES",0.875,50,100,1,100,"Cauquenes","Cauquenes"
2016,"Alcaldes","13102","CERRILLOS",0.75,100,100,1,0,"Cerrillos","Cerrillos"
2016,"Alcaldes","13103","CERRO NAVIA",0.5,50,0,1,NA,"Cerro Navia","Cerro Navia"
2016,"Alcaldes","10401","CHAITEN",0.444444444444444,33.3333333333333,0,1,NA,"Chaitén","Chaitén"
2016,"Alcaldes","03201","CHANARAL",0.3125,25,0,1,0,"Chañaral","Chañaral"
2016,"Alcaldes","07202","CHANCO",0.875,50,100,1,100,"Chanco","Chanco"
2016,"Alcaldes","06302","CHEPICA",0,0,0,0,NA,"Chépica","Chépica"
2016,"Alcaldes","08103","CHIGUAYANTE",0.888888888888889,66.6666666666667,100,1,NA,"Chiguayante","Chiguayante"
2016,"Alcaldes","11401","CHILE CHICO",0,0,0,0,NA,"Chile Chico","Chile Chico"
2016,"Alcaldes","16101","CHILLAN",0.416666666666667,25,0,1,NA,"Chillán","Chillán"
2016,"Alcaldes","16103","CHILLAN VIEJO",0.916666666666667,66.6666666666667,100,1,100,"Chillán Viejo","Chillán Viejo"
2016,"Alcaldes","06303","CHIMBARONGO",0.444444444444444,33.3333333333333,0,1,NA,"Chimbarongo","Chimbarongo"
2016,"Alcaldes","09121","CHOLCHOL",0,0,0,0,NA,"Cholchol","Cholchol"
2016,"Alcaldes","10203","CHONCHI",0.333333333333333,33.3333333333333,0,1,0,"Chonchi","Chonchi"
2016,"Alcaldes","11202","CISNES",0.833333333333333,50,100,1,NA,"Cisnes","Cisnes"
2016,"Alcaldes","16202","COBQUECURA",1,100,100,1,NA,"Cobquecura","Cobquecura"
2016,"Alcaldes","10103","COCHAMO",0.916666666666667,66.6666666666667,100,1,100,"Cochamó","Cochamó"
2016,"Alcaldes","11301","COCHRANE",0.5,50,0,1,NA,"Cochrane","Cochrane"
2016,"Alcaldes","06102","CODEGUA",0.916666666666667,66.6666666666667,100,1,100,"Codegua","Codegua"
2016,"Alcaldes","16203","COELEMU",0,0,0,0,NA,"Coelemu","Coelemu"
2016,"Alcaldes","11101","COIHAIQUE",1,100,100,1,NA,"Coihaique","Coihaique"
2016,"Alcaldes","16302","COIHUECO",0.375,50,0,1,0,"Coihueco","Coihueco"
2016,"Alcaldes","06103","COINCO",0.875,50,100,1,100,"Coinco","Coinco"
2016,"Alcaldes","07402","COLBUN",0,0,0,0,NA,"Colbún","Colbún"
2016,"Alcaldes","01403","COLCHANE",0.833333333333333,50,100,1,NA,"Colchane","Colchane"
2016,"Alcaldes","13301","COLINA",0.5,50,0,1,NA,"Colina","Colina"
2016,"Alcaldes","09202","COLLIPULLI",0.4,20,0,1,NA,"Collipulli","Collipulli"
2016,"Alcaldes","06104","COLTAUCO",0,0,0,0,NA,"Coltauco","Coltauco"
2016,"Alcaldes","04302","COMBARBALA",0,0,0,0,NA,"Combarbalá","Combarbalá"
2016,"Alcaldes","08101","CONCEPCION",0.8,40,100,1,NA,"Concepción","Concepción"
2016,"Alcaldes","13104","CONCHALI",0.476190476190476,42.8571428571429,0,1,NA,"Conchalí","Conchalí"
2016,"Alcaldes","05103","CONCON",0.416666666666667,25,0,1,NA,"Concón","Concón"
2016,"Alcaldes","07102","CONSTITUCION",0.444444444444444,33.3333333333333,0,1,NA,"Constitución","Constitución"
2016,"Alcaldes","08204","CONTULMO",0.444444444444444,33.3333333333333,0,1,NA,"Contulmo","Contulmo"
2016,"Alcaldes","03101","COPIAPO",0.4,20,0,1,NA,"Copiapó","Copiapó"
2016,"Alcaldes","04102","COQUIMBO",0.5,50,0,1,NA,"Coquimbo","Coquimbo"
2016,"Alcaldes","08102","CORONEL",0.75,100,100,1,0,"Coronel","Coronel"
2016,"Alcaldes","14102","CORRAL",0.444444444444444,33.3333333333333,0,1,NA,"Corral","Corral"
2016,"Alcaldes","09103","CUNCO",0.777777777777778,33.3333333333333,100,1,NA,"Cunco","Cunco"
2016,"Alcaldes","09203","CURACAUTIN",0,0,0,0,NA,"Curacautín","Curacautín"
2016,"Alcaldes","13503","CURACAVI",0.555555555555555,66.6666666666667,0,1,NA,"Curacaví","Curacaví"
2016,"Alcaldes","10204","CURACO DE VELEZ",0.916666666666667,66.6666666666667,100,1,100,"Curaco de Vélez","Curaco de Vélez"
2016,"Alcaldes","08205","CURANILAHUE",0.5,50,0,1,NA,"Curanilahue","Curanilahue"
2016,"Alcaldes","09104","CURARREHUE",0.888888888888889,66.6666666666667,100,1,NA,"Curarrehue","Curarrehue"
2016,"Alcaldes","07103","CUREPTO",0,0,0,0,NA,"Curepto","Curepto"
2016,"Alcaldes","07301","CURICO",0.75,25,100,1,NA,"Curicó","Curicó"
2016,"Alcaldes","10205","DALCAHUE",0.4,20,0,1,NA,"Dalcahue","Dalcahue"
2016,"Alcaldes","03202","DIEGO DE ALMAGRO",0.8,20,100,1,100,"Diego de Almagro","Diego de Almagro"
2016,"Alcaldes","06105","DONIHUE",0,0,0,0,NA,"Doñihue","Doñihue"
2016,"Alcaldes","13105","EL BOSQUE",0.916666666666667,75,100,1,NA,"El Bosque","El Bosque"
2016,"Alcaldes","16104","EL CARMEN",0.888888888888889,66.6666666666667,100,1,NA,"El Carmen","El Carmen"
2016,"Alcaldes","13602","EL MONTE",0.75,25,100,1,NA,"El Monte","El Monte"
2016,"Alcaldes","05604","EL QUISCO",0.8125,25,100,1,100,"El Quisco","El Quisco"
2016,"Alcaldes","05605","EL TABO",0.9375,75,100,1,100,"El Tabo","El Tabo"
2016,"Alcaldes","07104","EMPEDRADO",0.416666666666667,25,0,1,NA,"Empedrado","Empedrado"
2016,"Alcaldes","09204","ERCILLA",0.444444444444444,33.3333333333333,0,1,NA,"Ercilla","Ercilla"
2016,"Alcaldes","13106","ESTACION CENTRAL",0.416666666666667,25,0,1,NA,"Estación Central","Estación Central"
2016,"Alcaldes","08104","FLORIDA",0.888888888888889,66.6666666666667,100,1,NA,"Florida","Florida"
2016,"Alcaldes","09105","FREIRE",0.888888888888889,66.6666666666667,100,1,NA,"Freire","Freire"
2016,"Alcaldes","03303","FREIRINA",0.833333333333333,50,100,1,NA,"Freirina","Freirina"
2016,"Alcaldes","10104","FRESIA",1,100,100,1,NA,"Fresia","Fresia"
2016,"Alcaldes","10105","FRUTILLAR",0.333333333333333,33.3333333333333,0,1,0,"Frutillar","Frutillar"
2016,"Alcaldes","10402","FUTALEUFU",0.444444444444444,33.3333333333333,0,1,NA,"Futaleufú","Futaleufú"
2016,"Alcaldes","14202","FUTRONO",0.5,50,0,1,NA,"Futrono","Futrono"
2016,"Alcaldes","09106","GALVARINO",0,0,0,0,NA,"Galvarino","Galvarino"
2016,"Alcaldes","15202","GENERAL LAGOS",0.5,50,0,1,NA,"General Lagos","General Lagos"
2016,"Alcaldes","09107","GORBEA",0.5,50,0,1,NA,"Gorbea","Gorbea"
2016,"Alcaldes","06106","GRANEROS",0.555555555555555,66.6666666666667,0,1,NA,"Graneros","Graneros"
2016,"Alcaldes","11203","GUAITECAS",0.416666666666667,66.6666666666667,0,1,0,"Guaitecas","Guaitecas"
2016,"Alcaldes","05503","HIJUELAS",0.444444444444444,33.3333333333333,0,1,NA,"Hijuelas","Hijuelas"
2016,"Alcaldes","10403","HUALAIHUE",1,100,100,1,NA,"Hualaihué","Hualaihué"
2016,"Alcaldes","07302","HUALANE",1,100,100,1,100,"Hualañé","Hualañé"
2016,"Alcaldes","08112","HUALPEN",0.5,50,0,1,NA,"Hualpén","Hualpén"
2016,"Alcaldes","08105","HUALQUI",0.444444444444444,33.3333333333333,0,1,NA,"Hualqui","Hualqui"
2016,"Alcaldes","01404","HUARA",0.444444444444444,33.3333333333333,0,1,NA,"Huara","Huara"
2016,"Alcaldes","03304","HUASCO",0.875,50,100,1,100,"Huasco","Huasco"
2016,"Alcaldes","13107","HUECHURABA",0.75,25,100,1,NA,"Huechuraba","Huechuraba"
2016,"Alcaldes","04201","ILLAPEL",0,0,0,0,NA,"Illapel","Illapel"
2016,"Alcaldes","13108","INDEPENDENCIA",0.916666666666667,75,100,1,NA,"Independencia","Independencia"
2016,"Alcaldes","01101","IQUIQUE",0.388888888888889,16.6666666666667,0,1,NA,"Iquique","Iquique"
2016,"Alcaldes","13603","ISLA DE MAIPO",1,100,100,1,NA,"Isla de Maipo","Isla de Maipo"
2016,"Alcaldes","05201","ISLA DE PASCUA",0.833333333333333,33.3333333333333,100,1,100,"Isla de Pascua","Isla de Pascua"
2016,"Alcaldes","05104","JUAN FERNANDEZ",1,100,100,1,100,"Juan Fernández","Juan Fernández"
2016,"Alcaldes","13109","LA CISTERNA",0.916666666666667,66.6666666666667,100,1,100,"La Cisterna","La Cisterna"
2016,"Alcaldes","05504","LA CRUZ",0.416666666666667,25,0,1,NA,"La Cruz","La Cruz"
2016,"Alcaldes","06202","LA ESTRELLA",0.444444444444444,33.3333333333333,0,1,NA,"La Estrella","La Estrella"
2016,"Alcaldes","13110","LA FLORIDA",0.533333333333333,60,0,1,NA,"La Florida","La Florida"
2016,"Alcaldes","13111","LA GRANJA",0.866666666666667,60,100,1,NA,"La Granja","La Granja"
2016,"Alcaldes","04104","LA HIGUERA",0.5,50,0,1,NA,"La Higuera","La Higuera"
2016,"Alcaldes","05401","LA LIGUA",0.875,50,100,1,100,"La Ligua","La Ligua"
2016,"Alcaldes","13112","LA PINTANA",0.833333333333333,50,100,1,NA,"La Pintana","La Pintana"
2016,"Alcaldes","13113","LA REINA",0.533333333333333,60,0,1,NA,"La Reina","La Reina"
2016,"Alcaldes","04101","LA SERENA",0.904761904761905,71.4285714285714,100,1,NA,"La Serena","La Serena"
2016,"Alcaldes","14201","LA UNION",0.5,50,0,1,NA,"La Unión","La Unión"
2016,"Alcaldes","14203","LAGO RANCO",0.833333333333333,50,100,1,NA,"Lago Ranco","Lago Ranco"
2016,"Alcaldes","11102","LAGO VERDE",0.3125,25,0,1,0,"Lago Verde","Lago Verde"
2016,"Alcaldes","12102","LAGUNA BLANCA",0.4,20,0,1,NA,"Laguna Blanca","Laguna Blanca"
2016,"Alcaldes","08304","LAJA",0.444444444444444,33.3333333333333,0,1,NA,"Laja","Laja"
2016,"Alcaldes","13302","LAMPA",0.833333333333333,33.3333333333333,100,1,100,"Lampa","Lampa"
2016,"Alcaldes","14103","LANCO",0.888888888888889,66.6666666666667,100,1,NA,"Lanco","Lanco"
2016,"Alcaldes","06107","LAS CABRAS",0.444444444444444,33.3333333333333,0,1,NA,"Las Cabras","Las Cabras"
2016,"Alcaldes","13114","LAS CONDES",0.5,50,0,1,NA,"Las Condes","Las Condes"
2016,"Alcaldes","09108","LAUTARO",0,0,0,0,NA,"Lautaro","Lautaro"
2016,"Alcaldes","08201","LEBU",0.444444444444444,33.3333333333333,0,1,NA,"Lebu","Lebu"
2016,"Alcaldes","07303","LICANTEN",0.444444444444444,33.3333333333333,0,1,NA,"Licantén","Licantén"
2016,"Alcaldes","05802","LIMACHE",0.444444444444444,33.3333333333333,0,1,NA,"Limache","Limache"
2016,"Alcaldes","07401","LINARES",1,100,100,1,NA,"Linares","Linares"
2016,"Alcaldes","06203","LITUECHE",0.5,50,0,1,NA,"Litueche","Litueche"
2016,"Alcaldes","05703","LLAILLAY",0.888888888888889,66.6666666666667,100,1,NA,"Llaillay","Llaillay"
2016,"Alcaldes","10107","LLANQUIHUE",0.75,25,100,1,NA,"Llanquihue","Llanquihue"
2016,"Alcaldes","13115","LO BARNECHEA",0.875,50,100,1,100,"Lo Barnechea","Lo Barnechea"
2016,"Alcaldes","13116","LO ESPEJO",0.75,25,100,1,NA,"Lo Espejo","Lo Espejo"
2016,"Alcaldes","13117","LO PRADO",0.777777777777778,33.3333333333333,100,1,NA,"Lo Prado","Lo Prado"
2016,"Alcaldes","06304","LOLOL",0,0,0,0,NA,"Lolol","Lolol"
2016,"Alcaldes","09109","LONCOCHE",0.888888888888889,66.6666666666667,100,1,NA,"Loncoche","Loncoche"
2016,"Alcaldes","07403","LONGAVI",0.5,50,0,1,NA,"Longaví","Longaví"
2016,"Alcaldes","09205","LONQUIMAY",0.733333333333333,20,100,1,NA,"Lonquimay","Lonquimay"
2016,"Alcaldes","08206","LOS ALAMOS",0,0,0,0,NA,"Los Alamos","Los Alamos"
2016,"Alcaldes","05301","LOS ANDES",0.466666666666667,40,0,1,NA,"Los Andes","Los Andes"
2016,"Alcaldes","08301","LOS ANGELES",0.833333333333333,50,100,1,NA,"Los Angeles","Los Angeles"
2016,"Alcaldes","14104","LOS LAGOS",0.416666666666667,25,0,1,NA,"Los Lagos","Los Lagos"
2016,"Alcaldes","10106","LOS MUERMOS",0.444444444444444,33.3333333333333,0,1,NA,"Los Muermos","Los Muermos"
2016,"Alcaldes","09206","LOS SAUCES",0.333333333333333,33.3333333333333,0,1,0,"Los Sauces","Los Sauces"
2016,"Alcaldes","04203","LOS VILOS",0.533333333333333,60,0,1,NA,"Los Vilos","Los Vilos"
2016,"Alcaldes","08106","LOTA",0.4,20,0,1,NA,"Lota","Lota"
2016,"Alcaldes","09207","LUMACO",0.8125,25,100,1,100,"Lumaco","Lumaco"
2016,"Alcaldes","06108","MACHALI",0.5,50,0,1,NA,"Machalí","Machalí"
2016,"Alcaldes","13118","MACUL",0.333333333333333,33.3333333333333,0,1,0,"Macul","Macul"
2016,"Alcaldes","14105","MAFIL",0.777777777777778,33.3333333333333,100,1,NA,"Máfil","Máfil"
2016,"Alcaldes","13119","MAIPU",0.388888888888889,16.6666666666667,0,1,NA,"Maipú","Maipú"
2016,"Alcaldes","06109","MALLOA",0,0,0,0,NA,"Malloa","Malloa"
2016,"Alcaldes","06204","MARCHIHUE",0.5,50,0,1,NA,"Marchihue","Marchihue"
2016,"Alcaldes","02302","MARIA ELENA",0.5,50,0,1,NA,"María Elena","María Elena"
2016,"Alcaldes","13504","MARIA PINTO",0.416666666666667,25,0,1,NA,"María Pinto","María Pinto"
2016,"Alcaldes","14106","MARIQUINA",0.5,50,0,1,NA,"Mariquina","Mariquina"
2016,"Alcaldes","07105","MAULE",0.833333333333333,50,100,1,NA,"Maule","Maule"
2016,"Alcaldes","10108","MAULLIN",0.75,25,100,1,NA,"Maullín","Maullín"
2016,"Alcaldes","02102","MEJILLONES",0.375,50,0,1,0,"Mejillones","Mejillones"
2016,"Alcaldes","09110","MELIPEUCO",0,0,0,0,NA,"Melipeuco","Melipeuco"
2016,"Alcaldes","13501","MELIPILLA",0.833333333333333,50,100,1,NA,"Melipilla","Melipilla"
2016,"Alcaldes","07304","MOLINA",0.733333333333333,20,100,1,NA,"Molina","Molina"
2016,"Alcaldes","04303","MONTE PATRIA",0.75,25,100,1,NA,"Monte Patria","Monte Patria"
2016,"Alcaldes","06110","MOSTAZAL",0,0,0,0,NA,"Mostazal","Mostazal"
2016,"Alcaldes","08305","MULCHEN",0.833333333333333,50,100,1,NA,"Mulchén","Mulchén"
2016,"Alcaldes","08306","NACIMIENTO",0.777777777777778,33.3333333333333,100,1,NA,"Nacimiento","Nacimiento"
2016,"Alcaldes","06305","NANCAGUA",0.833333333333333,33.3333333333333,100,1,100,"Nancagua","Nancagua"
2016,"Alcaldes","12401","NATALES",0.375,50,0,1,0,"Natales","Natales"
2016,"Alcaldes","06205","NAVIDAD",0.5,50,0,1,NA,"Navidad","Navidad"
2016,"Alcaldes","08307","NEGRETE",0.75,25,100,1,NA,"Negrete","Negrete"
2016,"Alcaldes","16204","NINHUE",0.916666666666667,66.6666666666667,100,1,100,"Ninhue","Ninhue"
2016,"Alcaldes","16303","NIQUEN",0,0,0,0,NA,"Ñiquén","Ñiquén"
2016,"Alcaldes","05506","NOGALES",0.777777777777778,33.3333333333333,100,1,NA,"Nogales","Nogales"
2016,"Alcaldes","09111","NUEVA IMPERIAL",0.777777777777778,33.3333333333333,100,1,NA,"Nueva Imperial","Nueva Imperial"
2016,"Alcaldes","13120","NUNOA",0.5,50,0,1,NA,"Ñuñoa","Ñuñoa"
2016,"Alcaldes","11302","OHIGGINS",0.375,50,0,1,0,"O'Higgins","O'Higgins"
2016,"Alcaldes","06111","OLIVAR",0.833333333333333,50,100,1,NA,"Olivar","Olivar"
2016,"Alcaldes","02202","OLLAGUE",0.4,20,0,1,NA,"Ollagüe","Ollagüe"
2016,"Alcaldes","05803","OLMUE",0.444444444444444,33.3333333333333,0,1,NA,"Olmué","Olmué"
2016,"Alcaldes","10301","OSORNO",0.833333333333333,33.3333333333333,100,1,100,"Osorno","Osorno"
2016,"Alcaldes","04301","OVALLE",0.533333333333333,60,0,1,NA,"Ovalle","Ovalle"
2016,"Alcaldes","13604","PADRE HURTADO",0.9375,75,100,1,100,"Padre Hurtado","Padre Hurtado"
2016,"Alcaldes","09112","PADRE LAS CASAS",1,100,100,1,NA,"Padre Las Casas","Padre Las Casas"
2016,"Alcaldes","04105","PAIGUANO",1,100,100,1,NA,"Paiguano","Paiguano"
2016,"Alcaldes","14107","PAILLACO",0.875,50,100,1,100,"Paillaco","Paillaco"
2016,"Alcaldes","13404","PAINE",1,100,100,1,100,"Paine","Paine"
2016,"Alcaldes","10404","PALENA",0.4,20,0,1,NA,"Palena","Palena"
2016,"Alcaldes","06306","PALMILLA",0.833333333333333,50,100,1,NA,"Palmilla","Palmilla"
2016,"Alcaldes","14108","PANGUIPULLI",0.666666666666667,66.6666666666667,100,1,0,"Panguipulli","Panguipulli"
2016,"Alcaldes","05704","PANQUEHUE",0.5,50,0,1,NA,"Panquehue","Panquehue"
2016,"Alcaldes","05403","PAPUDO",0.916666666666667,66.6666666666667,100,1,100,"Papudo","Papudo"
2016,"Alcaldes","06206","PAREDONES",0.8125,25,100,1,100,"Paredones","Paredones"
2016,"Alcaldes","07404","PARRAL",0.416666666666667,66.6666666666667,0,1,0,"Parral","Parral"
2016,"Alcaldes","13121","PEDRO AGUIRRE CERDA",0.35,40,0,1,0,"Pedro Aguirre Cerda","Pedro Aguirre Cerda"
2016,"Alcaldes","07106","PELARCO",0,0,0,0,NA,"Pelarco","Pelarco"
2016,"Alcaldes","07203","PELLUHUE",0,0,0,0,NA,"Pelluhue","Pelluhue"
2016,"Alcaldes","16105","PEMUCO",0.333333333333333,33.3333333333333,0,1,0,"Pemuco","Pemuco"
2016,"Alcaldes","13605","PENAFLOR",0.777777777777778,33.3333333333333,100,1,NA,"Peñaflor","Peñaflor"
2016,"Alcaldes","13122","PENALOLEN",0.916666666666667,75,100,1,NA,"Peñalolén","Peñalolén"
2016,"Alcaldes","07107","PENCAHUE",0.875,50,100,1,100,"Pencahue","Pencahue"
2016,"Alcaldes","08107","PENCO",0.722222222222222,16.6666666666667,100,1,NA,"Penco","Penco"
2016,"Alcaldes","06307","PERALILLO",0.416666666666667,25,0,1,NA,"Peralillo","Peralillo"
2016,"Alcaldes","09113","PERQUENCO",0.5,50,0,1,NA,"Perquenco","Perquenco"
2016,"Alcaldes","05404","PETORCA",0.5,50,0,1,NA,"Petorca","Petorca"
2016,"Alcaldes","06112","PEUMO",0.333333333333333,33.3333333333333,0,1,0,"Peumo","Peumo"
2016,"Alcaldes","01405","PICA",0.388888888888889,16.6666666666667,0,1,NA,"Pica","Pica"
2016,"Alcaldes","06113","PICHIDEGUA",0.833333333333333,50,100,1,NA,"Pichidegua","Pichidegua"
2016,"Alcaldes","06201","PICHILEMU",0.75,25,100,1,NA,"Pichilemu","Pichilemu"
2016,"Alcaldes","16106","PINTO",0,0,0,0,NA,"Pinto","Pinto"
2016,"Alcaldes","13202","PIRQUE",1,100,100,1,100,"Pirque","Pirque"
2016,"Alcaldes","09114","PITRUFQUEN",0.833333333333333,50,100,1,NA,"Pitrufquén","Pitrufquén"
2016,"Alcaldes","06308","PLACILLA",0.833333333333333,50,100,1,NA,"Placilla","Placilla"
2016,"Alcaldes","16205","PORTEZUELO",0.833333333333333,50,100,1,NA,"Portezuelo","Portezuelo"
2016,"Alcaldes","12301","PORVENIR",1,100,100,1,NA,"Porvenir","Porvenir"
2016,"Alcaldes","01401","POZO ALMONTE",0.866666666666667,60,100,1,NA,"Pozo Almonte","Pozo Almonte"
2016,"Alcaldes","12302","PRIMAVERA",0.5,50,0,1,NA,"Primavera","Primavera"
2016,"Alcaldes","13123","PROVIDENCIA",0.466666666666667,40,0,1,NA,"Providencia","Providencia"
2016,"Alcaldes","05105","PUCHUNCAVI",0.416666666666667,25,0,1,NA,"Puchuncaví","Puchuncaví"
2016,"Alcaldes","09115","PUCON",0.85,40,100,1,100,"Pucón","Pucón"
2016,"Alcaldes","13124","PUDAHUEL",0.875,50,100,1,100,"Pudahuel","Pudahuel"
2016,"Alcaldes","13201","PUENTE ALTO",1,100,100,1,NA,"Puente Alto","Puente Alto"
2016,"Alcaldes","10101","PUERTO MONTT",0.866666666666667,60,100,1,NA,"Puerto Montt","Puerto Montt"
2016,"Alcaldes","10302","PUERTO OCTAY",0.4,20,0,1,NA,"Puerto Octay","Puerto Octay"
2016,"Alcaldes","10109","PUERTO VARAS",0.428571428571429,28.5714285714286,0,1,NA,"Puerto Varas","Puerto Varas"
2016,"Alcaldes","06309","PUMANQUE",1,100,100,1,NA,"Pumanque","Pumanque"
2016,"Alcaldes","04304","PUNITAQUI",0.388888888888889,16.6666666666667,0,1,NA,"Punitaqui","Punitaqui"
2016,"Alcaldes","12101","PUNTA ARENAS",0.791666666666667,37.5,100,1,NA,"Punta Arenas","Punta Arenas"
2016,"Alcaldes","10206","PUQUELDON",0.555555555555555,66.6666666666667,0,1,NA,"Puqueldón","Puqueldón"
2016,"Alcaldes","09208","PUREN",0.777777777777778,33.3333333333333,100,1,NA,"Purén","Purén"
2016,"Alcaldes","10303","PURRANQUE",0.833333333333333,50,100,1,NA,"Purranque","Purranque"
2016,"Alcaldes","05705","PUTAENDO",1,100,100,1,NA,"Putaendo","Putaendo"
2016,"Alcaldes","15201","PUTRE",0.375,50,0,1,0,"Putre","Putre"
2016,"Alcaldes","10304","PUYEHUE",0.444444444444444,33.3333333333333,0,1,NA,"Puyehue","Puyehue"
2016,"Alcaldes","10207","QUEILEN",0.833333333333333,50,100,1,NA,"Queilén","Queilén"
2016,"Alcaldes","10208","QUELLON",1,100,100,1,NA,"Quellón","Quellón"
2016,"Alcaldes","10209","QUEMCHI",0,0,0,0,NA,"Quemchi","Quemchi"
2016,"Alcaldes","08308","QUILACO",0,0,0,0,NA,"Quilaco","Quilaco"
2016,"Alcaldes","13125","QUILICURA",0.416666666666667,25,0,1,NA,"Quilicura","Quilicura"
2016,"Alcaldes","08309","QUILLECO",0,0,0,0,NA,"Quilleco","Quilleco"
2016,"Alcaldes","16107","QUILLON",0.888888888888889,66.6666666666667,100,1,NA,"Quillón","Quillón"
2016,"Alcaldes","05501","QUILLOTA",1,100,100,1,100,"Quillota","Quillota"
2016,"Alcaldes","05801","QUILPUE",0.9,60,100,1,100,"Quilpué","Quilpué"
2016,"Alcaldes","10210","QUINCHAO",0,0,0,0,NA,"Quinchao","Quinchao"
2016,"Alcaldes","06114","QUINTA DE TILCOCO",0.875,50,100,1,100,"Quinta de Tilcoco","Quinta de Tilcoco"
2016,"Alcaldes","13126","QUINTA NORMAL",0.916666666666667,75,100,1,NA,"Quinta Normal","Quinta Normal"
2016,"Alcaldes","05107","QUINTERO",0,0,0,0,NA,"Quintero","Quintero"
2016,"Alcaldes","16201","QUIRIHUE",0.833333333333333,50,100,1,NA,"Quirihue","Quirihue"
2016,"Alcaldes","06101","RANCAGUA",0.5,50,0,1,NA,"Rancagua","Rancagua"
2016,"Alcaldes","16206","RANQUIL",0.833333333333333,50,100,1,NA,"Ranquil","Ranquil"
2016,"Alcaldes","07305","RAUCO",1,100,100,1,NA,"Rauco","Rauco"
2016,"Alcaldes","13127","RECOLETA",0.933333333333333,80,100,1,NA,"Recoleta","Recoleta"
2016,"Alcaldes","09209","RENAICO",0.375,50,0,1,0,"Renaico","Renaico"
2016,"Alcaldes","13128","RENCA",0.888888888888889,66.6666666666667,100,1,NA,"Renca","Renca"
2016,"Alcaldes","06115","RENGO",0,0,0,0,NA,"Rengo","Rengo"
2016,"Alcaldes","06116","REQUINOA",0.555555555555555,66.6666666666667,0,1,NA,"Requínoa","Requínoa"
2016,"Alcaldes","07405","RETIRO",1,100,100,1,NA,"Retiro","Retiro"
2016,"Alcaldes","05303","RINCONADA",0.833333333333333,50,100,1,NA,"Rinconada","Rinconada"
2016,"Alcaldes","14204","RIO BUENO",0.5,50,0,1,NA,"Río Bueno","Río Bueno"
2016,"Alcaldes","07108","RIO CLARO",NA,100,NA,1,0,"Río Claro","Río Claro"
2016,"Alcaldes","04305","RIO HURTADO",1,100,100,1,NA,"Río Hurtado","Río Hurtado"
2016,"Alcaldes","11402","RIO IBANEZ",0.555555555555555,66.6666666666667,0,1,NA,"Río Ibáñez","Río Ibáñez"
2016,"Alcaldes","10305","RIO NEGRO",0.875,50,100,1,100,"Río Negro","Río Negro"
2016,"Alcaldes","12103","RIO VERDE",0,0,0,0,NA,"Río Verde","Río Verde"
2016,"Alcaldes","07306","ROMERAL",0.777777777777778,33.3333333333333,100,1,NA,"Romeral","Romeral"
2016,"Alcaldes","09116","SAAVEDRA",0.416666666666667,25,0,1,NA,"Saavedra","Saavedra"
2016,"Alcaldes","07307","SAGRADA FAMILIA",0.333333333333333,33.3333333333333,0,1,0,"Sagrada Familia","Sagrada Familia"
2016,"Alcaldes","04204","SALAMANCA",0.416666666666667,66.6666666666667,0,1,0,"Salamanca","Salamanca"
2016,"Alcaldes","05601","SAN ANTONIO",0.833333333333333,33.3333333333333,100,1,100,"San Antonio","San Antonio"
2016,"Alcaldes","13401","SAN BERNARDO",0.466666666666667,40,0,1,NA,"San Bernardo","San Bernardo"
2016,"Alcaldes","16301","SAN CARLOS",1,100,100,1,100,"San Carlos","San Carlos"
2016,"Alcaldes","07109","SAN CLEMENTE",0.8125,25,100,1,100,"San Clemente","San Clemente"
2016,"Alcaldes","05304","SAN ESTEBAN",0.444444444444444,33.3333333333333,0,1,NA,"San Esteban","San Esteban"
2016,"Alcaldes","16304","SAN FABIAN",0.777777777777778,33.3333333333333,100,1,NA,"San Fabián","San Fabián"
2016,"Alcaldes","05701","SAN FELIPE",0.4,20,0,1,NA,"San Felipe","San Felipe"
2016,"Alcaldes","06301","SAN FERNANDO",0.533333333333333,60,0,1,NA,"San Fernando","San Fernando"
2016,"Alcaldes","12104","SAN GREGORIO",0.5,50,0,1,NA,"San Gregorio","San Gregorio"
2016,"Alcaldes","16108","SAN IGNACIO",0.375,50,0,1,0,"San Ignacio","San Ignacio"
2016,"Alcaldes","07406","SAN JAVIER",1,100,100,1,NA,"San Javier","San Javier"
2016,"Alcaldes","13129","SAN JOAQUIN",0,0,0,0,NA,"San Joaquín","San Joaquín"
2016,"Alcaldes","13203","SAN JOSE DE MAIPO",0.85,40,100,1,100,"San José de Maipo","San José de Maipo"
2016,"Alcaldes","10306","SAN JUAN DE LA COSTA",0.833333333333333,50,100,1,NA,"San Juan de la Costa","San Juan de la Costa"
2016,"Alcaldes","13130","SAN MIGUEL",0.65,60,100,1,0,"San Miguel","San Miguel"
2016,"Alcaldes","16305","SAN NICOLAS",0.444444444444444,33.3333333333333,0,1,NA,"San Nicolás","San Nicolás"
2016,"Alcaldes","10307","SAN PABLO",0.375,50,0,1,0,"San Pablo","San Pablo"
2016,"Alcaldes","13505","SAN PEDRO",0.35,40,0,1,0,"San Pedro","San Pedro"
2016,"Alcaldes","02203","SAN PEDRO DE ATACAMA",0.35,40,0,1,0,"San Pedro de Atacama","San Pedro de Atacama"
2016,"Alcaldes","08108","SAN PEDRO DE LA PAZ",0.4,20,0,1,NA,"San Pedro de la Paz","San Pedro de la Paz"
2016,"Alcaldes","07110","SAN RAFAEL",0.777777777777778,33.3333333333333,100,1,NA,"San Rafael","San Rafael"
2016,"Alcaldes","13131","SAN RAMON",0.777777777777778,33.3333333333333,100,1,NA,"San Ramón","San Ramón"
2016,"Alcaldes","08310","SAN ROSENDO",0.375,50,0,1,0,"San Rosendo","San Rosendo"
2016,"Alcaldes","06117","SAN VICENTE",0.416666666666667,25,0,1,NA,"San Vicente","San Vicente"
2016,"Alcaldes","08311","SANTA BARBARA",0.833333333333333,50,100,1,NA,"Santa Bárbara","Santa Bárbara"
2016,"Alcaldes","06310","SANTA CRUZ",0.4,20,0,1,NA,"Santa Cruz","Santa Cruz"
2016,"Alcaldes","08109","SANTA JUANA",1,100,100,1,100,"Santa Juana","Santa Juana"
2016,"Alcaldes","05706","SANTA MARIA",1,100,100,1,100,"Santa María","Santa María"
2016,"Alcaldes","13101","SANTIAGO",0.904761904761905,71.4285714285714,100,1,NA,"Santiago","Santiago"
2016,"Alcaldes","05606","SANTO DOMINGO",0.5,50,0,1,NA,"Santo Domingo","Santo Domingo"
2016,"Alcaldes","02103","SIERRA GORDA",0.444444444444444,33.3333333333333,0,1,NA,"Sierra Gorda","Sierra Gorda"
2016,"Alcaldes","13601","TALAGANTE",0.75,25,100,1,NA,"Talagante","Talagante"
2016,"Alcaldes","07101","TALCA",0.833333333333333,50,100,1,NA,"Talca","Talca"
2016,"Alcaldes","08110","TALCAHUANO",0.5,50,0,1,NA,"Talcahuano","Talcahuano"
2016,"Alcaldes","02104","TALTAL",0.888888888888889,66.6666666666667,100,1,NA,"Taltal","Taltal"
2016,"Alcaldes","09101","TEMUCO",0.95,80,100,1,100,"Temuco","Temuco"
2016,"Alcaldes","07308","TENO",0.416666666666667,25,0,1,NA,"Teno","Teno"
2016,"Alcaldes","09117","TEODORO SCHMIDT",0.733333333333333,20,100,1,NA,"Teodoro Schmidt","Teodoro Schmidt"
2016,"Alcaldes","03103","TIERRA AMARILLA",0.466666666666667,40,0,1,NA,"Tierra Amarilla","Tierra Amarilla"
2016,"Alcaldes","13303","TILTIL",0.444444444444444,33.3333333333333,0,1,NA,"Tiltil","Tiltil"
2016,"Alcaldes","12303","TIMAUKEL",0.444444444444444,33.3333333333333,0,1,NA,"Timaukel","Timaukel"
2016,"Alcaldes","08207","TIRUA",0.5,50,0,1,NA,"Tirúa","Tirúa"
2016,"Alcaldes","02301","TOCOPILLA",0.428571428571429,28.5714285714286,0,1,NA,"Tocopilla","Tocopilla"
2016,"Alcaldes","09118","TOLTEN",0.466666666666667,40,0,1,NA,"Toltén","Toltén"
2016,"Alcaldes","08111","TOME",0.416666666666667,25,0,1,NA,"Tomé","Tomé"
2016,"Alcaldes","12402","TORRES DEL PAINE",0,0,0,0,NA,"Torres del Paine","Torres del Paine"
2016,"Alcaldes","11303","TORTEL",0.75,25,100,1,NA,"Tortel","Tortel"
2016,"Alcaldes","09210","TRAIGUEN",0.444444444444444,33.3333333333333,0,1,NA,"Traiguén","Traiguén"
2016,"Alcaldes","16207","TREGUACO",0,0,0,0,NA,"Treguaco","Treguaco"
2016,"Alcaldes","08312","TUCAPEL",0.916666666666667,66.6666666666667,100,1,100,"Tucapel","Tucapel"
2016,"Alcaldes","14101","VALDIVIA",0.583333333333333,75,0,1,NA,"Valdivia","Valdivia"
2016,"Alcaldes","03301","VALLENAR",0.875,50,100,1,100,"Vallenar","Vallenar"
2016,"Alcaldes","05101","VALPARAISO",0,0,0,0,NA,"Valparaíso","Valparaíso"
2016,"Alcaldes","07309","VICHUQUEN",0.375,50,0,1,0,"Vichuquén","Vichuquén"
2016,"Alcaldes","09211","VICTORIA",0,0,0,0,NA,"Victoria","Victoria"
2016,"Alcaldes","04106","VICUNA",0.833333333333333,50,100,1,NA,"Vicuña","Vicuña"
2016,"Alcaldes","09119","VILCUN",0.888888888888889,66.6666666666667,100,1,NA,"Vilcún","Vilcún"
2016,"Alcaldes","07407","VILLA ALEGRE",0.833333333333333,33.3333333333333,100,1,100,"Villa Alegre","Villa Alegre"
2016,"Alcaldes","05804","VILLA ALEMANA",0.4,20,0,1,NA,"Villa Alemana","Villa Alemana"
2016,"Alcaldes","09120","VILLARRICA",1,100,100,1,100,"Villarrica","Villarrica"
2016,"Alcaldes","05109","VINA DEL MAR",0.416666666666667,25,0,1,NA,"Viña del Mar","Viña del Mar"
2016,"Alcaldes","13132","VITACURA",0.916666666666667,75,100,1,NA,"Vitacura","Vitacura"
2016,"Alcaldes","07408","YERBAS BUENAS",0.5,50,0,1,NA,"Yerbas Buenas","Yerbas Buenas"
2016,"Alcaldes","08313","YUMBEL",0.458333333333333,37.5,0,1,NA,"Yumbel","Yumbel"
2016,"Alcaldes","16109","YUNGAY",0.75,25,100,1,NA,"Yungay","Yungay"
2016,"Alcaldes","05405","ZAPALLAR",0.5,50,0,1,NA,"Zapallar","Zapallar"
2016,"Concejales","05602","ALGARROBO",0.520944741532977,35.2941176470588,33.3333333333333,1,33.3333333333333,"Algarrobo","Algarrobo"
2016,"Concejales","13502","ALHUE",0.642961876832845,48.3870967741936,50,1,50,"Alhué","Alhué"
2016,"Concejales","08314","ALTO BIOBIO",0.530618686868687,21.875,33.3333333333333,1,NA,"Alto Biobío","Alto Biobío"
2016,"Concejales","03302","ALTO DEL CARMEN",0.749526515151515,56.25,66.6666666666667,1,66.6666666666667,"Alto del Carmen","Alto del Carmen"
2016,"Concejales","01107","ALTO HOSPICIO",0.64458413926499,48.936170212766,50,1,50,"Alto Hospicio","Alto Hospicio"
2016,"Concejales","10202","ANCUD",0.613636363636364,38.4615384615385,50,1,50,"Ancud","Ancud"
2016,"Concejales","04103","ANDACOLLO",0.689393939393939,50,66.6666666666667,1,50,"Andacollo","Andacollo"
2016,"Concejales","09201","ANGOL",0.702056277056277,54.2857142857143,66.6666666666667,1,50,"Angol","Angol"
2016,"Concejales","02101","ANTOFAGASTA",0.727928772258669,43.298969072165,40,1,100,"Antofagasta","Antofagasta"
2016,"Concejales","08302","ANTUCO",0.648268398268398,64.2857142857143,83.3333333333333,1,0,"Antuco","Antuco"
2016,"Concejales","08202","ARAUCO",0.791193181818182,56.25,50,1,100,"Arauco","Arauco"
2016,"Concejales","15101","ARICA",0.653409090909091,51.9230769230769,50,1,50,"Arica","Arica"
2016,"Concejales","11201","AYSEN",0.724386724386724,42.8571428571429,66.6666666666667,1,NA,"Aisén","Aisén"
2016,"Concejales","13402","BUIN",0.661157024793388,54.5454545454545,33.3333333333333,1,66.6666666666667,"Buin","Buin"
2016,"Concejales","16102","BULNES",0.518939393939394,48.7179487179487,50,1,0,"Bulnes","Bulnes"
2016,"Concejales","05402","CABILDO",0.701515151515151,40,33.3333333333333,1,100,"Cabildo","Cabildo"
2016,"Concejales","12201","CABO DE HORNOS",0.398989898989899,22.2222222222222,33.3333333333333,1,0,"Cabo de Hornos","Cabo de Hornos"
2016,"Concejales","08303","CABRERO",0.661616161616162,41.025641025641,50,1,NA,"Cabrero","Cabrero"
2016,"Concejales","02201","CALAMA",0.846251696065129,53.7313432835821,75,1,100,"Calama","Calama"
2016,"Concejales","10102","CALBUCO",0.528409090909091,51.9230769230769,50,1,0,"Calbuco","Calbuco"
2016,"Concejales","03102","CALDERA",0.872505543237251,41.4634146341463,100,1,100,"Caldera","Caldera"
2016,"Concejales","05502","CALERA",0.82260101010101,52.7777777777778,66.6666666666667,1,100,"Calera","Calera"
2016,"Concejales","13403","CALERA DE TANGO",0.814393939393939,50,66.6666666666667,1,100,"Calera de Tango","Calera de Tango"
2016,"Concejales","05302","CALLE LARGA",0.541068580542265,42.1052631578947,66.6666666666667,1,0,"Calle Larga","Calle Larga"
2016,"Concejales","15102","CAMARONES",0.564393939393939,50,66.6666666666667,1,0,"Camarones","Camarones"
2016,"Concejales","01402","CAMINA",0.625,42.3076923076923,50,1,50,"Camiña","Camiña"
2016,"Concejales","04202","CANELA",0.687611408199644,35.2941176470588,83.3333333333333,1,50,"Canela","Canela"
2016,"Concejales","08203","CANETE",0.661157024793388,54.5454545454545,50,1,50,"Cañete","Cañete"
2016,"Concejales","09102","CARAHUE",0.783279220779221,53.5714285714286,83.3333333333333,1,66.6666666666667,"Carahue","Carahue"
2016,"Concejales","05603","CARTAGENA",0.837719298245614,57.8947368421053,66.6666666666667,1,100,"Cartagena","Cartagena"
2016,"Concejales","05102","CASABLANCA",0.832121212121212,56,66.6666666666667,1,100,"Casablanca","Casablanca"
2016,"Concejales","10201","CASTRO",0.740214646464647,46.875,66.6666666666667,1,NA,"Castro","Castro"
2016,"Concejales","05702","CATEMU",0.752443792766373,29.0322580645161,66.6666666666667,1,100,"Catemu","Catemu"
2016,"Concejales","07201","CAUQUENES",0.582735247208931,42.1052631578947,50,1,33.3333333333333,"Cauquenes","Cauquenes"
2016,"Concejales","13102","CERRILLOS",0.813068181818182,42.5,100,1,75,"Cerrillos","Cerrillos"
2016,"Concejales","13103","CERRO NAVIA",0.726893939393939,41.5384615384615,75,1,66.6666666666667,"Cerro Navia","Cerro Navia"
2016,"Concejales","10401","CHAITEN",0.526406926406926,37.1428571428571,16.6666666666667,1,50,"Chaitén","Chaitén"
2016,"Concejales","03201","CHANARAL",0.698083778966132,52.9411764705882,66.6666666666667,1,50,"Chañaral","Chañaral"
2016,"Concejales","07202","CHANCO",0.580578512396694,27.2727272727273,50,1,50,"Chanco","Chanco"
2016,"Concejales","06302","CHEPICA",0.431818181818182,33.3333333333333,33.3333333333333,1,0,"Chépica","Chépica"
2016,"Concejales","08103","CHIGUAYANTE",0.917313377679231,70.7317073170732,83.3333333333333,1,100,"Chiguayante","Chiguayante"
2016,"Concejales","11401","CHILE CHICO",0.440771349862259,36.3636363636364,33.3333333333333,1,0,"Chile Chico","Chile Chico"
2016,"Concejales","16101","CHILLAN",0.797916666666667,55,87.5,1,66.6666666666667,"Chillán","Chillán"
2016,"Concejales","16103","CHILLAN VIEJO",0.944155844155844,65.7142857142857,100,1,100,"Chillán Viejo","Chillán Viejo"
2016,"Concejales","06303","CHIMBARONGO",0.635841170323929,34.4827586206897,50,1,NA,"Chimbarongo","Chimbarongo"
2016,"Concejales","09121","CHOLCHOL",0.527492668621701,51.6129032258064,50,1,0,"Cholchol","Cholchol"
2016,"Concejales","10203","CHONCHI",0.757445141065831,44.8275862068966,50,1,100,"Chonchi","Chonchi"
2016,"Concejales","11202","CISNES",0.439393939393939,26.9230769230769,0,1,NA,"Cisnes","Cisnes"
2016,"Concejales","16202","COBQUECURA",0.552083333333333,45.8333333333333,66.6666666666667,1,0,"Cobquecura","Cobquecura"
2016,"Concejales","10103","COCHAMO",0.681818181818182,33.3333333333333,33.3333333333333,1,100,"Cochamó","Cochamó"
2016,"Concejales","11301","COCHRANE",0.650793650793651,52.3809523809524,33.3333333333333,1,NA,"Cochrane","Cochrane"
2016,"Concejales","06102","CODEGUA",0.677878787878788,32,33.3333333333333,1,100,"Codegua","Codegua"
2016,"Concejales","16203","COELEMU",0.556186868686869,47.2222222222222,66.6666666666667,1,0,"Coelemu","Coelemu"
2016,"Concejales","11101","COIHAIQUE",0.72562893081761,62.2641509433962,66.6666666666667,1,50,"Coihaique","Coihaique"
2016,"Concejales","16302","COIHUECO",0.731060606060606,50,66.6666666666667,1,66.6666666666667,"Coihueco","Coihueco"
2016,"Concejales","06103","COINCO",0.613636363636364,38.4615384615385,50,1,50,"Coinco","Coinco"
2016,"Concejales","07402","COLBUN",0.476584022038567,48.4848484848485,33.3333333333333,1,0,"Colbún","Colbún"
2016,"Concejales","01403","COLCHANE",0.392424242424242,20,33.3333333333333,1,0,"Colchane","Colchane"
2016,"Concejales","13301","COLINA",0.835227272727273,50,75,1,100,"Colina","Colina"
2016,"Concejales","09202","COLLIPULLI",0.742424242424242,53.8461538461538,66.6666666666667,1,66.6666666666667,"Collipulli","Collipulli"
2016,"Concejales","06104","COLTAUCO",0.387254901960784,32.3529411764706,16.6666666666667,1,0,"Coltauco","Coltauco"
2016,"Concejales","04302","COMBARBALA",0.642246937459703,34.0425531914894,16.6666666666667,1,100,"Combarbalá","Combarbalá"
2016,"Concejales","08101","CONCEPCION",0.855844155844156,52.7472527472528,80,1,100,"Concepción","Concepción"
2016,"Concejales","13104","CONCHALI",0.791868479880775,45.9016393442623,62.5,1,100,"Conchalí","Conchalí"
2016,"Concejales","05103","CONCON",0.737554112554113,38.0952380952381,50,1,100,"Concón","Concón"
2016,"Concejales","07102","CONSTITUCION",0.797979797979798,44.4444444444444,66.6666666666667,1,100,"Constitución","Constitución"
2016,"Concejales","08204","CONTULMO",0.767961876832845,48.3870967741936,50,1,100,"Contulmo","Contulmo"
2016,"Concejales","03101","COPIAPO",0.700081168831169,57.1428571428571,62.5,1,50,"Copiapó","Copiapó"
2016,"Concejales","04102","COQUIMBO",0.699202849389417,46.2686567164179,75,1,50,"Coquimbo","Coquimbo"
2016,"Concejales","08102","CORONEL",0.817045454545455,65,75,1,75,"Coronel","Coronel"
2016,"Concejales","14102","CORRAL",0.629504504504504,29.7297297297297,16.6666666666667,1,100,"Corral","Corral"
2016,"Concejales","09103","CUNCO",0.680160984848485,46.875,66.6666666666667,1,50,"Cunco","Cunco"
2016,"Concejales","09203","CURACAUTIN",0.784242424242424,68,83.3333333333333,1,50,"Curacautín","Curacautín"
2016,"Concejales","13503","CURACAVI",0.856060606060606,50,83.3333333333333,1,100,"Curacaví","Curacaví"
2016,"Concejales","10204","CURACO DE VELEZ",0.555704099821747,47.0588235294118,66.6666666666667,1,0,"Curaco de Vélez","Curaco de Vélez"
2016,"Concejales","08205","CURANILAHUE",0.75034435261708,42.4242424242424,50,1,100,"Curanilahue","Curanilahue"
2016,"Concejales","09104","CURARREHUE",0.731060606060606,50,83.3333333333333,1,50,"Curarrehue","Curarrehue"
2016,"Concejales","07103","CUREPTO",0.445402298850575,37.9310344827586,33.3333333333333,1,0,"Curepto","Curepto"
2016,"Concejales","07301","CURICO",0.786656891495601,51.6129032258064,75,1,NA,"Curicó","Curicó"
2016,"Concejales","10205","DALCAHUE",0.796666666666667,44,66.6666666666667,1,100,"Dalcahue","Dalcahue"
2016,"Concejales","03202","DIEGO DE ALMAGRO",0.838383838383838,57.6923076923077,83.3333333333333,1,NA,"Diego de Almagro","Diego de Almagro"
2016,"Concejales","06105","DONIHUE",0.481060606060606,35.8974358974359,50,1,0,"Doñihue","Doñihue"
2016,"Concejales","13105","EL BOSQUE",0.813580659536542,49.0196078431373,87.5,1,80,"El Bosque","El Bosque"
2016,"Concejales","16104","EL CARMEN",0.534848484848485,40,66.6666666666667,1,0,"El Carmen","El Carmen"
2016,"Concejales","13602","EL MONTE",0.751623376623377,42.8571428571429,50,1,100,"El Monte","El Monte"
2016,"Concejales","05604","EL QUISCO",0.665106951871658,55.8823529411765,66.6666666666667,1,33.3333333333333,"El Quisco","El Quisco"
2016,"Concejales","05605","EL TABO",0.681618819776714,47.3684210526316,50,1,66.6666666666667,"El Tabo","El Tabo"
2016,"Concejales","07104","EMPEDRADO",0.681818181818182,33.3333333333333,33.3333333333333,1,100,"Empedrado","Empedrado"
2016,"Concejales","09204","ERCILLA",0.5,42.3076923076923,50,1,0,"Ercilla","Ercilla"
2016,"Concejales","13106","ESTACION CENTRAL",0.812667112299465,52.9411764705882,62.5,1,100,"Estación Central","Estación Central"
2016,"Concejales","08104","FLORIDA",0.7265625,34.375,50,1,100,"Florida","Florida"
2016,"Concejales","09105","FREIRE",0.773258904837852,55.2631578947368,66.6666666666667,1,NA,"Freire","Freire"
2016,"Concejales","03303","FREIRINA",0.8366391184573,77.2727272727273,83.3333333333333,1,60,"Freirina","Freirina"
2016,"Concejales","10104","FRESIA",0.661157024793388,40.9090909090909,50,1,NA,"Fresia","Fresia"
2016,"Concejales","10105","FRUTILLAR",0.878030303030303,43.3333333333333,100,1,100,"Frutillar","Frutillar"
2016,"Concejales","10402","FUTALEUFU",0.551898293277604,41.3793103448276,16.6666666666667,1,NA,"Futaleufú","Futaleufú"
2016,"Concejales","14202","FUTRONO",0.748900293255132,41.9354838709677,50,1,100,"Futrono","Futrono"
2016,"Concejales","09106","GALVARINO",0.684895833333333,34.375,33.3333333333333,1,100,"Galvarino","Galvarino"
2016,"Concejales","15202","GENERAL LAGOS",0.595307917888563,32.258064516129,50,1,50,"General Lagos","General Lagos"
2016,"Concejales","09107","GORBEA",0.703361742424242,40.625,66.6666666666667,1,66.6666666666667,"Gorbea","Gorbea"
2016,"Concejales","06106","GRANEROS",0.823632668144863,39.0243902439024,83.3333333333333,1,100,"Graneros","Graneros"
2016,"Concejales","11203","GUAITECAS",0.65993265993266,25.9259259259259,33.3333333333333,1,100,"Guaitecas","Guaitecas"
2016,"Concejales","05503","HIJUELAS",0.367913000977517,25.8064516129032,16.6666666666667,1,0,"Hijuelas","Hijuelas"
2016,"Concejales","10403","HUALAIHUE",0.739750445632798,52.9411764705882,66.6666666666667,1,66.6666666666667,"Hualaihué","Hualaihué"
2016,"Concejales","07302","HUALANE",0.763871826371826,54.0540540540541,66.6666666666667,1,75,"Hualañé","Hualañé"
2016,"Concejales","08112","HUALPEN",0.776067493112948,58.1818181818182,75,1,66.6666666666667,"Hualpén","Hualpén"
2016,"Concejales","08105","HUALQUI",0.620028409090909,40.625,50,1,50,"Hualqui","Hualqui"
2016,"Concejales","01404","HUARA",0.656417112299465,52.9411764705882,50,1,50,"Huara","Huara"
2016,"Concejales","03304","HUASCO",0.722370766488413,47.0588235294118,66.6666666666667,1,66.6666666666667,"Huasco","Huasco"
2016,"Concejales","13107","HUECHURABA",0.620867768595041,40.9090909090909,66.6666666666667,1,33.3333333333333,"Huechuraba","Huechuraba"
2016,"Concejales","04201","ILLAPEL",0.56469696969697,36,33.3333333333333,1,50,"Illapel","Illapel"
2016,"Concejales","13108","INDEPENDENCIA",0.855113636363636,46.1538461538462,87.5,1,100,"Independencia","Independencia"
2016,"Concejales","01101","IQUIQUE",0.701060606060606,42.6666666666667,30,1,100,"Iquique","Iquique"
2016,"Concejales","13603","ISLA DE MAIPO",0.684659090909091,62.5,66.6666666666667,1,33.3333333333333,"Isla de Maipo","Isla de Maipo"
2016,"Concejales","05201","ISLA DE PASCUA",0.613636363636364,66.6666666666667,66.6666666666667,1,0,"Isla de Pascua","Isla de Pascua"
2016,"Concejales","05104","JUAN FERNANDEZ",0.553030303030303,41.6666666666667,16.6666666666667,1,NA,"Juan Fernández","Juan Fernández"
2016,"Concejales","13109","LA CISTERNA",0.877840909090909,53.8461538461538,87.5,1,100,"La Cisterna","La Cisterna"
2016,"Concejales","05504","LA CRUZ",0.803030303030303,46.1538461538462,66.6666666666667,1,100,"La Cruz","La Cruz"
2016,"Concejales","06202","LA ESTRELLA",0.45995670995671,42.8571428571429,33.3333333333333,1,0,"La Estrella","La Estrella"
2016,"Concejales","13110","LA FLORIDA",0.740566812705367,51.8072289156626,60,1,75,"La Florida","La Florida"
2016,"Concejales","13111","LA GRANJA",0.785984848484848,33.3333333333333,75,1,100,"La Granja","La Granja"
2016,"Concejales","04104","LA HIGUERA",0.622727272727273,50,40,1,50,"La Higuera","La Higuera"
2016,"Concejales","05401","LA LIGUA",0.802625088090204,48.8372093023256,83.3333333333333,1,80,"La Ligua","La Ligua"
2016,"Concejales","13112","LA PINTANA",0.731041933418694,54.9295774647887,87.5,1,40,"La Pintana","La Pintana"
2016,"Concejales","13113","LA REINA",0.845415360501567,53.448275862069,75,1,100,"La Reina","La Reina"
2016,"Concejales","04101","LA SERENA",0.875865800865801,59.5238095238095,80,1,100,"La Serena","La Serena"
2016,"Concejales","14201","LA UNION",0.848674242424242,47.5,83.3333333333333,1,100,"La Unión","La Unión"
2016,"Concejales","14203","LAGO RANCO",0.46763085399449,45.4545454545455,33.3333333333333,1,0,"Lago Ranco","Lago Ranco"
2016,"Concejales","11102","LAGO VERDE",0.660037878787879,54.1666666666667,50,1,50,"Lago Verde","Lago Verde"
2016,"Concejales","12102","LAGUNA BLANCA",0.646645021645022,21.4285714285714,33.3333333333333,1,100,"Laguna Blanca","Laguna Blanca"
2016,"Concejales","08304","LAJA",0.711038961038961,71.4285714285714,50,1,50,"Laja","Laja"
2016,"Concejales","13302","LAMPA",0.852917472598324,48.936170212766,83.3333333333333,1,100,"Lampa","Lampa"
2016,"Concejales","14103","LANCO",0.946969696969697,66.6666666666667,100,1,100,"Lanco","Lanco"
2016,"Concejales","06107","LAS CABRAS",0.831773618538324,55.8823529411765,66.6666666666667,1,100,"Las Cabras","Las Cabras"
2016,"Concejales","13114","LAS CONDES",0.782575757575758,53.3333333333333,50,1,100,"Las Condes","Las Condes"
2016,"Concejales","09108","LAUTARO",0.814393939393939,50,100,1,66.6666666666667,"Lautaro","Lautaro"
2016,"Concejales","08201","LEBU",0.634523809523809,31.4285714285714,50,1,66.6666666666667,"Lebu","Lebu"
2016,"Concejales","07303","LICANTEN",0.700974025974026,25.7142857142857,50,1,100,"Licantén","Licantén"
2016,"Concejales","05802","LIMACHE",0.828927025355597,40.8163265306122,83.3333333333333,1,100,"Limache","Limache"
2016,"Concejales","07401","LINARES",0.795919421487603,47.2727272727273,62.5,1,100,"Linares","Linares"
2016,"Concejales","06203","LITUECHE",0.772727272727273,50,50,1,100,"Litueche","Litueche"
2016,"Concejales","05703","LLAILLAY",0.80427807486631,35.2941176470588,100,1,80,"Llaillay","Llaillay"
2016,"Concejales","10107","LLANQUIHUE",0.579166666666667,55,66.6666666666667,1,0,"Llanquihue","Llanquihue"
2016,"Concejales","13115","LO BARNECHEA",0.591764418377322,45.1612903225806,33.3333333333333,1,50,"Lo Barnechea","Lo Barnechea"
2016,"Concejales","13116","LO ESPEJO",0.86972920696325,57.4468085106383,100,1,80,"Lo Espejo","Lo Espejo"
2016,"Concejales","13117","LO PRADO",0.866477272727273,50,87.5,1,100,"Lo Prado","Lo Prado"
2016,"Concejales","06304","LOLOL",0.546576879910213,25.9259259259259,33.3333333333333,1,NA,"Lolol","Lolol"
2016,"Concejales","09109","LONCOCHE",0.954545454545455,69.2307692307692,100,1,100,"Loncoche","Loncoche"
2016,"Concejales","07403","LONGAVI",0.713131313131313,40,66.6666666666667,1,NA,"Longaví","Longaví"
2016,"Concejales","09205","LONQUIMAY",0.611642743221691,23.6842105263158,16.6666666666667,1,100,"Lonquimay","Lonquimay"
2016,"Concejales","08206","LOS ALAMOS",0.537023460410557,54.8387096774194,50,1,0,"Los Alamos","Los Alamos"
2016,"Concejales","05301","LOS ANDES",0.670110192837466,43.1818181818182,50,1,NA,"Los Andes","Los Andes"
2016,"Concejales","08301","LOS ANGELES",0.660669191919192,40.2777777777778,50,1,66.6666666666667,"Los Angeles","Los Angeles"
2016,"Concejales","14104","LOS LAGOS",0.778735632183908,37.9310344827586,66.6666666666667,1,100,"Los Lagos","Los Lagos"
2016,"Concejales","10106","LOS MUERMOS",0.571789321789322,46.4285714285714,16.6666666666667,1,NA,"Los Muermos","Los Muermos"
2016,"Concejales","09206","LOS SAUCES",0.605519480519481,35.7142857142857,50,1,50,"Los Sauces","Los Sauces"
2016,"Concejales","04203","LOS VILOS",0.722853535353535,47.2222222222222,66.6666666666667,1,66.6666666666667,"Los Vilos","Los Vilos"
2016,"Concejales","08106","LOTA",0.6929970436068,51.219512195122,66.6666666666667,1,50,"Lota","Lota"
2016,"Concejales","09207","LUMACO",0.631198347107438,30.3030303030303,66.6666666666667,1,50,"Lumaco","Lumaco"
2016,"Concejales","06108","MACHALI",0.814393939393939,50,66.6666666666667,1,100,"Machalí","Machalí"
2016,"Concejales","13118","MACUL",0.766098484848485,58.3333333333333,87.5,1,50,"Macul","Macul"
2016,"Concejales","14105","MAFIL",0.60974025974026,37.1428571428571,50,1,50,"Máfil","Máfil"
2016,"Concejales","13119","MAIPU",0.78989898989899,38.8888888888889,70,1,100,"Maipú","Maipú"
2016,"Concejales","06109","MALLOA",0.761634199134199,32.1428571428571,66.6666666666667,1,100,"Malloa","Malloa"
2016,"Concejales","06204","MARCHIHUE",0.623171368861024,27.5862068965517,66.6666666666667,1,50,"Marchihue","Marchihue"
2016,"Concejales","02302","MARIA ELENA",0.765151515151515,33.3333333333333,66.6666666666667,1,100,"María Elena","María Elena"
2016,"Concejales","13504","MARIA PINTO",0.478808353808354,35.1351351351351,50,1,0,"María Pinto","María Pinto"
2016,"Concejales","14106","MARIQUINA",0.443073593073593,37.1428571428571,33.3333333333333,1,0,"Mariquina","Mariquina"
2016,"Concejales","07105","MAULE",0.776330376940133,51.219512195122,83.3333333333333,1,66.6666666666667,"Maule","Maule"
2016,"Concejales","10108","MAULLIN",0.752164502164502,57.1428571428571,83.3333333333333,1,50,"Maullín","Maullín"
2016,"Concejales","02102","MEJILLONES",0.877164502164502,57.1428571428571,83.3333333333333,1,100,"Mejillones","Mejillones"
2016,"Concejales","09110","MELIPEUCO",0.482438016528926,36.3636363636364,50,1,0,"Melipeuco","Melipeuco"
2016,"Concejales","13501","MELIPILLA",0.760909090909091,46,75,1,75,"Melipilla","Melipilla"
2016,"Concejales","07304","MOLINA",0.839015151515151,58.3333333333333,66.6666666666667,1,100,"Molina","Molina"
2016,"Concejales","04303","MONTE PATRIA",0.53329346092504,39.4736842105263,66.6666666666667,1,0,"Monte Patria","Monte Patria"
2016,"Concejales","06110","MOSTAZAL",0.531565656565657,38.8888888888889,66.6666666666667,1,0,"Mostazal","Mostazal"
2016,"Concejales","08305","MULCHEN",0.860558712121212,65.625,66.6666666666667,1,100,"Mulchén","Mulchén"
2016,"Concejales","08306","NACIMIENTO",0.587594696969697,43.75,50,1,33.3333333333333,"Nacimiento","Nacimiento"
2016,"Concejales","06305","NANCAGUA",0.726295210166178,48.3870967741936,66.6666666666667,1,66.6666666666667,"Nancagua","Nancagua"
2016,"Concejales","12401","NATALES",0.54411045943304,29.0322580645161,33.3333333333333,1,50,"Natales","Natales"
2016,"Concejales","06205","NAVIDAD",0.660037878787879,54.1666666666667,50,1,50,"Navidad","Navidad"
2016,"Concejales","08307","NEGRETE",0.835497835497836,57.1428571428571,66.6666666666667,1,100,"Negrete","Negrete"
2016,"Concejales","16204","NINHUE",0.644433465085639,34.7826086956522,50,1,66.6666666666667,"Ninhue","Ninhue"
2016,"Concejales","16303","NIQUEN",0.576515151515152,40,83.3333333333333,1,0,"Ñiquén","Ñiquén"
2016,"Concejales","05506","NOGALES",0.875,56.4102564102564,83.3333333333333,1,100,"Nogales","Nogales"
2016,"Concejales","09111","NUEVA IMPERIAL",0.759669059011164,52.6315789473684,66.6666666666667,1,75,"Nueva Imperial","Nueva Imperial"
2016,"Concejales","13120","NUNOA",0.79969696969697,50.6666666666667,60,1,100,"Ñuñoa","Ñuñoa"
2016,"Concejales","11302","OHIGGINS",0.652852049910873,23.5294117647059,33.3333333333333,1,100,"O'Higgins","O'Higgins"
2016,"Concejales","06111","OLIVAR",0.431818181818182,33.3333333333333,33.3333333333333,1,0,"Olivar","Olivar"
2016,"Concejales","02202","OLLAGUE",0.7265625,34.375,50,1,100,"Ollagüe","Ollagüe"
2016,"Concejales","05803","OLMUE",0.706439393939394,41.6666666666667,33.3333333333333,1,100,"Olmué","Olmué"
2016,"Concejales","10301","OSORNO",0.791528925619835,56.3636363636364,75,1,75,"Osorno","Osorno"
2016,"Concejales","04301","OVALLE",0.54528743315508,47.0588235294118,37.5,1,25,"Ovalle","Ovalle"
2016,"Concejales","13604","PADRE HURTADO",0.79884370015949,44.7368421052632,66.6666666666667,1,100,"Padre Hurtado","Padre Hurtado"
2016,"Concejales","09112","PADRE LAS CASAS",0.888888888888889,61.1111111111111,83.3333333333333,1,100,"Padre Las Casas","Padre Las Casas"
2016,"Concejales","04105","PAIGUANO",0.738455988455988,46.4285714285714,66.6666666666667,1,NA,"Paiguano","Paiguano"
2016,"Concejales","14107","PAILLACO",0.809917355371901,48.4848484848485,66.6666666666667,1,100,"Paillaco","Paillaco"
2016,"Concejales","13404","PAINE",0.877164502164502,57.1428571428571,83.3333333333333,1,100,"Paine","Paine"
2016,"Concejales","10404","PALENA",0.473484848484848,33.3333333333333,50,1,0,"Palena","Palena"
2016,"Concejales","06306","PALMILLA",0.644433465085639,34.7826086956522,50,1,66.6666666666667,"Palmilla","Palmilla"
2016,"Concejales","14108","PANGUIPULLI",0.745230078563412,48.1481481481481,66.6666666666667,1,NA,"Panguipulli","Panguipulli"
2016,"Concejales","05704","PANQUEHUE",0.711038961038961,53.5714285714286,50,1,NA,"Panquehue","Panquehue"
2016,"Concejales","05403","PAPUDO",0.829545454545454,69.2307692307692,83.3333333333333,1,66.6666666666667,"Papudo","Papudo"
2016,"Concejales","06206","PAREDONES",0.467676767676768,20,16.6666666666667,1,NA,"Paredones","Paredones"
2016,"Concejales","07404","PARRAL",0.748106060606061,41.6666666666667,50,1,100,"Parral","Parral"
2016,"Concejales","13121","PEDRO AGUIRRE CERDA",0.879907024793388,54.5454545454545,87.5,1,100,"Pedro Aguirre Cerda","Pedro Aguirre Cerda"
2016,"Concejales","07106","PELARCO",0.737068965517241,37.9310344827586,50,1,100,"Pelarco","Pelarco"
2016,"Concejales","07203","PELLUHUE",0.643734643734644,48.6486486486487,50,1,50,"Pelluhue","Pelluhue"
2016,"Concejales","16105","PEMUCO",0.525949146638802,20.6896551724138,33.3333333333333,1,NA,"Pemuco","Pemuco"
2016,"Concejales","13605","PENAFLOR",0.677272727272727,60,66.6666666666667,1,33.3333333333333,"Peñaflor","Peñaflor"
2016,"Concejales","13122","PENALOLEN",0.727483697736862,54.4303797468354,60,1,66.6666666666667,"Peñalolén","Peñalolén"
2016,"Concejales","07107","PENCAHUE",0.839646464646465,44.4444444444444,83.3333333333333,1,100,"Pencahue","Pencahue"
2016,"Concejales","08107","PENCO",0.799621212121212,45,66.6666666666667,1,100,"Penco","Penco"
2016,"Concejales","06307","PERALILLO",0.772186147186147,35.7142857142857,66.6666666666667,1,100,"Peralillo","Peralillo"
2016,"Concejales","09113","PERQUENCO",0.747257053291536,41.3793103448276,83.3333333333333,1,66.6666666666667,"Perquenco","Perquenco"
2016,"Concejales","05404","PETORCA",0.54879679144385,58.8235294117647,50,1,0,"Petorca","Petorca"
2016,"Concejales","06112","PEUMO",0.575757575757576,33.3333333333333,33.3333333333333,1,NA,"Peumo","Peumo"
2016,"Concejales","01405","PICA",0.729352346999406,44.1176470588235,66.6666666666667,1,NA,"Pica","Pica"
2016,"Concejales","06113","PICHIDEGUA",0.748900293255132,41.9354838709677,50,1,100,"Pichidegua","Pichidegua"
2016,"Concejales","06201","PICHILEMU",0.568073593073593,37.1428571428571,33.3333333333333,1,50,"Pichilemu","Pichilemu"
2016,"Concejales","16106","PINTO",0.615864527629233,29.4117647058824,50,1,NA,"Pinto","Pinto"
2016,"Concejales","13202","PIRQUE",0.757575757575757,51.2820512820513,66.6666666666667,1,NA,"Pirque","Pirque"
2016,"Concejales","09114","PITRUFQUEN",0.887396694214876,60.6060606060606,83.3333333333333,1,100,"Pitrufquén","Pitrufquén"
2016,"Concejales","06308","PLACILLA",0.761634199134199,32.1428571428571,66.6666666666667,1,100,"Placilla","Placilla"
2016,"Concejales","16205","PORTEZUELO",0.563852813852814,35.7142857142857,33.3333333333333,1,50,"Portezuelo","Portezuelo"
2016,"Concejales","12301","PORVENIR",0.569487983281087,51.7241379310345,66.6666666666667,1,0,"Porvenir","Porvenir"
2016,"Concejales","01401","POZO ALMONTE",0.640340909090909,47.5,66.6666666666667,1,33.3333333333333,"Pozo Almonte","Pozo Almonte"
2016,"Concejales","12302","PRIMAVERA",0.51403743315508,47.0588235294118,50,1,0,"Primavera","Primavera"
2016,"Concejales","13123","PROVIDENCIA",0.845110192837466,57.5757575757576,70,1,100,"Providencia","Providencia"
2016,"Concejales","05105","PUCHUNCAVI",0.735826001955034,51.6129032258064,83.3333333333333,1,50,"Puchuncaví","Puchuncaví"
2016,"Concejales","09115","PUCON",0.890151515151515,61.5384615384615,83.3333333333333,1,100,"Pucón","Pucón"
2016,"Concejales","13124","PUDAHUEL",0.818181818181818,56.9230769230769,60,1,100,"Pudahuel","Pudahuel"
2016,"Concejales","13201","PUENTE ALTO",0.769805194805195,35.7142857142857,80,1,85.7142857142857,"Puente Alto","Puente Alto"
2016,"Concejales","10101","PUERTO MONTT",0.850084175084175,59.2592592592593,90,1,80,"Puerto Montt","Puerto Montt"
2016,"Concejales","10302","PUERTO OCTAY",0.762489762489762,32.4324324324324,66.6666666666667,1,100,"Puerto Octay","Puerto Octay"
2016,"Concejales","10109","PUERTO VARAS",0.503458498023715,43.4782608695652,50,1,0,"Puerto Varas","Puerto Varas"
2016,"Concejales","06309","PUMANQUE",0.647727272727273,50,50,1,50,"Pumanque","Pumanque"
2016,"Concejales","04304","PUNITAQUI",0.75219298245614,28.9473684210526,66.6666666666667,1,100,"Punitaqui","Punitaqui"
2016,"Concejales","12101","PUNTA ARENAS",0.804924242424243,56.25,75,1,NA,"Punta Arenas","Punta Arenas"
2016,"Concejales","10206","PUQUELDON",0.800964187327824,45.4545454545455,66.6666666666667,1,100,"Puqueldón","Puqueldón"
2016,"Concejales","09208","PUREN",0.832121212121212,56,66.6666666666667,1,100,"Purén","Purén"
2016,"Concejales","10303","PURRANQUE",0.805704099821747,47.0588235294118,66.6666666666667,1,100,"Purranque","Purranque"
2016,"Concejales","05705","PUTAENDO",0.706439393939394,41.6666666666667,66.6666666666667,1,66.6666666666667,"Putaendo","Putaendo"
2016,"Concejales","15201","PUTRE",0.408369408369408,19.047619047619,0,1,NA,"Putre","Putre"
2016,"Concejales","10304","PUYEHUE",0.705729166666667,34.375,66.6666666666667,1,75,"Puyehue","Puyehue"
2016,"Concejales","10207","QUEILEN",0.5,42.3076923076923,50,1,0,"Queilén","Queilén"
2016,"Concejales","10208","QUELLON",0.872474747474748,55.5555555555556,83.3333333333333,1,100,"Quellón","Quellón"
2016,"Concejales","10209","QUEMCHI",0.449724517906336,39.3939393939394,33.3333333333333,1,0,"Quemchi","Quemchi"
2016,"Concejales","08308","QUILACO",0.696969696969697,66.6666666666667,66.6666666666667,1,33.3333333333333,"Quilaco","Quilaco"
2016,"Concejales","13125","QUILICURA",0.738689965694683,49.0566037735849,62.5,1,75,"Quilicura","Quilicura"
2016,"Concejales","08309","QUILLECO",0.752525252525252,50,66.6666666666667,1,NA,"Quilleco","Quilleco"
2016,"Concejales","16107","QUILLON",0.84469696969697,46.1538461538462,83.3333333333333,1,100,"Quillón","Quillón"
2016,"Concejales","05501","QUILLOTA",0.874535123966942,52.7272727272727,87.5,1,100,"Quillota","Quillota"
2016,"Concejales","05801","QUILPUE",0.703409090909091,47.6923076923077,75,1,50,"Quilpué","Quilpué"
2016,"Concejales","10210","QUINCHAO",0.757920110192837,59.0909090909091,83.3333333333333,1,50,"Quinchao","Quinchao"
2016,"Concejales","06114","QUINTA DE TILCOCO",0.790454545454546,56,83.3333333333333,1,66.6666666666667,"Quinta de Tilcoco","Quinta de Tilcoco"
2016,"Concejales","13126","QUINTA NORMAL",0.735697492163009,58.6206896551724,75,1,50,"Quinta Normal","Quinta Normal"
2016,"Concejales","05107","QUINTERO",0.775742115027829,51.0204081632653,50,1,100,"Quintero","Quintero"
2016,"Concejales","16201","QUIRIHUE",0.421666666666667,44,16.6666666666667,1,0,"Quirihue","Quirihue"
2016,"Concejales","06101","RANCAGUA",0.801236044657097,59.6491228070175,50,1,100,"Rancagua","Rancagua"
2016,"Concejales","16206","RANQUIL",0.856060606060606,50,83.3333333333333,1,100,"Ranquil","Ranquil"
2016,"Concejales","07305","RAUCO",0.837594696969697,43.75,83.3333333333333,1,100,"Rauco","Rauco"
2016,"Concejales","13127","RECOLETA",0.81770030816641,44.0677966101695,75,1,100,"Recoleta","Recoleta"
2016,"Concejales","09209","RENAICO",0.765151515151515,33.3333333333333,66.6666666666667,1,100,"Renaico","Renaico"
2016,"Concejales","13128","RENCA",0.751623376623377,42.8571428571429,50,1,100,"Renca","Renca"
2016,"Concejales","06115","RENGO",0.643734643734644,48.6486486486487,66.6666666666667,1,33.3333333333333,"Rengo","Rengo"
2016,"Concejales","06116","REQUINOA",0.791666666666667,42.3076923076923,66.6666666666667,1,100,"Requínoa","Requínoa"
2016,"Concejales","07405","RETIRO",0.647727272727273,50,50,1,50,"Retiro","Retiro"
2016,"Concejales","05303","RINCONADA",0.623106060606061,31.25,50,1,NA,"Rinconada","Rinconada"
2016,"Concejales","14204","RIO BUENO",0.825757575757576,53.8461538461538,66.6666666666667,1,100,"Río Bueno","Río Bueno"
2016,"Concejales","07108","RIO CLARO",0.493166963755199,26.4705882352941,16.6666666666667,1,NA,"Río Claro","Río Claro"
2016,"Concejales","04305","RIO HURTADO",0.577823691460055,54.5454545454545,66.6666666666667,1,0,"Río Hurtado","Río Hurtado"
2016,"Concejales","11402","RIO IBANEZ",0.608815426997245,22.7272727272727,16.6666666666667,1,100,"Río Ibáñez","Río Ibáñez"
2016,"Concejales","10305","RIO NEGRO",0.759297520661157,45.4545454545455,50,1,100,"Río Negro","Río Negro"
2016,"Concejales","12103","RIO VERDE",0.315656565656566,22.2222222222222,0,1,0,"Río Verde","Río Verde"
2016,"Concejales","07306","ROMERAL",0.839646464646465,44.4444444444444,83.3333333333333,1,100,"Romeral","Romeral"
2016,"Concejales","09116","SAAVEDRA",0.760606060606061,60,83.3333333333333,1,50,"Saavedra","Saavedra"
2016,"Concejales","07307","SAGRADA FAMILIA",0.569128787878788,37.5,33.3333333333333,1,50,"Sagrada Familia","Sagrada Familia"
2016,"Concejales","04204","SALAMANCA",0.69760101010101,52.7777777777778,83.3333333333333,1,33.3333333333333,"Salamanca","Salamanca"
2016,"Concejales","05601","SAN ANTONIO",0.751893939393939,50,75,1,66.6666666666667,"San Antonio","San Antonio"
2016,"Concejales","13401","SAN BERNARDO",0.839556962025316,55.6962025316456,70,1,100,"San Bernardo","San Bernardo"
2016,"Concejales","16301","SAN CARLOS",0.828125,68.75,83.3333333333333,1,66.6666666666667,"San Carlos","San Carlos"
2016,"Concejales","07109","SAN CLEMENTE",0.835915977961433,43.1818181818182,83.3333333333333,1,100,"San Clemente","San Clemente"
2016,"Concejales","05304","SAN ESTEBAN",0.429156429156429,32.4324324324324,33.3333333333333,1,0,"San Esteban","San Esteban"
2016,"Concejales","16304","SAN FABIAN",0.732323232323232,22.2222222222222,66.6666666666667,1,100,"San Fabián","San Fabián"
2016,"Concejales","05701","SAN FELIPE",0.681618819776714,47.3684210526316,66.6666666666667,1,50,"San Felipe","San Felipe"
2016,"Concejales","06301","SAN FERNANDO",0.580808080808081,55.5555555555556,66.6666666666667,1,0,"San Fernando","San Fernando"
2016,"Concejales","12104","SAN GREGORIO",0.770075757575758,35,66.6666666666667,1,100,"San Gregorio","San Gregorio"
2016,"Concejales","16108","SAN IGNACIO",0.63030303030303,30,16.6666666666667,1,100,"San Ignacio","San Ignacio"
2016,"Concejales","07406","SAN JAVIER",0.647727272727273,50,50,1,50,"San Javier","San Javier"
2016,"Concejales","13129","SAN JOAQUIN",0.863636363636364,59.6153846153846,75,1,100,"San Joaquín","San Joaquín"
2016,"Concejales","13203","SAN JOSE DE MAIPO",0.857610192837466,57.5757575757576,100,1,75,"San José de Maipo","San José de Maipo"
2016,"Concejales","10306","SAN JUAN DE LA COSTA",0.791666666666667,42.3076923076923,66.6666666666667,1,100,"San Juan de la Costa","San Juan de la Costa"
2016,"Concejales","13130","SAN MIGUEL",0.892857142857143,58.9285714285714,87.5,1,100,"San Miguel","San Miguel"
2016,"Concejales","16305","SAN NICOLAS",0.878787878787879,57.6923076923077,83.3333333333333,1,100,"San Nicolás","San Nicolás"
2016,"Concejales","10307","SAN PABLO",0.75530303030303,30,66.6666666666667,1,100,"San Pablo","San Pablo"
2016,"Concejales","13505","SAN PEDRO",0.678584626755358,46.3414634146341,66.6666666666667,1,50,"San Pedro","San Pedro"
2016,"Concejales","02203","SAN PEDRO DE ATACAMA",0.655200655200655,24.3243243243243,33.3333333333333,1,100,"San Pedro de Atacama","San Pedro de Atacama"
2016,"Concejales","08108","SAN PEDRO DE LA PAZ",0.670919421487603,47.2727272727273,62.5,1,50,"San Pedro de la Paz","San Pedro de la Paz"
2016,"Concejales","07110","SAN RAFAEL",0.631313131313131,44.4444444444444,50,1,50,"San Rafael","San Rafael"
2016,"Concejales","13131","SAN RAMON",0.727540737564322,45.2830188679245,87.5,1,50,"San Ramón","San Ramón"
2016,"Concejales","08310","SAN ROSENDO",0.512175324675325,46.4285714285714,50,1,0,"San Rosendo","San Rosendo"
2016,"Concejales","06117","SAN VICENTE",0.768734643734644,48.6486486486487,50,1,100,"San Vicente","San Vicente"
2016,"Concejales","08311","SANTA BARBARA",0.701515151515151,40,66.6666666666667,1,66.6666666666667,"Santa Bárbara","Santa Bárbara"
2016,"Concejales","06310","SANTA CRUZ",0.623507805325987,45.4545454545455,33.3333333333333,1,NA,"Santa Cruz","Santa Cruz"
2016,"Concejales","08109","SANTA JUANA",0.596827651515151,46.875,50,1,33.3333333333333,"Santa Juana","Santa Juana"
2016,"Concejales","05706","SANTA MARIA",0.804112554112554,53.5714285714286,83.3333333333333,1,75,"Santa María","Santa María"
2016,"Concejales","13101","SANTIAGO",0.679598308668076,52.3255813953488,60,1,50,"Santiago","Santiago"
2016,"Concejales","05606","SANTO DOMINGO",0.846827651515152,46.875,83.3333333333333,1,100,"Santo Domingo","Santo Domingo"
2016,"Concejales","02103","SIERRA GORDA",0.695909090909091,24,50,1,100,"Sierra Gorda","Sierra Gorda"
2016,"Concejales","13601","TALAGANTE",0.629711751662971,43.9024390243902,66.6666666666667,1,33.3333333333333,"Talagante","Talagante"
2016,"Concejales","07101","TALCA",0.807487546699875,57.5342465753425,80,1,75,"Talca","Talca"
2016,"Concejales","08110","TALCAHUANO",0.700081168831169,57.1428571428571,62.5,1,50,"Talcahuano","Talcahuano"
2016,"Concejales","02104","TALTAL",0.634297520661157,45.4545454545455,50,1,50,"Taltal","Taltal"
2016,"Concejales","09101","TEMUCO",0.849366616989568,59.0163934426229,70,1,100,"Temuco","Temuco"
2016,"Concejales","07308","TENO",0.743181818181818,40,50,1,100,"Teno","Teno"
2016,"Concejales","09117","TEODORO SCHMIDT",0.732282502443793,64.5161290322581,83.3333333333333,1,33.3333333333333,"Teodoro Schmidt","Teodoro Schmidt"
2016,"Concejales","03103","TIERRA AMARILLA",0.745867768595041,40.9090909090909,100,1,50,"Tierra Amarilla","Tierra Amarilla"
2016,"Concejales","13303","TILTIL",0.806186868686869,47.2222222222222,66.6666666666667,1,100,"Tiltil","Tiltil"
2016,"Concejales","12303","TIMAUKEL",0.462752525252525,18.75,16.6666666666667,1,NA,"Timaukel","Timaukel"
2016,"Concejales","08207","TIRUA",0.659579667644184,25.8064516129032,33.3333333333333,1,100,"Tirúa","Tirúa"
2016,"Concejales","02301","TOCOPILLA",0.680704099821747,47.0588235294118,16.6666666666667,1,100,"Tocopilla","Tocopilla"
2016,"Concejales","09118","TOLTEN",0.805160984848485,46.875,66.6666666666667,1,100,"Toltén","Toltén"
2016,"Concejales","08111","TOME",0.852917472598324,48.936170212766,83.3333333333333,1,100,"Tomé","Tomé"
2016,"Concejales","12402","TORRES DEL PAINE",0.632575757575758,30.7692307692308,16.6666666666667,1,100,"Torres del Paine","Torres del Paine"
2016,"Concejales","11303","TORTEL",0.694128787878788,37.5,33.3333333333333,1,100,"Tortel","Tortel"
2016,"Concejales","09210","TRAIGUEN",0.442185007974482,36.8421052631579,33.3333333333333,1,0,"Traiguén","Traiguén"
2016,"Concejales","16207","TREGUACO",0.487373737373737,25,16.6666666666667,1,NA,"Treguaco","Treguaco"
2016,"Concejales","08312","TUCAPEL",0.763494318181818,46.875,100,1,50,"Tucapel","Tucapel"
2016,"Concejales","14101","VALDIVIA",0.845415360501567,53.448275862069,75,1,100,"Valdivia","Valdivia"
2016,"Concejales","03301","VALLENAR",0.732323232323232,58.974358974359,50,1,NA,"Vallenar","Vallenar"
2016,"Concejales","05101","VALPARAISO",0.685362286228623,41.5841584158416,50,1,75,"Valparaíso","Valparaíso"
2016,"Concejales","07309","VICHUQUEN",0.572702834799609,38.7096774193548,83.3333333333333,1,0,"Vichuquén","Vichuquén"
2016,"Concejales","09211","VICTORIA",0.573632668144863,39.0243902439024,50,1,33.3333333333333,"Victoria","Victoria"
2016,"Concejales","04106","VICUNA",0.810958421423538,48.8372093023256,66.6666666666667,1,100,"Vicuña","Vicuña"
2016,"Concejales","09119","VILCUN",0.601298701298701,34.2857142857143,50,1,50,"Vilcún","Vilcún"
2016,"Concejales","07407","VILLA ALEGRE",0.879887585532747,58.0645161290323,83.3333333333333,1,100,"Villa Alegre","Villa Alegre"
2016,"Concejales","05804","VILLA ALEMANA",0.784280303030303,43.3333333333333,62.5,1,100,"Villa Alemana","Villa Alemana"
2016,"Concejales","09120","VILLARRICA",0.71322091886608,58.0645161290323,66.6666666666667,1,50,"Villarrica","Villarrica"
2016,"Concejales","05109","VINA DEL MAR",0.786157024793388,54.5454545454545,50,1,100,"Viña del Mar","Viña del Mar"
2016,"Concejales","13132","VITACURA",0.612000688705234,48.4848484848485,37.5,1,50,"Vitacura","Vitacura"
2016,"Concejales","07408","YERBAS BUENAS",0.79469696969697,43.3333333333333,66.6666666666667,1,100,"Yerbas Buenas","Yerbas Buenas"
2016,"Concejales","08313","YUMBEL",0.657575757575757,53.3333333333333,66.6666666666667,1,33.3333333333333,"Yumbel","Yumbel"
2016,"Concejales","16109","YUNGAY",0.832233626588465,41.9354838709677,83.3333333333333,1,100,"Yungay","Yungay"
2016,"Concejales","05405","ZAPALLAR",0.623106060606061,31.25,50,1,NA,"Zapallar","Zapallar"
2021,"Alcaldes","05602","ALGARROBO",0.416666666666667,25,0,1,NA,"Algarrobo","Algarrobo"
2021,"Alcaldes","13502","ALHUE",0.777777777777778,33.3333333333333,100,1,NA,"Alhué","Alhué"
2021,"Alcaldes","08314","ALTO BIOBIO",0.8,20,100,1,100,"Alto Biobío","Alto Biobío"
2021,"Alcaldes","03302","ALTO DEL CARMEN",1,100,100,1,NA,"Alto del Carmen","Alto del Carmen"
2021,"Alcaldes","01107","ALTO HOSPICIO",0.791666666666667,16.6666666666667,100,1,100,"Alto Hospicio","Alto Hospicio"
2021,"Alcaldes","10202","ANCUD",0.388888888888889,16.6666666666667,0,1,NA,"Ancud","Ancud"
2021,"Alcaldes","04103","ANDACOLLO",0.466666666666667,40,0,1,NA,"Andacollo","Andacollo"
2021,"Alcaldes","09201","ANGOL",0.388888888888889,16.6666666666667,0,1,NA,"Angol","Angol"
2021,"Alcaldes","02101","ANTOFAGASTA",0.428571428571429,28.5714285714286,0,1,NA,"Antofagasta","Antofagasta"
2021,"Alcaldes","08302","ANTUCO",0.4,20,0,1,NA,"Antuco","Antuco"
2021,"Alcaldes","08202","ARAUCO",0.444444444444444,33.3333333333333,0,1,NA,"Arauco","Arauco"
2021,"Alcaldes","15101","ARICA",0.777777777777778,33.3333333333333,100,1,NA,"Arica","Arica"
2021,"Alcaldes","11201","AYSEN",0.416666666666667,25,0,1,NA,"Aisén","Aisén"
2021,"Alcaldes","13402","BUIN",0.5,50,0,1,NA,"Buin","Buin"
2021,"Alcaldes","16102","BULNES",0.416666666666667,25,0,1,NA,"Bulnes","Bulnes"
2021,"Alcaldes","05402","CABILDO",0.866666666666667,60,100,1,NA,"Cabildo","Cabildo"
2021,"Alcaldes","12201","CABO DE HORNOS",0.888888888888889,66.6666666666667,100,1,NA,"Cabo de Hornos","Cabo de Hornos"
2021,"Alcaldes","08303","CABRERO",0,0,0,0,NA,"Cabrero","Cabrero"
2021,"Alcaldes","02201","CALAMA",0.904761904761905,71.4285714285714,100,1,NA,"Calama","Calama"
2021,"Alcaldes","10102","CALBUCO",0.37037037037037,11.1111111111111,0,1,NA,"Calbuco","Calbuco"
2021,"Alcaldes","03102","CALDERA",0.875,50,100,1,100,"Caldera","Caldera"
2021,"Alcaldes","05502","CALERA",0.523809523809524,57.1428571428571,0,1,NA,"Calera","Calera"
2021,"Alcaldes","13403","CALERA DE TANGO",0,0,0,0,NA,"Calera de Tango","Calera de Tango"
2021,"Alcaldes","05302","CALLE LARGA",1,100,100,1,NA,"Calle Larga","Calle Larga"
2021,"Alcaldes","15102","CAMARONES",0.733333333333333,20,100,1,NA,"Camarones","Camarones"
2021,"Alcaldes","01402","CAMINA",0.444444444444444,33.3333333333333,0,1,NA,"Camiña","Camiña"
2021,"Alcaldes","04202","CANELA",0.888888888888889,66.6666666666667,100,1,NA,"Canela","Canela"
2021,"Alcaldes","08203","CANETE",1,100,100,1,NA,"Cañete","Cañete"
2021,"Alcaldes","09102","CARAHUE",0.5,50,0,1,NA,"Carahue","Carahue"
2021,"Alcaldes","05603","CARTAGENA",0.888888888888889,66.6666666666667,100,1,NA,"Cartagena","Cartagena"
2021,"Alcaldes","05102","CASABLANCA",0.888888888888889,66.6666666666667,100,1,NA,"Casablanca","Casablanca"
2021,"Alcaldes","10201","CASTRO",0.5,50,0,1,NA,"Castro","Castro"
2021,"Alcaldes","05702","CATEMU",0.4,20,0,1,NA,"Catemu","Catemu"
2021,"Alcaldes","07201","CAUQUENES",0.416666666666667,25,0,1,NA,"Cauquenes","Cauquenes"
2021,"Alcaldes","13102","CERRILLOS",0.4,60,0,1,0,"Cerrillos","Cerrillos"
2021,"Alcaldes","13103","CERRO NAVIA",0.444444444444444,33.3333333333333,0,1,NA,"Cerro Navia","Cerro Navia"
2021,"Alcaldes","10401","CHAITEN",0.5,50,0,1,NA,"Chaitén","Chaitén"
2021,"Alcaldes","03201","CHANARAL",0.75,25,100,1,NA,"Chañaral","Chañaral"
2021,"Alcaldes","07202","CHANCO",0.833333333333333,50,100,1,NA,"Chanco","Chanco"
2021,"Alcaldes","06302","CHEPICA",0.777777777777778,33.3333333333333,100,1,NA,"Chépica","Chépica"
2021,"Alcaldes","08103","CHIGUAYANTE",0.777777777777778,33.3333333333333,100,1,NA,"Chiguayante","Chiguayante"
2021,"Alcaldes","11401","CHILE CHICO",0.3125,25,0,1,0,"Chile Chico","Chile Chico"
2021,"Alcaldes","16101","CHILLAN",0.866666666666667,60,100,1,NA,"Chillán","Chillán"
2021,"Alcaldes","16103","CHILLAN VIEJO",0.388888888888889,16.6666666666667,0,1,NA,"Chillán Viejo","Chillán Viejo"
2021,"Alcaldes","06303","CHIMBARONGO",0.444444444444444,33.3333333333333,0,1,NA,"Chimbarongo","Chimbarongo"
2021,"Alcaldes","09121","CHOLCHOL",0.4,20,0,1,NA,"Cholchol","Cholchol"
2021,"Alcaldes","10203","CHONCHI",0.833333333333333,50,100,1,NA,"Chonchi","Chonchi"
2021,"Alcaldes","11202","CISNES",0.777777777777778,33.3333333333333,100,1,NA,"Cisnes","Cisnes"
2021,"Alcaldes","16202","COBQUECURA",0,0,0,0,NA,"Cobquecura","Cobquecura"
2021,"Alcaldes","10103","COCHAMO",0.380952380952381,14.2857142857143,0,1,NA,"Cochamó","Cochamó"
2021,"Alcaldes","11301","COCHRANE",1,100,100,1,NA,"Cochrane","Cochrane"
2021,"Alcaldes","06102","CODEGUA",0.444444444444444,33.3333333333333,0,1,NA,"Codegua","Codegua"
2021,"Alcaldes","16203","COELEMU",0.444444444444444,33.3333333333333,0,1,NA,"Coelemu","Coelemu"
2021,"Alcaldes","11101","COIHAIQUE",0.888888888888889,66.6666666666667,100,1,NA,"Coihaique","Coihaique"
2021,"Alcaldes","16302","COIHUECO",0.888888888888889,66.6666666666667,100,1,NA,"Coihueco","Coihueco"
2021,"Alcaldes","06103","COINCO",0.555555555555555,66.6666666666667,0,1,NA,"Coinco","Coinco"
2021,"Alcaldes","07402","COLBUN",0,0,0,0,NA,"Colbún","Colbún"
2021,"Alcaldes","01403","COLCHANE",0,0,0,0,NA,"Colchane","Colchane"
2021,"Alcaldes","13301","COLINA",0.416666666666667,25,0,1,NA,"Colina","Colina"
2021,"Alcaldes","09202","COLLIPULLI",0.466666666666667,40,0,1,NA,"Collipulli","Collipulli"
2021,"Alcaldes","06104","COLTAUCO",0.722222222222222,16.6666666666667,100,1,NA,"Coltauco","Coltauco"
2021,"Alcaldes","04302","COMBARBALA",0.85,40,100,1,100,"Combarbalá","Combarbalá"
2021,"Alcaldes","08101","CONCEPCION",0.733333333333333,20,100,1,NA,"Concepción","Concepción"
2021,"Alcaldes","13104","CONCHALI",0.476190476190476,42.8571428571429,0,1,NA,"Conchalí","Conchalí"
2021,"Alcaldes","05103","CONCON",0.428571428571429,28.5714285714286,0,1,NA,"Concón","Concón"
2021,"Alcaldes","07102","CONSTITUCION",0.777777777777778,33.3333333333333,100,1,NA,"Constitución","Constitución"
2021,"Alcaldes","08204","CONTULMO",0.444444444444444,33.3333333333333,0,1,NA,"Contulmo","Contulmo"
2021,"Alcaldes","03101","COPIAPO",0.4,20,0,1,NA,"Copiapó","Copiapó"
2021,"Alcaldes","04102","COQUIMBO",0.333333333333333,33.3333333333333,0,1,0,"Coquimbo","Coquimbo"
2021,"Alcaldes","08102","CORONEL",0.466666666666667,40,0,1,NA,"Coronel","Coronel"
2021,"Alcaldes","14102","CORRAL",0.444444444444444,33.3333333333333,0,1,NA,"Corral","Corral"
2021,"Alcaldes","09103","CUNCO",0.444444444444444,33.3333333333333,0,1,NA,"Cunco","Cunco"
2021,"Alcaldes","09203","CURACAUTIN",0.4,20,0,1,NA,"Curacautín","Curacautín"
2021,"Alcaldes","13503","CURACAVI",0.466666666666667,40,0,1,NA,"Curacaví","Curacaví"
2021,"Alcaldes","10204","CURACO DE VELEZ",0,0,0,0,NA,"Curaco de Vélez","Curaco de Vélez"
2021,"Alcaldes","08205","CURANILAHUE",0,0,0,0,NA,"Curanilahue","Curanilahue"
2021,"Alcaldes","09104","CURARREHUE",1,100,100,1,NA,"Curarrehue","Curarrehue"
2021,"Alcaldes","07103","CUREPTO",0.777777777777778,33.3333333333333,100,1,NA,"Curepto","Curepto"
2021,"Alcaldes","07301","CURICO",0.777777777777778,33.3333333333333,100,1,NA,"Curicó","Curicó"
2021,"Alcaldes","10205","DALCAHUE",0.444444444444444,33.3333333333333,0,1,NA,"Dalcahue","Dalcahue"
2021,"Alcaldes","03202","DIEGO DE ALMAGRO",1,100,100,1,NA,"Diego de Almagro","Diego de Almagro"
2021,"Alcaldes","06105","DONIHUE",0.416666666666667,25,0,1,NA,"Doñihue","Doñihue"
2021,"Alcaldes","13105","EL BOSQUE",0.80952380952381,42.8571428571429,100,1,NA,"El Bosque","El Bosque"
2021,"Alcaldes","16104","EL CARMEN",1,100,100,1,NA,"El Carmen","El Carmen"
2021,"Alcaldes","13602","EL MONTE",0.8,40,100,1,NA,"El Monte","El Monte"
2021,"Alcaldes","05604","EL QUISCO",0.583333333333333,75,0,1,NA,"El Quisco","El Quisco"
2021,"Alcaldes","05605","EL TABO",0.777777777777778,33.3333333333333,100,1,NA,"El Tabo","El Tabo"
2021,"Alcaldes","07104","EMPEDRADO",0.416666666666667,25,0,1,NA,"Empedrado","Empedrado"
2021,"Alcaldes","09204","ERCILLA",0,0,0,0,NA,"Ercilla","Ercilla"
2021,"Alcaldes","13106","ESTACION CENTRAL",0.444444444444444,33.3333333333333,0,1,NA,"Estación Central","Estación Central"
2021,"Alcaldes","08104","FLORIDA",0.916666666666667,66.6666666666667,100,1,100,"Florida","Florida"
2021,"Alcaldes","09105","FREIRE",0.8,40,100,1,NA,"Freire","Freire"
2021,"Alcaldes","03303","FREIRINA",1,100,100,1,NA,"Freirina","Freirina"
2021,"Alcaldes","10104","FRESIA",0.888888888888889,66.6666666666667,100,1,NA,"Fresia","Fresia"
2021,"Alcaldes","10105","FRUTILLAR",1,100,100,1,NA,"Frutillar","Frutillar"
2021,"Alcaldes","10402","FUTALEUFU",0.4,20,0,1,NA,"Futaleufú","Futaleufú"
2021,"Alcaldes","14202","FUTRONO",0.444444444444444,33.3333333333333,0,1,NA,"Futrono","Futrono"
2021,"Alcaldes","09106","GALVARINO",0.444444444444444,33.3333333333333,0,1,NA,"Galvarino","Galvarino"
2021,"Alcaldes","15202","GENERAL LAGOS",0.833333333333333,33.3333333333333,100,1,100,"General Lagos","General Lagos"
2021,"Alcaldes","09107","GORBEA",0.777777777777778,33.3333333333333,100,1,NA,"Gorbea","Gorbea"
2021,"Alcaldes","06106","GRANEROS",0.416666666666667,25,0,1,NA,"Graneros","Graneros"
2021,"Alcaldes","11203","GUAITECAS",0.8,40,100,1,NA,"Guaitecas","Guaitecas"
2021,"Alcaldes","05503","HIJUELAS",0.416666666666667,25,0,1,NA,"Hijuelas","Hijuelas"
2021,"Alcaldes","10403","HUALAIHUE",0.466666666666667,40,0,1,NA,"Hualaihué","Hualaihué"
2021,"Alcaldes","07302","HUALANE",0.833333333333333,50,100,1,NA,"Hualañé","Hualañé"
2021,"Alcaldes","08112","HUALPEN",0.833333333333333,50,100,1,NA,"Hualpén","Hualpén"
2021,"Alcaldes","08105","HUALQUI",0,0,0,0,NA,"Hualqui","Hualqui"
2021,"Alcaldes","01404","HUARA",0.416666666666667,25,0,1,NA,"Huara","Huara"
2021,"Alcaldes","03304","HUASCO",0.416666666666667,25,0,1,NA,"Huasco","Huasco"
2021,"Alcaldes","13107","HUECHURABA",0.75,25,100,1,NA,"Huechuraba","Huechuraba"
2021,"Alcaldes","04201","ILLAPEL",0.8,40,100,1,NA,"Illapel","Illapel"
2021,"Alcaldes","13108","INDEPENDENCIA",0.466666666666667,40,0,1,NA,"Independencia","Independencia"
2021,"Alcaldes","01101","IQUIQUE",0.416666666666667,25,0,1,NA,"Iquique","Iquique"
2021,"Alcaldes","13603","ISLA DE MAIPO",0.416666666666667,25,0,1,NA,"Isla de Maipo","Isla de Maipo"
2021,"Alcaldes","05201","ISLA DE PASCUA",0.833333333333333,33.3333333333333,100,1,100,"Isla de Pascua","Isla de Pascua"
2021,"Alcaldes","05104","JUAN FERNANDEZ",0,0,0,0,NA,"Juan Fernández","Juan Fernández"
2021,"Alcaldes","13109","LA CISTERNA",0.5,50,0,1,NA,"La Cisterna","La Cisterna"
2021,"Alcaldes","05504","LA CRUZ",0.777777777777778,33.3333333333333,100,1,NA,"La Cruz","La Cruz"
2021,"Alcaldes","06202","LA ESTRELLA",0,0,0,0,NA,"La Estrella","La Estrella"
2021,"Alcaldes","13110","LA FLORIDA",0.583333333333333,75,0,1,NA,"La Florida","La Florida"
2021,"Alcaldes","13111","LA GRANJA",0.933333333333333,80,100,1,NA,"La Granja","La Granja"
2021,"Alcaldes","04104","LA HIGUERA",0.5,50,0,1,NA,"La Higuera","La Higuera"
2021,"Alcaldes","05401","LA LIGUA",0.555555555555555,66.6666666666667,0,1,NA,"La Ligua","La Ligua"
2021,"Alcaldes","13112","LA PINTANA",0.733333333333333,20,100,1,NA,"La Pintana","La Pintana"
2021,"Alcaldes","13113","LA REINA",0.5,50,0,1,NA,"La Reina","La Reina"
2021,"Alcaldes","04101","LA SERENA",0.8,40,100,1,NA,"La Serena","La Serena"
2021,"Alcaldes","14201","LA UNION",0.777777777777778,33.3333333333333,100,1,NA,"La Unión","La Unión"
2021,"Alcaldes","14203","LAGO RANCO",1,100,100,1,NA,"Lago Ranco","Lago Ranco"
2021,"Alcaldes","11102","LAGO VERDE",0.444444444444444,33.3333333333333,0,1,NA,"Lago Verde","Lago Verde"
2021,"Alcaldes","12102","LAGUNA BLANCA",0.777777777777778,33.3333333333333,100,1,NA,"Laguna Blanca","Laguna Blanca"
2021,"Alcaldes","08304","LAJA",0.444444444444444,33.3333333333333,0,1,NA,"Laja","Laja"
2021,"Alcaldes","13302","LAMPA",0.6,80,0,1,NA,"Lampa","Lampa"
2021,"Alcaldes","14103","LANCO",0.866666666666667,60,100,1,NA,"Lanco","Lanco"
2021,"Alcaldes","06107","LAS CABRAS",0.75,25,100,1,NA,"Las Cabras","Las Cabras"
2021,"Alcaldes","13114","LAS CONDES",0.533333333333333,60,0,1,NA,"Las Condes","Las Condes"
2021,"Alcaldes","09108","LAUTARO",0.444444444444444,33.3333333333333,0,1,NA,"Lautaro","Lautaro"
2021,"Alcaldes","08201","LEBU",0,0,0,0,NA,"Lebu","Lebu"
2021,"Alcaldes","07303","LICANTEN",0,0,0,0,NA,"Licantén","Licantén"
2021,"Alcaldes","05802","LIMACHE",0.916666666666667,75,100,1,NA,"Limache","Limache"
2021,"Alcaldes","07401","LINARES",0.833333333333333,50,100,1,NA,"Linares","Linares"
2021,"Alcaldes","06203","LITUECHE",0.444444444444444,33.3333333333333,0,1,NA,"Litueche","Litueche"
2021,"Alcaldes","05703","LLAILLAY",0.916666666666667,66.6666666666667,100,1,100,"Llaillay","Llaillay"
2021,"Alcaldes","10107","LLANQUIHUE",0.916666666666667,66.6666666666667,100,1,100,"Llanquihue","Llanquihue"
2021,"Alcaldes","13115","LO BARNECHEA",0,0,0,0,NA,"Lo Barnechea","Lo Barnechea"
2021,"Alcaldes","13116","LO ESPEJO",0.866666666666667,60,100,1,NA,"Lo Espejo","Lo Espejo"
2021,"Alcaldes","13117","LO PRADO",0.916666666666667,66.6666666666667,100,1,100,"Lo Prado","Lo Prado"
2021,"Alcaldes","06304","LOLOL",0.444444444444444,33.3333333333333,0,1,NA,"Lolol","Lolol"
2021,"Alcaldes","09109","LONCOCHE",0,0,0,0,NA,"Loncoche","Loncoche"
2021,"Alcaldes","07403","LONGAVI",0.380952380952381,14.2857142857143,0,1,NA,"Longaví","Longaví"
2021,"Alcaldes","09205","LONQUIMAY",0,0,0,0,NA,"Lonquimay","Lonquimay"
2021,"Alcaldes","08206","LOS ALAMOS",0.4,20,0,1,NA,"Los Alamos","Los Alamos"
2021,"Alcaldes","05301","LOS ANDES",0.5,50,0,1,NA,"Los Andes","Los Andes"
2021,"Alcaldes","08301","LOS ANGELES",0.833333333333333,50,100,1,NA,"Los Angeles","Los Angeles"
2021,"Alcaldes","14104","LOS LAGOS",0.888888888888889,66.6666666666667,100,1,NA,"Los Lagos","Los Lagos"
2021,"Alcaldes","10106","LOS MUERMOS",0,0,0,0,NA,"Los Muermos","Los Muermos"
2021,"Alcaldes","09206","LOS SAUCES",0,0,0,0,NA,"Los Sauces","Los Sauces"
2021,"Alcaldes","04203","LOS VILOS",0.476190476190476,42.8571428571429,0,1,NA,"Los Vilos","Los Vilos"
2021,"Alcaldes","08106","LOTA",0.466666666666667,40,0,1,NA,"Lota","Lota"
2021,"Alcaldes","09207","LUMACO",0.5,50,0,1,NA,"Lumaco","Lumaco"
2021,"Alcaldes","06108","MACHALI",0.4,20,0,1,NA,"Machalí","Machalí"
2021,"Alcaldes","13118","MACUL",0.416666666666667,25,0,1,NA,"Macul","Macul"
2021,"Alcaldes","14105","MAFIL",0.888888888888889,66.6666666666667,100,1,NA,"Máfil","Máfil"
2021,"Alcaldes","13119","MAIPU",0.866666666666667,60,100,1,NA,"Maipú","Maipú"
2021,"Alcaldes","06109","MALLOA",0,0,0,0,NA,"Malloa","Malloa"
2021,"Alcaldes","06204","MARCHIHUE",0.75,25,100,1,NA,"Marchihue","Marchihue"
2021,"Alcaldes","02302","MARIA ELENA",0.5,50,0,1,NA,"María Elena","María Elena"
2021,"Alcaldes","13504","MARIA PINTO",0.888888888888889,66.6666666666667,100,1,NA,"María Pinto","María Pinto"
2021,"Alcaldes","14106","MARIQUINA",0,0,0,0,NA,"Mariquina","Mariquina"
2021,"Alcaldes","07105","MAULE",0.833333333333333,33.3333333333333,100,1,100,"Maule","Maule"
2021,"Alcaldes","10108","MAULLIN",0.375,50,0,1,0,"Maullín","Maullín"
2021,"Alcaldes","02102","MEJILLONES",0.833333333333333,50,100,1,NA,"Mejillones","Mejillones"
2021,"Alcaldes","09110","MELIPEUCO",0,0,0,0,NA,"Melipeuco","Melipeuco"
2021,"Alcaldes","13501","MELIPILLA",0.866666666666667,60,100,1,NA,"Melipilla","Melipilla"
2021,"Alcaldes","07304","MOLINA",0.833333333333333,33.3333333333333,100,1,100,"Molina","Molina"
2021,"Alcaldes","04303","MONTE PATRIA",0.416666666666667,25,0,1,NA,"Monte Patria","Monte Patria"
2021,"Alcaldes","06110","MOSTAZAL",0.375,12.5,0,1,NA,"Mostazal","Mostazal"
2021,"Alcaldes","08305","MULCHEN",0.875,50,100,1,100,"Mulchén","Mulchén"
2021,"Alcaldes","08306","NACIMIENTO",0.5,50,0,1,NA,"Nacimiento","Nacimiento"
2021,"Alcaldes","06305","NANCAGUA",0.416666666666667,25,0,1,NA,"Nancagua","Nancagua"
2021,"Alcaldes","12401","NATALES",0.416666666666667,25,0,1,NA,"Natales","Natales"
2021,"Alcaldes","06205","NAVIDAD",0.380952380952381,14.2857142857143,0,1,NA,"Navidad","Navidad"
2021,"Alcaldes","08307","NEGRETE",0.833333333333333,50,100,1,NA,"Negrete","Negrete"
2021,"Alcaldes","16204","NINHUE",0,0,0,0,NA,"Ninhue","Ninhue"
2021,"Alcaldes","16303","NIQUEN",0.444444444444444,33.3333333333333,0,1,NA,"Ñiquén","Ñiquén"
2021,"Alcaldes","05506","NOGALES",0.555555555555555,66.6666666666667,0,1,NA,"Nogales","Nogales"
2021,"Alcaldes","09111","NUEVA IMPERIAL",0.714285714285714,14.2857142857143,100,1,NA,"Nueva Imperial","Nueva Imperial"
2021,"Alcaldes","13120","NUNOA",1,100,100,1,NA,"Ñuñoa","Ñuñoa"
2021,"Alcaldes","11302","OHIGGINS",0.777777777777778,33.3333333333333,100,1,NA,"O'Higgins","O'Higgins"
2021,"Alcaldes","06111","OLIVAR",0.3125,25,0,1,0,"Olivar","Olivar"
2021,"Alcaldes","02202","OLLAGUE",0.466666666666667,40,0,1,NA,"Ollagüe","Ollagüe"
2021,"Alcaldes","05803","OLMUE",0.833333333333333,50,100,1,NA,"Olmué","Olmué"
2021,"Alcaldes","10301","OSORNO",0.833333333333333,50,100,1,NA,"Osorno","Osorno"
2021,"Alcaldes","04301","OVALLE",0.476190476190476,42.8571428571429,0,1,NA,"Ovalle","Ovalle"
2021,"Alcaldes","13604","PADRE HURTADO",0.866666666666667,60,100,1,NA,"Padre Hurtado","Padre Hurtado"
2021,"Alcaldes","09112","PADRE LAS CASAS",0.571428571428572,71.4285714285714,0,1,NA,"Padre Las Casas","Padre Las Casas"
2021,"Alcaldes","04105","PAIGUANO",0.777777777777778,33.3333333333333,100,1,NA,"Paiguano","Paiguano"
2021,"Alcaldes","14107","PAILLACO",0.583333333333333,75,0,1,NA,"Paillaco","Paillaco"
2021,"Alcaldes","13404","PAINE",0.444444444444444,33.3333333333333,0,1,NA,"Paine","Paine"
2021,"Alcaldes","10404","PALENA",0.625,50,100,1,0,"Palena","Palena"
2021,"Alcaldes","06306","PALMILLA",0.875,50,100,1,100,"Palmilla","Palmilla"
2021,"Alcaldes","14108","PANGUIPULLI",0.466666666666667,40,0,1,NA,"Panguipulli","Panguipulli"
2021,"Alcaldes","05704","PANQUEHUE",0.777777777777778,33.3333333333333,100,1,NA,"Panquehue","Panquehue"
2021,"Alcaldes","05403","PAPUDO",0.888888888888889,66.6666666666667,100,1,NA,"Papudo","Papudo"
2021,"Alcaldes","06206","PAREDONES",0.833333333333333,50,100,1,NA,"Paredones","Paredones"
2021,"Alcaldes","07404","PARRAL",0.4,20,0,1,NA,"Parral","Parral"
2021,"Alcaldes","13121","PEDRO AGUIRRE CERDA",0.466666666666667,40,0,1,NA,"Pedro Aguirre Cerda","Pedro Aguirre Cerda"
2021,"Alcaldes","07106","PELARCO",0,0,0,0,NA,"Pelarco","Pelarco"
2021,"Alcaldes","07203","PELLUHUE",0,0,0,0,NA,"Pelluhue","Pelluhue"
2021,"Alcaldes","16105","PEMUCO",0.5,50,0,1,NA,"Pemuco","Pemuco"
2021,"Alcaldes","13605","PENAFLOR",0.8,40,100,1,NA,"Peñaflor","Peñaflor"
2021,"Alcaldes","13122","PENALOLEN",0.958333333333333,83.3333333333333,100,1,100,"Peñalolén","Peñalolén"
2021,"Alcaldes","07107","PENCAHUE",0.444444444444444,33.3333333333333,0,1,NA,"Pencahue","Pencahue"
2021,"Alcaldes","08107","PENCO",0.875,50,100,1,100,"Penco","Penco"
2021,"Alcaldes","06307","PERALILLO",0.777777777777778,33.3333333333333,100,1,NA,"Peralillo","Peralillo"
2021,"Alcaldes","09113","PERQUENCO",0.75,25,100,1,NA,"Perquenco","Perquenco"
2021,"Alcaldes","05404","PETORCA",0.444444444444444,33.3333333333333,0,1,NA,"Petorca","Petorca"
2021,"Alcaldes","06112","PEUMO",0.444444444444444,33.3333333333333,0,1,NA,"Peumo","Peumo"
2021,"Alcaldes","01405","PICA",0.444444444444444,33.3333333333333,0,1,NA,"Pica","Pica"
2021,"Alcaldes","06113","PICHIDEGUA",0.733333333333333,20,100,1,NA,"Pichidegua","Pichidegua"
2021,"Alcaldes","06201","PICHILEMU",0.380952380952381,14.2857142857143,0,1,NA,"Pichilemu","Pichilemu"
2021,"Alcaldes","16106","PINTO",0,0,0,0,NA,"Pinto","Pinto"
2021,"Alcaldes","13202","PIRQUE",0.416666666666667,25,0,1,NA,"Pirque","Pirque"
2021,"Alcaldes","09114","PITRUFQUEN",0.888888888888889,66.6666666666667,100,1,NA,"Pitrufquén","Pitrufquén"
2021,"Alcaldes","06308","PLACILLA",0.875,50,100,1,100,"Placilla","Placilla"
2021,"Alcaldes","16205","PORTEZUELO",1,100,100,1,NA,"Portezuelo","Portezuelo"
2021,"Alcaldes","12301","PORVENIR",0.3125,25,0,1,0,"Porvenir","Porvenir"
2021,"Alcaldes","01401","POZO ALMONTE",0.777777777777778,33.3333333333333,100,1,NA,"Pozo Almonte","Pozo Almonte"
2021,"Alcaldes","12302","PRIMAVERA",0.833333333333333,33.3333333333333,100,1,100,"Primavera","Primavera"
2021,"Alcaldes","13123","PROVIDENCIA",0,0,0,0,NA,"Providencia","Providencia"
2021,"Alcaldes","05105","PUCHUNCAVI",0.388888888888889,16.6666666666667,0,1,NA,"Puchuncaví","Puchuncaví"
2021,"Alcaldes","09115","PUCON",0.833333333333333,50,100,1,NA,"Pucón","Pucón"
2021,"Alcaldes","13124","PUDAHUEL",0.833333333333333,50,100,1,NA,"Pudahuel","Pudahuel"
2021,"Alcaldes","13201","PUENTE ALTO",1,100,100,1,100,"Puente Alto","Puente Alto"
2021,"Alcaldes","10101","PUERTO MONTT",1,100,100,1,NA,"Puerto Montt","Puerto Montt"
2021,"Alcaldes","10302","PUERTO OCTAY",0,0,0,0,NA,"Puerto Octay","Puerto Octay"
2021,"Alcaldes","10109","PUERTO VARAS",0.388888888888889,16.6666666666667,0,1,NA,"Puerto Varas","Puerto Varas"
2021,"Alcaldes","06309","PUMANQUE",0.5,50,0,1,NA,"Pumanque","Pumanque"
2021,"Alcaldes","04304","PUNITAQUI",0.428571428571429,28.5714285714286,0,1,NA,"Punitaqui","Punitaqui"
2021,"Alcaldes","12101","PUNTA ARENAS",0.777777777777778,33.3333333333333,100,1,NA,"Punta Arenas","Punta Arenas"
2021,"Alcaldes","10206","PUQUELDON",0,0,0,0,NA,"Puqueldón","Puqueldón"
2021,"Alcaldes","09208","PUREN",0.777777777777778,33.3333333333333,100,1,NA,"Purén","Purén"
2021,"Alcaldes","10303","PURRANQUE",0.777777777777778,33.3333333333333,100,1,NA,"Purranque","Purranque"
2021,"Alcaldes","05705","PUTAENDO",0.518518518518518,55.5555555555556,0,1,NA,"Putaendo","Putaendo"
2021,"Alcaldes","15201","PUTRE",0.416666666666667,25,0,1,NA,"Putre","Putre"
2021,"Alcaldes","10304","PUYEHUE",0.5,50,0,1,NA,"Puyehue","Puyehue"
2021,"Alcaldes","10207","QUEILEN",0.833333333333333,33.3333333333333,100,1,100,"Queilén","Queilén"
2021,"Alcaldes","10208","QUELLON",0.916666666666667,66.6666666666667,100,1,100,"Quellón","Quellón"
2021,"Alcaldes","10209","QUEMCHI",0,0,0,0,NA,"Quemchi","Quemchi"
2021,"Alcaldes","08308","QUILACO",0,0,0,0,NA,"Quilaco","Quilaco"
2021,"Alcaldes","13125","QUILICURA",0,0,0,0,NA,"Quilicura","Quilicura"
2021,"Alcaldes","08309","QUILLECO",0,0,0,0,NA,"Quilleco","Quilleco"
2021,"Alcaldes","16107","QUILLON",0.833333333333333,50,100,1,NA,"Quillón","Quillón"
2021,"Alcaldes","05501","QUILLOTA",0.583333333333333,75,0,1,NA,"Quillota","Quillota"
2021,"Alcaldes","05801","QUILPUE",0.916666666666667,75,100,1,NA,"Quilpué","Quilpué"
2021,"Alcaldes","10210","QUINCHAO",0,0,0,0,NA,"Quinchao","Quinchao"
2021,"Alcaldes","06114","QUINTA DE TILCOCO",0.5,50,0,1,NA,"Quinta de Tilcoco","Quinta de Tilcoco"
2021,"Alcaldes","13126","QUINTA NORMAL",0.857142857142857,57.1428571428571,100,1,NA,"Quinta Normal","Quinta Normal"
2021,"Alcaldes","05107","QUINTERO",0.388888888888889,16.6666666666667,0,1,NA,"Quintero","Quintero"
2021,"Alcaldes","16201","QUIRIHUE",0.833333333333333,33.3333333333333,100,1,100,"Quirihue","Quirihue"
2021,"Alcaldes","06101","RANCAGUA",0.761904761904762,28.5714285714286,100,1,NA,"Rancagua","Rancagua"
2021,"Alcaldes","16206","RANQUIL",0.833333333333333,50,100,1,NA,"Ranquil","Ranquil"
2021,"Alcaldes","07305","RAUCO",0.777777777777778,33.3333333333333,100,1,NA,"Rauco","Rauco"
2021,"Alcaldes","13127","RECOLETA",0.888888888888889,66.6666666666667,100,1,NA,"Recoleta","Recoleta"
2021,"Alcaldes","09209","RENAICO",0.416666666666667,25,0,1,NA,"Renaico","Renaico"
2021,"Alcaldes","13128","RENCA",0,0,0,0,NA,"Renca","Renca"
2021,"Alcaldes","06115","RENGO",0.35,40,0,1,0,"Rengo","Rengo"
2021,"Alcaldes","06116","REQUINOA",0,0,0,0,NA,"Requínoa","Requínoa"
2021,"Alcaldes","07405","RETIRO",0.9,60,100,1,100,"Retiro","Retiro"
2021,"Alcaldes","05303","RINCONADA",0.3,20,0,1,0,"Rinconada","Rinconada"
2021,"Alcaldes","14204","RIO BUENO",0.466666666666667,40,0,1,NA,"Río Bueno","Río Bueno"
2021,"Alcaldes","07108","RIO CLARO",0.888888888888889,66.6666666666667,100,1,NA,"Río Claro","Río Claro"
2021,"Alcaldes","04305","RIO HURTADO",0.416666666666667,25,0,1,NA,"Río Hurtado","Río Hurtado"
2021,"Alcaldes","11402","RIO IBANEZ",0,0,0,0,NA,"Río Ibáñez","Río Ibáñez"
2021,"Alcaldes","10305","RIO NEGRO",0.833333333333333,50,100,1,NA,"Río Negro","Río Negro"
2021,"Alcaldes","12103","RIO VERDE",0,0,0,0,NA,"Río Verde","Río Verde"
2021,"Alcaldes","07306","ROMERAL",0.833333333333333,50,100,1,NA,"Romeral","Romeral"
2021,"Alcaldes","09116","SAAVEDRA",0.5,50,0,1,NA,"Saavedra","Saavedra"
2021,"Alcaldes","07307","SAGRADA FAMILIA",0,0,0,0,NA,"Sagrada Familia","Sagrada Familia"
2021,"Alcaldes","04204","SALAMANCA",0.37037037037037,11.1111111111111,0,1,NA,"Salamanca","Salamanca"
2021,"Alcaldes","05601","SAN ANTONIO",0.5,50,0,1,NA,"San Antonio","San Antonio"
2021,"Alcaldes","13401","SAN BERNARDO",0.791666666666667,37.5,100,1,NA,"San Bernardo","San Bernardo"
2021,"Alcaldes","16301","SAN CARLOS",0.722222222222222,16.6666666666667,100,1,NA,"San Carlos","San Carlos"
2021,"Alcaldes","07109","SAN CLEMENTE",0.444444444444444,33.3333333333333,0,1,NA,"San Clemente","San Clemente"
2021,"Alcaldes","05304","SAN ESTEBAN",0.416666666666667,25,0,1,NA,"San Esteban","San Esteban"
2021,"Alcaldes","16304","SAN FABIAN",0.75,25,100,1,NA,"San Fabián","San Fabián"
2021,"Alcaldes","05701","SAN FELIPE",0.533333333333333,60,0,1,NA,"San Felipe","San Felipe"
2021,"Alcaldes","06301","SAN FERNANDO",0.407407407407407,22.2222222222222,0,1,NA,"San Fernando","San Fernando"
2021,"Alcaldes","12104","SAN GREGORIO",0.833333333333333,50,100,1,NA,"San Gregorio","San Gregorio"
2021,"Alcaldes","16108","SAN IGNACIO",0,0,0,0,NA,"San Ignacio","San Ignacio"
2021,"Alcaldes","07406","SAN JAVIER",0.916666666666667,75,100,1,NA,"San Javier","San Javier"
2021,"Alcaldes","13129","SAN JOAQUIN",0.416666666666667,25,0,1,NA,"San Joaquín","San Joaquín"
2021,"Alcaldes","13203","SAN JOSE DE MAIPO",0.866666666666667,60,100,1,NA,"San José de Maipo","San José de Maipo"
2021,"Alcaldes","10306","SAN JUAN DE LA COSTA",0.833333333333333,33.3333333333333,100,1,100,"San Juan de la Costa","San Juan de la Costa"
2021,"Alcaldes","13130","SAN MIGUEL",0.458333333333333,37.5,0,1,NA,"San Miguel","San Miguel"
2021,"Alcaldes","16305","SAN NICOLAS",0.833333333333333,50,100,1,NA,"San Nicolás","San Nicolás"
2021,"Alcaldes","10307","SAN PABLO",0.875,50,100,1,100,"San Pablo","San Pablo"
2021,"Alcaldes","13505","SAN PEDRO",0.777777777777778,33.3333333333333,100,1,NA,"San Pedro","San Pedro"
2021,"Alcaldes","02203","SAN PEDRO DE ATACAMA",0.4,20,0,1,NA,"San Pedro de Atacama","San Pedro de Atacama"
2021,"Alcaldes","08108","SAN PEDRO DE LA PAZ",0.407407407407407,22.2222222222222,0,1,NA,"San Pedro de la Paz","San Pedro de la Paz"
2021,"Alcaldes","07110","SAN RAFAEL",0.875,50,100,1,100,"San Rafael","San Rafael"
2021,"Alcaldes","13131","SAN RAMON",0.833333333333333,50,100,1,NA,"San Ramón","San Ramón"
2021,"Alcaldes","08310","SAN ROSENDO",0,0,0,0,NA,"San Rosendo","San Rosendo"
2021,"Alcaldes","06117","SAN VICENTE",0,0,0,0,NA,"San Vicente","San Vicente"
2021,"Alcaldes","08311","SANTA BARBARA",1,100,100,1,100,"Santa Bárbara","Santa Bárbara"
2021,"Alcaldes","06310","SANTA CRUZ",0.444444444444444,33.3333333333333,0,1,NA,"Santa Cruz","Santa Cruz"
2021,"Alcaldes","08109","SANTA JUANA",0.444444444444444,33.3333333333333,0,1,NA,"Santa Juana","Santa Juana"
2021,"Alcaldes","05706","SANTA MARIA",0.75,25,100,1,NA,"Santa María","Santa María"
2021,"Alcaldes","13101","SANTIAGO",0.75,100,100,1,0,"Santiago","Santiago"
2021,"Alcaldes","05606","SANTO DOMINGO",1,100,100,1,NA,"Santo Domingo","Santo Domingo"
2021,"Alcaldes","02103","SIERRA GORDA",0.555555555555555,66.6666666666667,0,1,NA,"Sierra Gorda","Sierra Gorda"
2021,"Alcaldes","13601","TALAGANTE",0.888888888888889,66.6666666666667,100,1,NA,"Talagante","Talagante"
2021,"Alcaldes","07101","TALCA",0.85,40,100,1,100,"Talca","Talca"
2021,"Alcaldes","08110","TALCAHUANO",0.388888888888889,16.6666666666667,0,1,NA,"Talcahuano","Talcahuano"
2021,"Alcaldes","02104","TALTAL",0.3,20,0,1,0,"Taltal","Taltal"
2021,"Alcaldes","09101","TEMUCO",0.8,40,100,1,NA,"Temuco","Temuco"
2021,"Alcaldes","07308","TENO",0.5,50,0,1,NA,"Teno","Teno"
2021,"Alcaldes","09117","TEODORO SCHMIDT",0.416666666666667,25,0,1,NA,"Teodoro Schmidt","Teodoro Schmidt"
2021,"Alcaldes","03103","TIERRA AMARILLA",0.80952380952381,42.8571428571429,100,1,NA,"Tierra Amarilla","Tierra Amarilla"
2021,"Alcaldes","13303","TILTIL",0.833333333333333,50,100,1,NA,"Tiltil","Tiltil"
2021,"Alcaldes","12303","TIMAUKEL",0.5,50,0,1,NA,"Timaukel","Timaukel"
2021,"Alcaldes","08207","TIRUA",0.444444444444444,33.3333333333333,0,1,NA,"Tirúa","Tirúa"
2021,"Alcaldes","02301","TOCOPILLA",0.476190476190476,42.8571428571429,0,1,NA,"Tocopilla","Tocopilla"
2021,"Alcaldes","09118","TOLTEN",0.444444444444444,33.3333333333333,0,1,NA,"Toltén","Toltén"
2021,"Alcaldes","08111","TOME",0.75,25,100,1,NA,"Tomé","Tomé"
2021,"Alcaldes","12402","TORRES DEL PAINE",0.444444444444444,33.3333333333333,0,1,NA,"Torres del Paine","Torres del Paine"
2021,"Alcaldes","11303","TORTEL",0.444444444444444,33.3333333333333,0,1,NA,"Tortel","Tortel"
2021,"Alcaldes","09210","TRAIGUEN",0,0,0,0,NA,"Traiguén","Traiguén"
2021,"Alcaldes","16207","TREGUACO",0.416666666666667,25,0,1,NA,"Treguaco","Treguaco"
2021,"Alcaldes","08312","TUCAPEL",1,100,100,1,NA,"Tucapel","Tucapel"
2021,"Alcaldes","14101","VALDIVIA",0.8,40,100,1,NA,"Valdivia","Valdivia"
2021,"Alcaldes","03301","VALLENAR",0,0,0,0,NA,"Vallenar","Vallenar"
2021,"Alcaldes","05101","VALPARAISO",0.444444444444444,33.3333333333333,0,1,NA,"Valparaíso","Valparaíso"
2021,"Alcaldes","07309","VICHUQUEN",0,0,0,0,NA,"Vichuquén","Vichuquén"
2021,"Alcaldes","09211","VICTORIA",0.416666666666667,25,0,1,NA,"Victoria","Victoria"
2021,"Alcaldes","04106","VICUNA",0.833333333333333,33.3333333333333,100,1,100,"Vicuña","Vicuña"
2021,"Alcaldes","09119","VILCUN",0.888888888888889,66.6666666666667,100,1,NA,"Vilcún","Vilcún"
2021,"Alcaldes","07407","VILLA ALEGRE",0.380952380952381,14.2857142857143,0,1,NA,"Villa Alegre","Villa Alegre"
2021,"Alcaldes","05804","VILLA ALEMANA",0.444444444444444,33.3333333333333,0,1,NA,"Villa Alemana","Villa Alemana"
2021,"Alcaldes","09120","VILLARRICA",0.5,50,0,1,NA,"Villarrica","Villarrica"
2021,"Alcaldes","05109","VINA DEL MAR",0.766666666666667,30,100,1,NA,"Viña del Mar","Viña del Mar"
2021,"Alcaldes","13132","VITACURA",0.888888888888889,66.6666666666667,100,1,NA,"Vitacura","Vitacura"
2021,"Alcaldes","07408","YERBAS BUENAS",0.444444444444444,33.3333333333333,0,1,NA,"Yerbas Buenas","Yerbas Buenas"
2021,"Alcaldes","08313","YUMBEL",0.388888888888889,16.6666666666667,0,1,NA,"Yumbel","Yumbel"
2021,"Alcaldes","16109","YUNGAY",0.722222222222222,16.6666666666667,100,1,NA,"Yungay","Yungay"
2021,"Alcaldes","05405","ZAPALLAR",0,0,0,0,NA,"Zapallar","Zapallar"
2021,"Concejales","05602","ALGARROBO",0.666329966329966,42.2222222222222,50,1,NA,"Algarrobo","Algarrobo"
2021,"Concejales","13502","ALHUE",0.704980842911877,37.9310344827586,66.6666666666667,1,NA,"Alhué","Alhué"
2021,"Concejales","08314","ALTO BIOBIO",0.344967532467532,32.1428571428571,0,1,0,"Alto Biobío","Alto Biobío"
2021,"Concejales","03302","ALTO DEL CARMEN",0.631313131313131,33.3333333333333,50,1,NA,"Alto del Carmen","Alto del Carmen"
2021,"Concejales","01107","ALTO HOSPICIO",0.791919191919192,60,66.6666666666667,1,NA,"Alto Hospicio","Alto Hospicio"
2021,"Concejales","10202","ANCUD",0.575757575757576,33.3333333333333,33.3333333333333,1,NA,"Ancud","Ancud"
2021,"Concejales","04103","ANDACOLLO",0.683838383838384,46.6666666666667,50,1,NA,"Andacollo","Andacollo"
2021,"Concejales","09201","ANGOL",0.76040404040404,52,66.6666666666667,1,NA,"Angol","Angol"
2021,"Concejales","02101","ANTOFAGASTA",0.86,66,80,1,NA,"Antofagasta","Antofagasta"
2021,"Concejales","08302","ANTUCO",0.865293560606061,53.125,83.3333333333333,1,100,"Antuco","Antuco"
2021,"Concejales","08202","ARAUCO",0.6270017245627,46.3414634146341,33.3333333333333,1,NA,"Arauco","Arauco"
2021,"Concejales","15101","ARICA",0.694596568090544,49.3975903614458,50,1,NA,"Arica","Arica"
2021,"Concejales","11201","AYSEN",0.653198653198653,38.8888888888889,50,1,NA,"Aisén","Aisén"
2021,"Concejales","13402","BUIN",0.770287621982537,47.4576271186441,75,1,NA,"Buin","Buin"
2021,"Concejales","16102","BULNES",0.459058671824629,42.5531914893617,33.3333333333333,1,0,"Bulnes","Bulnes"
2021,"Concejales","05402","CABILDO",0.38697458455523,32.258064516129,16.6666666666667,1,0,"Cabildo","Cabildo"
2021,"Concejales","12201","CABO DE HORNOS",0.537136066547831,23.5294117647059,33.3333333333333,1,NA,"Cabo de Hornos","Cabo de Hornos"
2021,"Concejales","08303","CABRERO",0.646320346320346,37.1428571428571,50,1,NA,"Cabrero","Cabrero"
2021,"Concejales","02201","CALAMA",0.834022038567493,63.6363636363636,75,1,NA,"Calama","Calama"
2021,"Concejales","10102","CALBUCO",0.646320346320346,37.1428571428571,50,1,NA,"Calbuco","Calbuco"
2021,"Concejales","03102","CALDERA",0.829676071055381,41.3793103448276,100,1,NA,"Caldera","Caldera"
2021,"Concejales","05502","CALERA",0.816738816738817,38.0952380952381,100,1,NA,"Calera","Calera"
2021,"Concejales","13403","CALERA DE TANGO",0.825987144168962,54.5454545454545,83.3333333333333,1,NA,"Calera de Tango","Calera de Tango"
2021,"Concejales","05302","CALLE LARGA",0.572169059011164,52.6315789473684,66.6666666666667,1,0,"Calle Larga","Calle Larga"
2021,"Concejales","15102","CAMARONES",0.559343434343434,29.1666666666667,33.3333333333333,1,NA,"Camarones","Camarones"
2021,"Concejales","01402","CAMINA",0.653198653198653,38.8888888888889,50,1,NA,"Camiña","Camiña"
2021,"Concejales","04202","CANELA",0.550097751710655,45.1612903225806,66.6666666666667,1,0,"Canela","Canela"
2021,"Concejales","08203","CANETE",0.776161616161616,56,66.6666666666667,1,NA,"Cañete","Cañete"
2021,"Concejales","09102","CARAHUE",0.763603779732812,38.7096774193548,83.3333333333333,1,NA,"Carahue","Carahue"
2021,"Concejales","05603","CARTAGENA",0.564393939393939,50,66.6666666666667,1,0,"Cartagena","Cartagena"
2021,"Concejales","05102","CASABLANCA",0.681818181818182,46.1538461538462,50,1,NA,"Casablanca","Casablanca"
2021,"Concejales","10201","CASTRO",0.470823095823096,32.4324324324324,50,1,0,"Castro","Castro"
2021,"Concejales","05702","CATEMU",0.575757575757576,33.3333333333333,33.3333333333333,1,NA,"Catemu","Catemu"
2021,"Concejales","07201","CAUQUENES",0.518506493506493,48.5714285714286,50,1,0,"Cauquenes","Cauquenes"
2021,"Concejales","13102","CERRILLOS",0.819667260843731,52.9411764705882,83.3333333333333,1,NA,"Cerrillos","Cerrillos"
2021,"Concejales","13103","CERRO NAVIA",0.808098591549296,46.4788732394366,87.5,1,NA,"Cerro Navia","Cerro Navia"
2021,"Concejales","10401","CHAITEN",0.635841170323929,34.4827586206897,50,1,NA,"Chaitén","Chaitén"
2021,"Concejales","03201","CHANARAL",0.757848757848758,51.3513513513513,66.6666666666667,1,NA,"Chañaral","Chañaral"
2021,"Concejales","07202","CHANCO",0.445165945165945,14.2857142857143,16.6666666666667,1,NA,"Chanco","Chanco"
2021,"Concejales","06302","CHEPICA",0.67379679144385,44.1176470588235,50,1,NA,"Chépica","Chépica"
2021,"Concejales","08103","CHIGUAYANTE",0.779560308972074,56.8627450980392,66.6666666666667,1,NA,"Chiguayante","Chiguayante"
2021,"Concejales","11401","CHILE CHICO",0.619894598155468,30.4347826086957,50,1,NA,"Chile Chico","Chile Chico"
2021,"Concejales","16101","CHILLAN",0.710320597277119,44.9275362318841,60,1,NA,"Chillán","Chillán"
2021,"Concejales","16103","CHILLAN VIEJO",0.787347155768208,44.7368421052632,83.3333333333333,1,NA,"Chillán Viejo","Chillán Viejo"
2021,"Concejales","06303","CHIMBARONGO",0.732828282828283,45,66.6666666666667,1,NA,"Chimbarongo","Chimbarongo"
2021,"Concejales","09121","CHOLCHOL",0.49018759018759,25.7142857142857,16.6666666666667,1,NA,"Cholchol","Cholchol"
2021,"Concejales","10203","CHONCHI",0.565656565656566,30.7692307692308,33.3333333333333,1,NA,"Chonchi","Chonchi"
2021,"Concejales","11202","CISNES",0.670454545454545,29.1666666666667,66.6666666666667,1,NA,"Cisnes","Cisnes"
2021,"Concejales","16202","COBQUECURA",0.569788797061524,31.8181818181818,33.3333333333333,1,NA,"Cobquecura","Cobquecura"
2021,"Concejales","10103","COCHAMO",0.474527887571366,21.7391304347826,16.6666666666667,1,NA,"Cochamó","Cochamó"
2021,"Concejales","11301","COCHRANE",0.623507805325987,45.4545454545455,33.3333333333333,1,NA,"Cochrane","Cochrane"
2021,"Concejales","06102","CODEGUA",0.65,36.6666666666667,16.6666666666667,1,100,"Codegua","Codegua"
2021,"Concejales","16203","COELEMU",0.720460418134837,41.8604651162791,66.6666666666667,1,NA,"Coelemu","Coelemu"
2021,"Concejales","11101","COIHAIQUE",0.688686868686869,62,33.3333333333333,1,NA,"Coihaique","Coihaique"
2021,"Concejales","16302","COIHUECO",0.676593521421108,44.8275862068966,50,1,NA,"Coihueco","Coihueco"
2021,"Concejales","06103","COINCO",0.713636363636364,30,50,1,100,"Coinco","Coinco"
2021,"Concejales","07402","COLBUN",0.526896875734085,20.9302325581395,33.3333333333333,1,NA,"Colbún","Colbún"
2021,"Concejales","01403","COLCHANE",0.406795224977043,4.54545454545455,16.6666666666667,1,NA,"Colchane","Colchane"
2021,"Concejales","13301","COLINA",0.806565656565657,56.6666666666667,75,1,NA,"Colina","Colina"
2021,"Concejales","09202","COLLIPULLI",0.616391184573003,29.5454545454545,50,1,NA,"Collipulli","Collipulli"
2021,"Concejales","06104","COLTAUCO",0.408369408369408,19.047619047619,0,1,NA,"Coltauco","Coltauco"
2021,"Concejales","04302","COMBARBALA",0.449960127591707,39.4736842105263,33.3333333333333,1,0,"Combarbalá","Combarbalá"
2021,"Concejales","08101","CONCEPCION",0.797891963109354,58.695652173913,70,1,NA,"Concepción","Concepción"
2021,"Concejales","13104","CONCHALI",0.738636363636364,50,62.5,1,NA,"Conchalí","Conchalí"
2021,"Concejales","05103","CONCON",0.76403743315508,47.0588235294118,50,1,100,"Concón","Concón"
2021,"Concejales","07102","CONSTITUCION",0.593502593502593,37.8378378378378,33.3333333333333,1,NA,"Constitución","Constitución"
2021,"Concejales","08204","CONTULMO",0.69880624426079,36.3636363636364,66.6666666666667,1,NA,"Contulmo","Contulmo"
2021,"Concejales","03101","COPIAPO",0.764670514670515,46.031746031746,75,1,NA,"Copiapó","Copiapó"
2021,"Concejales","04102","COQUIMBO",0.776426603699331,53.2467532467532,70,1,NA,"Coquimbo","Coquimbo"
2021,"Concejales","08102","CORONEL",0.916666666666667,84.6153846153846,75,1,NA,"Coronel","Coronel"
2021,"Concejales","14102","CORRAL",0.67379679144385,44.1176470588235,50,1,NA,"Corral","Corral"
2021,"Concejales","09103","CUNCO",0.631313131313131,33.3333333333333,50,1,NA,"Cunco","Cunco"
2021,"Concejales","09203","CURACAUTIN",0.612554112554113,28.5714285714286,50,1,NA,"Curacautín","Curacautín"
2021,"Concejales","13503","CURACAVI",0.704264870931538,51.8518518518518,50,1,NA,"Curacaví","Curacaví"
2021,"Concejales","10204","CURACO DE VELEZ",0.467676767676768,20,16.6666666666667,1,NA,"Curaco de Vélez","Curaco de Vélez"
2021,"Concejales","08205","CURANILAHUE",0.813708513708514,51.4285714285714,83.3333333333333,1,NA,"Curanilahue","Curanilahue"
2021,"Concejales","09104","CURARREHUE",0.912358882947118,76.4705882352941,83.3333333333333,1,NA,"Curarrehue","Curarrehue"
2021,"Concejales","07103","CUREPTO",0.523232323232323,20,33.3333333333333,1,NA,"Curepto","Curepto"
2021,"Concejales","07301","CURICO",0.576360192837466,57.5757575757576,62.5,1,0,"Curicó","Curicó"
2021,"Concejales","10205","DALCAHUE",0.420875420875421,29.6296296296296,33.3333333333333,1,0,"Dalcahue","Dalcahue"
2021,"Concejales","03202","DIEGO DE ALMAGRO",0.631313131313131,33.3333333333333,50,1,NA,"Diego de Almagro","Diego de Almagro"
2021,"Concejales","06105","DONIHUE",0.748148148148148,48.8888888888889,66.6666666666667,1,NA,"Doñihue","Doñihue"
2021,"Concejales","13105","EL BOSQUE",0.804924242424243,56.25,75,1,NA,"El Bosque","El Bosque"
2021,"Concejales","16104","EL CARMEN",0.493939393939394,26.6666666666667,16.6666666666667,1,NA,"El Carmen","El Carmen"
2021,"Concejales","13602","EL MONTE",0.579509379509379,34.2857142857143,33.3333333333333,1,NA,"El Monte","El Monte"
2021,"Concejales","05604","EL QUISCO",0.473484848484848,33.3333333333333,50,1,0,"El Quisco","El Quisco"
2021,"Concejales","05605","EL TABO",0.65007215007215,38.0952380952381,50,1,NA,"El Tabo","El Tabo"
2021,"Concejales","07104","EMPEDRADO",0.508783487044357,30.4347826086957,16.6666666666667,1,NA,"Empedrado","Empedrado"
2021,"Concejales","09204","ERCILLA",0.45740008783487,17.3913043478261,16.6666666666667,1,NA,"Ercilla","Ercilla"
2021,"Concejales","13106","ESTACION CENTRAL",0.757697947214076,54.8387096774194,62.5,1,NA,"Estación Central","Estación Central"
2021,"Concejales","08104","FLORIDA",0.730639730639731,44.4444444444444,66.6666666666667,1,NA,"Florida","Florida"
2021,"Concejales","09105","FREIRE",0.761183261183261,38.0952380952381,83.3333333333333,1,NA,"Freire","Freire"
2021,"Concejales","03303","FREIRINA",0.586776859504132,57.5757575757576,66.6666666666667,1,0,"Freirina","Freirina"
2021,"Concejales","10104","FRESIA",0.692577953447519,34.7826086956522,66.6666666666667,1,NA,"Fresia","Fresia"
2021,"Concejales","10105","FRUTILLAR",0.713131313131313,40,66.6666666666667,1,NA,"Frutillar","Frutillar"
2021,"Concejales","10402","FUTALEUFU",0.463636363636364,30,50,1,0,"Futaleufú","Futaleufú"
2021,"Concejales","14202","FUTRONO",0.671420083184789,29.4117647058824,66.6666666666667,1,NA,"Futrono","Futrono"
2021,"Concejales","09106","GALVARINO",0.507070707070707,30,16.6666666666667,1,NA,"Galvarino","Galvarino"
2021,"Concejales","15202","GENERAL LAGOS",0.587542087542087,22.2222222222222,50,1,NA,"General Lagos","General Lagos"
2021,"Concejales","09107","GORBEA",0.735795454545455,37.5,50,1,100,"Gorbea","Gorbea"
2021,"Concejales","06106","GRANEROS",0.738112835673811,46.3414634146341,66.6666666666667,1,NA,"Graneros","Graneros"
2021,"Concejales","11203","GUAITECAS",0.491655687307861,26.0869565217391,16.6666666666667,1,NA,"Guaitecas","Guaitecas"
2021,"Concejales","05503","HIJUELAS",0.588888888888889,36.6666666666667,33.3333333333333,1,NA,"Hijuelas","Hijuelas"
2021,"Concejales","10403","HUALAIHUE",0.545743145743146,25.7142857142857,33.3333333333333,1,NA,"Hualaihué","Hualaihué"
2021,"Concejales","07302","HUALANE",0.53030303030303,35.8974358974359,16.6666666666667,1,NA,"Hualañé","Hualañé"
2021,"Concejales","08112","HUALPEN",0.719748858447489,45.2054794520548,62.5,1,NA,"Hualpén","Hualpén"
2021,"Concejales","08105","HUALQUI",0.609427609427609,27.7777777777778,50,1,NA,"Hualqui","Hualqui"
2021,"Concejales","01404","HUARA",0.647727272727273,37.5,50,1,NA,"Huara","Huara"
2021,"Concejales","03304","HUASCO",0.491391184573003,39.3939393939394,50,1,0,"Huasco","Huasco"
2021,"Concejales","13107","HUECHURABA",0.654992548435171,39.344262295082,50,1,NA,"Huechuraba","Huechuraba"
2021,"Concejales","04201","ILLAPEL",0.647727272727273,37.5,50,1,NA,"Illapel","Illapel"
2021,"Concejales","13108","INDEPENDENCIA",0.816778900112233,59.2592592592593,75,1,NA,"Independencia","Independencia"
2021,"Concejales","01101","IQUIQUE",0.688150158299412,47.7611940298507,50,1,NA,"Iquique","Iquique"
2021,"Concejales","13603","ISLA DE MAIPO",0.796494355317885,47.0588235294118,83.3333333333333,1,NA,"Isla de Maipo","Isla de Maipo"
2021,"Concejales","05201","ISLA DE PASCUA",0.863095238095238,52.3809523809524,83.3333333333333,1,100,"Isla de Pascua","Isla de Pascua"
2021,"Concejales","05104","JUAN FERNANDEZ",0.372727272727273,10,0,1,NA,"Juan Fernández","Juan Fernández"
2021,"Concejales","13109","LA CISTERNA",0.802813852813853,55.7142857142857,75,1,NA,"La Cisterna","La Cisterna"
2021,"Concejales","05504","LA CRUZ",0.752525252525252,50,66.6666666666667,1,NA,"La Cruz","La Cruz"
2021,"Concejales","06202","LA ESTRELLA",0.505611672278339,29.6296296296296,16.6666666666667,1,NA,"La Estrella","La Estrella"
2021,"Concejales","13110","LA FLORIDA",0.618409090909091,57,80,1,0,"La Florida","La Florida"
2021,"Concejales","13111","LA GRANJA",0.712944664031621,43.4782608695652,62.5,1,NA,"La Granja","La Granja"
2021,"Concejales","04104","LA HIGUERA",0.569788797061524,31.8181818181818,33.3333333333333,1,NA,"La Higuera","La Higuera"
2021,"Concejales","05401","LA LIGUA",0.681212121212121,46,50,1,NA,"La Ligua","La Ligua"
2021,"Concejales","13112","LA PINTANA",0.784090909090909,61.5384615384615,62.5,1,NA,"La Pintana","La Pintana"
2021,"Concejales","13113","LA REINA",0.788613749434645,62.6865671641791,62.5,1,NA,"La Reina","La Reina"
2021,"Concejales","04101","LA SERENA",0.791774891774892,57.1428571428571,70,1,NA,"La Serena","La Serena"
2021,"Concejales","14201","LA UNION",0.711057947900053,39.4736842105263,66.6666666666667,1,NA,"La Unión","La Unión"
2021,"Concejales","14203","LAGO RANCO",0.482683982683983,23.8095238095238,16.6666666666667,1,NA,"Lago Ranco","Lago Ranco"
2021,"Concejales","11102","LAGO VERDE",0.512955643390426,17.3913043478261,33.3333333333333,1,NA,"Lago Verde","Lago Verde"
2021,"Concejales","12102","LAGUNA BLANCA",0.567952249770432,45.4545454545455,16.6666666666667,1,NA,"Laguna Blanca","Laguna Blanca"
2021,"Concejales","08304","LAJA",0.641414141414141,50,33.3333333333333,1,NA,"Laja","Laja"
2021,"Concejales","13302","LAMPA",0.705176767676768,52.0833333333333,50,1,NA,"Lampa","Lampa"
2021,"Concejales","14103","LANCO",0.713131313131313,40,66.6666666666667,1,NA,"Lanco","Lanco"
2021,"Concejales","06107","LAS CABRAS",0.499401913875598,42.1052631578947,50,1,0,"Las Cabras","Las Cabras"
2021,"Concejales","13114","LAS CONDES",0.75622009569378,56.578947368421,60,1,NA,"Las Condes","Las Condes"
2021,"Concejales","09108","LAUTARO",0.690324295587453,34.2105263157895,66.6666666666667,1,NA,"Lautaro","Lautaro"
2021,"Concejales","08201","LEBU",0.539944903581267,24.2424242424242,33.3333333333333,1,NA,"Lebu","Lebu"
2021,"Concejales","07303","LICANTEN",0.768939393939394,34.6153846153846,66.6666666666667,1,100,"Licantén","Licantén"
2021,"Concejales","05802","LIMACHE",0.728335991493886,43.859649122807,66.6666666666667,1,NA,"Limache","Limache"
2021,"Concejales","07401","LINARES",0.880328710837185,54.2372881355932,100,1,NA,"Linares","Linares"
2021,"Concejales","06203","LITUECHE",0.589531680440771,22.7272727272727,50,1,NA,"Litueche","Litueche"
2021,"Concejales","05703","LLAILLAY",0.606470106470106,27.027027027027,50,1,NA,"Llaillay","Llaillay"
2021,"Concejales","10107","LLANQUIHUE",0.612554112554113,28.5714285714286,50,1,NA,"Llanquihue","Llanquihue"
2021,"Concejales","13115","LO BARNECHEA",0.77209595959596,47.9166666666667,75,1,NA,"Lo Barnechea","Lo Barnechea"
2021,"Concejales","13116","LO ESPEJO",0.749579124579125,52.7777777777778,62.5,1,NA,"Lo Espejo","Lo Espejo"
2021,"Concejales","13117","LO PRADO",0.613885566188198,49.1228070175439,87.5,1,0,"Lo Prado","Lo Prado"
2021,"Concejales","06304","LOLOL",0.525252525252525,34.6153846153846,16.6666666666667,1,NA,"Lolol","Lolol"
2021,"Concejales","09109","LONCOCHE",0.752525252525252,50,66.6666666666667,1,NA,"Loncoche","Loncoche"
2021,"Concejales","07403","LONGAVI",0.724386724386724,42.8571428571429,66.6666666666667,1,NA,"Longaví","Longaví"
2021,"Concejales","09205","LONQUIMAY",0.536643026004728,23.4042553191489,33.3333333333333,1,NA,"Lonquimay","Lonquimay"
2021,"Concejales","08206","LOS ALAMOS",0.670707070707071,43.3333333333333,50,1,NA,"Los Alamos","Los Alamos"
2021,"Concejales","05301","LOS ANDES",0.6270017245627,46.3414634146341,33.3333333333333,1,NA,"Los Andes","Los Andes"
2021,"Concejales","08301","LOS ANGELES",0.83955773955774,60.8108108108108,80,1,NA,"Los Angeles","Los Angeles"
2021,"Concejales","14104","LOS LAGOS",0.713131313131313,40,66.6666666666667,1,NA,"Los Lagos","Los Lagos"
2021,"Concejales","10106","LOS MUERMOS",0,0,0,0,NA,"Los Muermos","Los Muermos"
2021,"Concejales","09206","LOS SAUCES",0.645903479236813,37.037037037037,50,1,NA,"Los Sauces","Los Sauces"
2021,"Concejales","04203","LOS VILOS",0.618241235888295,44.1176470588235,33.3333333333333,1,NA,"Los Vilos","Los Vilos"
2021,"Concejales","08106","LOTA",0.812100597814884,51.0204081632653,83.3333333333333,1,NA,"Lota","Lota"
2021,"Concejales","09207","LUMACO",0.676767676767677,30.7692307692308,66.6666666666667,1,NA,"Lumaco","Lumaco"
2021,"Concejales","06108","MACHALI",0.742158426368953,47.3684210526316,66.6666666666667,1,NA,"Machalí","Machalí"
2021,"Concejales","13118","MACUL",0.627220480668757,53.448275862069,25,1,NA,"Macul","Macul"
2021,"Concejales","14105","MAFIL",0.61672278338945,29.6296296296296,50,1,NA,"Máfil","Máfil"
2021,"Concejales","13119","MAIPU",0.835627301047862,59.8130841121495,80,1,NA,"Maipú","Maipú"
2021,"Concejales","06109","MALLOA",0.51010101010101,30.7692307692308,16.6666666666667,1,NA,"Malloa","Malloa"
2021,"Concejales","06204","MARCHIHUE",0.383996212121212,31.25,16.6666666666667,1,0,"Marchihue","Marchihue"
2021,"Concejales","02302","MARIA ELENA",0.533976124885216,22.7272727272727,33.3333333333333,1,NA,"María Elena","María Elena"
2021,"Concejales","13504","MARIA PINTO",0.654761904761905,39.2857142857143,50,1,NA,"María Pinto","María Pinto"
2021,"Concejales","14106","MARIQUINA",0.523358585858586,36.1111111111111,66.6666666666667,1,0,"Mariquina","Mariquina"
2021,"Concejales","07105","MAULE",0.692577953447519,34.7826086956522,66.6666666666667,1,NA,"Maule","Maule"
2021,"Concejales","10108","MAULLIN",0.631313131313131,33.3333333333333,50,1,NA,"Maullín","Maullín"
2021,"Concejales","02102","MEJILLONES",0.522727272727273,50,50,1,0,"Mejillones","Mejillones"
2021,"Concejales","09110","MELIPEUCO",0.438131313131313,12.5,16.6666666666667,1,NA,"Melipeuco","Melipeuco"
2021,"Concejales","13501","MELIPILLA",0.816367904396073,59.1549295774648,75,1,NA,"Melipilla","Melipilla"
2021,"Concejales","07304","MOLINA",0.645586297760211,36.9565217391304,50,1,NA,"Molina","Molina"
2021,"Concejales","04303","MONTE PATRIA",0.489369501466276,38.7096774193548,50,1,0,"Monte Patria","Monte Patria"
2021,"Concejales","06110","MOSTAZAL",0.673333333333333,44,50,1,NA,"Mostazal","Mostazal"
2021,"Concejales","08305","MULCHEN",0.695340501792115,35.4838709677419,66.6666666666667,1,NA,"Mulchén","Mulchén"
2021,"Concejales","08306","NACIMIENTO",0.758431085043988,45.1612903225806,50,1,100,"Nacimiento","Nacimiento"
2021,"Concejales","06305","NANCAGUA",0.787284610814023,58.8235294117647,66.6666666666667,1,NA,"Nancagua","Nancagua"
2021,"Concejales","12401","NATALES",0.725907725907726,43.2432432432432,66.6666666666667,1,NA,"Natales","Natales"
2021,"Concejales","06205","NAVIDAD",0.706179441473559,38.2352941176471,66.6666666666667,1,NA,"Navidad","Navidad"
2021,"Concejales","08307","NEGRETE",0.752525252525252,50,66.6666666666667,1,NA,"Negrete","Negrete"
2021,"Concejales","16204","NINHUE",0.564339042599912,30.4347826086957,33.3333333333333,1,NA,"Ninhue","Ninhue"
2021,"Concejales","16303","NIQUEN",0.679063360881543,45.4545454545455,50,1,NA,"Ñiquén","Ñiquén"
2021,"Concejales","05506","NOGALES",0.603668261562998,26.3157894736842,50,1,NA,"Nogales","Nogales"
2021,"Concejales","09111","NUEVA IMPERIAL",0.599632690541781,39.3939393939394,33.3333333333333,1,NA,"Nueva Imperial","Nueva Imperial"
2021,"Concejales","13120","NUNOA",0.744372294372294,53.5714285714286,60,1,NA,"Ñuñoa","Ñuñoa"
2021,"Concejales","11302","OHIGGINS",0.71010101010101,53.3333333333333,50,1,NA,"O'Higgins","O'Higgins"
2021,"Concejales","06111","OLIVAR",0.622558922558923,31.1111111111111,50,1,NA,"Olivar","Olivar"
2021,"Concejales","02202","OLLAGUE",0.507070707070707,30,16.6666666666667,1,NA,"Ollagüe","Ollagüe"
2021,"Concejales","05803","OLMUE",0.748334407908876,48.936170212766,66.6666666666667,1,NA,"Olmué","Olmué"
2021,"Concejales","10301","OSORNO",0.685032139577594,46.969696969697,50,1,NA,"Osorno","Osorno"
2021,"Concejales","04301","OVALLE",0.767171717171717,46.6666666666667,75,1,NA,"Ovalle","Ovalle"
2021,"Concejales","13604","PADRE HURTADO",0.731791600212653,44.7368421052632,66.6666666666667,1,NA,"Padre Hurtado","Padre Hurtado"
2021,"Concejales","09112","PADRE LAS CASAS",0.735397452788757,45.6521739130435,66.6666666666667,1,NA,"Padre Las Casas","Padre Las Casas"
2021,"Concejales","04105","PAIGUANO",0.899449035812672,59.0909090909091,100,1,NA,"Paiguano","Paiguano"
2021,"Concejales","14107","PAILLACO",0.500459136822773,42.4242424242424,0,1,NA,"Paillaco","Paillaco"
2021,"Concejales","13404","PAINE",0.573370064279155,32.7272727272727,33.3333333333333,1,NA,"Paine","Paine"
2021,"Concejales","10404","PALENA",0.444128787878788,37.5,33.3333333333333,1,0,"Palena","Palena"
2021,"Concejales","06306","PALMILLA",0.582323232323232,35,33.3333333333333,1,NA,"Palmilla","Palmilla"
2021,"Concejales","14108","PANGUIPULLI",0.63903743315508,35.2941176470588,50,1,NA,"Panguipulli","Panguipulli"
2021,"Concejales","05704","PANQUEHUE",0.483434343434343,24,16.6666666666667,1,NA,"Panquehue","Panquehue"
2021,"Concejales","05403","PAPUDO",0.504188223700419,29.2682926829268,16.6666666666667,1,NA,"Papudo","Papudo"
2021,"Concejales","06206","PAREDONES",0.493181818181818,40,50,1,0,"Paredones","Paredones"
2021,"Concejales","07404","PARRAL",0.545454545454545,43.5897435897436,66.6666666666667,1,0,"Parral","Parral"
2021,"Concejales","13121","PEDRO AGUIRRE CERDA",0.784982174688057,61.7647058823529,62.5,1,NA,"Pedro Aguirre Cerda","Pedro Aguirre Cerda"
2021,"Concejales","07106","PELARCO",0.556998556998557,28.5714285714286,33.3333333333333,1,NA,"Pelarco","Pelarco"
2021,"Concejales","07203","PELLUHUE",0.649425287356322,37.9310344827586,50,1,NA,"Pelluhue","Pelluhue"
2021,"Concejales","16105","PEMUCO",0.607438016528926,27.2727272727273,50,1,NA,"Pemuco","Pemuco"
2021,"Concejales","13605","PENAFLOR",0.681818181818182,46.1538461538462,50,1,NA,"Peñaflor","Peñaflor"
2021,"Concejales","13122","PENALOLEN",0.754421768707483,56.1224489795918,60,1,NA,"Peñalolén","Peñalolén"
2021,"Concejales","07107","PENCAHUE",0.506645401382243,15.7894736842105,33.3333333333333,1,NA,"Pencahue","Pencahue"
2021,"Concejales","08107","PENCO",0.710743801652892,39.3939393939394,66.6666666666667,1,NA,"Penco","Penco"
2021,"Concejales","06307","PERALILLO",0.55050505050505,26.9230769230769,33.3333333333333,1,NA,"Peralillo","Peralillo"
2021,"Concejales","09113","PERQUENCO",0.613275613275613,42.8571428571429,33.3333333333333,1,NA,"Perquenco","Perquenco"
2021,"Concejales","05404","PETORCA",0.498900293255132,41.9354838709677,50,1,0,"Petorca","Petorca"
2021,"Concejales","06112","PEUMO",0.434343434343434,25.6410256410256,0,1,NA,"Peumo","Peumo"
2021,"Concejales","01405","PICA",0.61672278338945,29.6296296296296,50,1,NA,"Pica","Pica"
2021,"Concejales","06113","PICHIDEGUA",0.539533263671195,24.1379310344828,33.3333333333333,1,NA,"Pichidegua","Pichidegua"
2021,"Concejales","06201","PICHILEMU",0.416068580542265,42.1052631578947,16.6666666666667,1,0,"Pichilemu","Pichilemu"
2021,"Concejales","16106","PINTO",0.531986531986532,22.2222222222222,33.3333333333333,1,NA,"Pinto","Pinto"
2021,"Concejales","13202","PIRQUE",0.678210678210678,45.2380952380952,50,1,NA,"Pirque","Pirque"
2021,"Concejales","09114","PITRUFQUEN",0.716666666666667,55,50,1,NA,"Pitrufquén","Pitrufquén"
2021,"Concejales","06308","PLACILLA",0.542929292929293,25,33.3333333333333,1,NA,"Placilla","Placilla"
2021,"Concejales","16205","PORTEZUELO",0.372727272727273,10,0,1,NA,"Portezuelo","Portezuelo"
2021,"Concejales","12301","PORVENIR",0.7610891523935,52.1739130434783,66.6666666666667,1,NA,"Porvenir","Porvenir"
2021,"Concejales","01401","POZO ALMONTE",0.67379679144385,44.1176470588235,50,1,NA,"Pozo Almonte","Pozo Almonte"
2021,"Concejales","12302","PRIMAVERA",0.500721500721501,14.2857142857143,33.3333333333333,1,NA,"Primavera","Primavera"
2021,"Concejales","13123","PROVIDENCIA",0.827820372398686,57.8313253012048,80,1,NA,"Providencia","Providencia"
2021,"Concejales","05105","PUCHUNCAVI",0.595959595959596,38.4615384615385,33.3333333333333,1,NA,"Puchuncaví","Puchuncaví"
2021,"Concejales","09115","PUCON",0.686026936026936,47.2222222222222,50,1,NA,"Pucón","Pucón"
2021,"Concejales","13124","PUDAHUEL",0.749223946784922,46.3414634146341,70,1,NA,"Pudahuel","Pudahuel"
2021,"Concejales","13201","PUENTE ALTO",0.783838383838384,55.1282051282051,70,1,NA,"Puente Alto","Puente Alto"
2021,"Concejales","10101","PUERTO MONTT",0.61972920696325,57.4468085106383,80,1,0,"Puerto Montt","Puerto Montt"
2021,"Concejales","10302","PUERTO OCTAY",0.677812608847092,31.0344827586207,66.6666666666667,1,NA,"Puerto Octay","Puerto Octay"
2021,"Concejales","10109","PUERTO VARAS",0.643250688705234,36.3636363636364,50,1,NA,"Puerto Varas","Puerto Varas"
2021,"Concejales","06309","PUMANQUE",0.575757575757576,19.2307692307692,50,1,NA,"Pumanque","Pumanque"
2021,"Concejales","04304","PUNITAQUI",0.713131313131313,40,66.6666666666667,1,NA,"Punitaqui","Punitaqui"
2021,"Concejales","12101","PUNTA ARENAS",0.732282502443793,48.3870967741936,62.5,1,NA,"Punta Arenas","Punta Arenas"
2021,"Concejales","10206","PUQUELDON",0.92156862745098,64.7058823529412,100,1,NA,"Puqueldón","Puqueldón"
2021,"Concejales","09208","PUREN",0.757014590347924,37.037037037037,83.3333333333333,1,NA,"Purén","Purén"
2021,"Concejales","10303","PURRANQUE",0.713131313131313,40,66.6666666666667,1,NA,"Purranque","Purranque"
2021,"Concejales","05705","PUTAENDO",0.696969696969697,50,50,1,NA,"Putaendo","Putaendo"
2021,"Concejales","15201","PUTRE",0.507070707070707,30,16.6666666666667,1,NA,"Putre","Putre"
2021,"Concejales","10304","PUYEHUE",0.685383244206774,47.0588235294118,50,1,NA,"Puyehue","Puyehue"
2021,"Concejales","10207","QUEILEN",0.76526130873957,39.1304347826087,83.3333333333333,1,NA,"Queilén","Queilén"
2021,"Concejales","10208","QUELLON",0.953168044077135,72.7272727272727,100,1,NA,"Quellón","Quellón"
2021,"Concejales","10209","QUEMCHI",0.714920948616601,30.4347826086957,50,1,100,"Quemchi","Quemchi"
2021,"Concejales","08308","QUILACO",0.762626262626263,38.4615384615385,83.3333333333333,1,NA,"Quilaco","Quilaco"
2021,"Concejales","13125","QUILICURA",0.691498316498317,48.6111111111111,50,1,NA,"Quilicura","Quilicura"
2021,"Concejales","08309","QUILLECO",0.580808080808081,34.6153846153846,33.3333333333333,1,NA,"Quilleco","Quilleco"
2021,"Concejales","16107","QUILLON",0.767633228840125,48.2758620689655,50,1,100,"Quillón","Quillón"
2021,"Concejales","05501","QUILLOTA",0.817026194144838,59.3220338983051,75,1,NA,"Quillota","Quillota"
2021,"Concejales","05801","QUILPUE",0.740953654188948,50.5882352941176,62.5,1,NA,"Quilpué","Quilpué"
2021,"Concejales","10210","QUINCHAO",0.740938799762329,47.0588235294118,66.6666666666667,1,NA,"Quinchao","Quinchao"
2021,"Concejales","06114","QUINTA DE TILCOCO",0.654040404040404,25,66.6666666666667,1,NA,"Quinta de Tilcoco","Quinta de Tilcoco"
2021,"Concejales","13126","QUINTA NORMAL",0.693426197458455,59.6774193548387,37.5,1,NA,"Quinta Normal","Quinta Normal"
2021,"Concejales","05107","QUINTERO",0.444128787878788,37.5,33.3333333333333,1,0,"Quintero","Quintero"
2021,"Concejales","16201","QUIRIHUE",0.575757575757576,33.3333333333333,33.3333333333333,1,NA,"Quirihue","Quirihue"
2021,"Concejales","06101","RANCAGUA",0.690877850671665,48.4536082474227,50,1,NA,"Rancagua","Rancagua"
2021,"Concejales","16206","RANQUIL",0.451919191919192,16,16.6666666666667,1,NA,"Ranquil","Ranquil"
2021,"Concejales","07305","RAUCO",0.665200391006843,41.9354838709677,50,1,NA,"Rauco","Rauco"
2021,"Concejales","13127","RECOLETA",0.901854364540932,59.7014925373134,100,1,NA,"Recoleta","Recoleta"
2021,"Concejales","09209","RENAICO",0.567550505050505,31.25,33.3333333333333,1,NA,"Renaico","Renaico"
2021,"Concejales","13128","RENCA",0.798768939393939,54.6875,75,1,NA,"Renca","Renca"
2021,"Concejales","06115","RENGO",0.631313131313131,33.3333333333333,50,1,NA,"Rengo","Rengo"
2021,"Concejales","06116","REQUINOA",0.686602870813397,47.3684210526316,50,1,NA,"Requínoa","Requínoa"
2021,"Concejales","07405","RETIRO",0.637878787878788,35,50,1,NA,"Retiro","Retiro"
2021,"Concejales","05303","RINCONADA",0.575757575757576,33.3333333333333,33.3333333333333,1,NA,"Rinconada","Rinconada"
2021,"Concejales","14204","RIO BUENO",0.786195286195286,44.4444444444444,83.3333333333333,1,NA,"Río Bueno","Río Bueno"
2021,"Concejales","07108","RIO CLARO",0.822150072150072,53.5714285714286,83.3333333333333,1,NA,"Río Claro","Río Claro"
2021,"Concejales","04305","RIO HURTADO",0.593795093795094,23.8095238095238,50,1,NA,"Río Hurtado","Río Hurtado"
2021,"Concejales","11402","RIO IBANEZ",0.473304473304473,21.4285714285714,16.6666666666667,1,NA,"Río Ibáñez","Río Ibáñez"
2021,"Concejales","10305","RIO NEGRO",0.647382920110193,51.5151515151515,33.3333333333333,1,NA,"Río Negro","Río Negro"
2021,"Concejales","12103","RIO VERDE",0,0,0,0,NA,"Río Verde","Río Verde"
2021,"Concejales","07306","ROMERAL",0.805704099821747,47.0588235294118,66.6666666666667,1,100,"Romeral","Romeral"
2021,"Concejales","09116","SAAVEDRA",0.703703703703704,40.7407407407407,33.3333333333333,1,100,"Saavedra","Saavedra"
2021,"Concejales","07307","SAGRADA FAMILIA",0.553872053872054,27.7777777777778,33.3333333333333,1,NA,"Sagrada Familia","Sagrada Familia"
2021,"Concejales","04204","SALAMANCA",0.631313131313131,33.3333333333333,50,1,NA,"Salamanca","Salamanca"
2021,"Concejales","05601","SAN ANTONIO",0.733901515151515,59.375,50,1,NA,"San Antonio","San Antonio"
2021,"Concejales","13401","SAN BERNARDO",0.712461695607763,53.9325842696629,50,1,NA,"San Bernardo","San Bernardo"
2021,"Concejales","16301","SAN CARLOS",0.799873737373737,47.9166666666667,83.3333333333333,1,NA,"San Carlos","San Carlos"
2021,"Concejales","07109","SAN CLEMENTE",0.852457501847746,48.780487804878,83.3333333333333,1,100,"San Clemente","San Clemente"
2021,"Concejales","05304","SAN ESTEBAN",0.796494355317885,47.0588235294118,83.3333333333333,1,NA,"San Esteban","San Esteban"
2021,"Concejales","16304","SAN FABIAN",0.615864527629233,29.4117647058824,50,1,NA,"San Fabián","San Fabián"
2021,"Concejales","05701","SAN FELIPE",0.657575757575758,40,50,1,NA,"San Felipe","San Felipe"
2021,"Concejales","06301","SAN FERNANDO",0.823838383838384,54,83.3333333333333,1,NA,"San Fernando","San Fernando"
2021,"Concejales","12104","SAN GREGORIO",0.762626262626263,66.6666666666667,50,1,NA,"San Gregorio","San Gregorio"
2021,"Concejales","16108","SAN IGNACIO",0.626623376623377,32.1428571428571,50,1,NA,"San Ignacio","San Ignacio"
2021,"Concejales","07406","SAN JAVIER",0.687121212121212,47.5,50,1,NA,"San Javier","San Javier"
2021,"Concejales","13129","SAN JOAQUIN",0.796085858585859,64.5833333333333,62.5,1,NA,"San Joaquín","San Joaquín"
2021,"Concejales","13203","SAN JOSE DE MAIPO",0.800069662138628,62.0689655172414,66.6666666666667,1,NA,"San José de Maipo","San José de Maipo"
2021,"Concejales","10306","SAN JUAN DE LA COSTA",0.793290043290043,42.8571428571429,66.6666666666667,1,100,"San Juan de la Costa","San Juan de la Costa"
2021,"Concejales","13130","SAN MIGUEL",0.808441558441558,57.1428571428571,75,1,NA,"San Miguel","San Miguel"
2021,"Concejales","16305","SAN NICOLAS",0.599206349206349,39.2857142857143,33.3333333333333,1,NA,"San Nicolás","San Nicolás"
2021,"Concejales","10307","SAN PABLO",0.634768740031898,34.2105263157895,50,1,NA,"San Pablo","San Pablo"
2021,"Concejales","13505","SAN PEDRO",0.637878787878788,35,50,1,NA,"San Pedro","San Pedro"
2021,"Concejales","02203","SAN PEDRO DE ATACAMA",0.378787878787879,11.5384615384615,0,1,NA,"San Pedro de Atacama","San Pedro de Atacama"
2021,"Concejales","08108","SAN PEDRO DE LA PAZ",0.809983395599834,57.5342465753425,75,1,NA,"San Pedro de la Paz","San Pedro de la Paz"
2021,"Concejales","07110","SAN RAFAEL",0.542011019283747,42.4242424242424,66.6666666666667,1,0,"San Rafael","San Rafael"
2021,"Concejales","13131","SAN RAMON",0.812534435261708,58.1818181818182,75,1,NA,"San Ramón","San Ramón"
2021,"Concejales","08310","SAN ROSENDO",0.637022397891963,34.7826086956522,50,1,NA,"San Rosendo","San Rosendo"
2021,"Concejales","06117","SAN VICENTE",0.591026544514917,37.2093023255814,33.3333333333333,1,NA,"San Vicente","San Vicente"
2021,"Concejales","08311","SANTA BARBARA",0.601298701298701,25.7142857142857,50,1,NA,"Santa Bárbara","Santa Bárbara"
2021,"Concejales","06310","SANTA CRUZ",0.808080808080808,50,83.3333333333333,1,NA,"Santa Cruz","Santa Cruz"
2021,"Concejales","08109","SANTA JUANA",0.594545454545454,32,50,1,50,"Santa Juana","Santa Juana"
2021,"Concejales","05706","SANTA MARIA",0.695340501792115,35.4838709677419,66.6666666666667,1,NA,"Santa María","Santa María"
2021,"Concejales","13101","SANTIAGO",0.856916996047431,65.2173913043478,80,1,NA,"Santiago","Santiago"
2021,"Concejales","05606","SANTO DOMINGO",0.673333333333333,44,50,1,NA,"Santo Domingo","Santo Domingo"
2021,"Concejales","02103","SIERRA GORDA",0.83270202020202,56.25,83.3333333333333,1,NA,"Sierra Gorda","Sierra Gorda"
2021,"Concejales","13601","TALAGANTE",0.67687074829932,44.8979591836735,50,1,NA,"Talagante","Talagante"
2021,"Concejales","07101","TALCA",0.758441558441558,57.1428571428571,60,1,NA,"Talca","Talca"
2021,"Concejales","08110","TALCAHUANO",0.726515151515152,57.5,50,1,NA,"Talcahuano","Talcahuano"
2021,"Concejales","02104","TALTAL",0.613275613275613,42.8571428571429,33.3333333333333,1,NA,"Taltal","Taltal"
2021,"Concejales","09101","TEMUCO",0.694805194805195,49.4505494505495,50,1,NA,"Temuco","Temuco"
2021,"Concejales","07308","TENO",0.497561825148032,27.5862068965517,16.6666666666667,1,NA,"Teno","Teno"
2021,"Concejales","09117","TEODORO SCHMIDT",0.8502886002886,60.7142857142857,83.3333333333333,1,NA,"Teodoro Schmidt","Teodoro Schmidt"
2021,"Concejales","03103","TIERRA AMARILLA",0.863636363636364,50,100,1,NA,"Tierra Amarilla","Tierra Amarilla"
2021,"Concejales","13303","TILTIL",0.696969696969697,50,50,1,NA,"Tiltil","Tiltil"
2021,"Concejales","12303","TIMAUKEL",0.382575757575758,12.5,0,1,NA,"Timaukel","Timaukel"
2021,"Concejales","08207","TIRUA",0.40495867768595,18.1818181818182,0,1,NA,"Tirúa","Tirúa"
2021,"Concejales","02301","TOCOPILLA",0.783057851239669,39.3939393939394,66.6666666666667,1,100,"Tocopilla","Tocopilla"
2021,"Concejales","09118","TOLTEN",0.619528619528619,44.4444444444444,33.3333333333333,1,NA,"Toltén","Toltén"
2021,"Concejales","08111","TOME",0.643250688705234,36.3636363636364,50,1,NA,"Tomé","Tomé"
2021,"Concejales","12402","TORRES DEL PAINE",0.516069788797061,18.1818181818182,33.3333333333333,1,NA,"Torres del Paine","Torres del Paine"
2021,"Concejales","11303","TORTEL",0.506645401382243,15.7894736842105,33.3333333333333,1,NA,"Tortel","Tortel"
2021,"Concejales","09210","TRAIGUEN",0.475723140495868,34.0909090909091,50,1,0,"Traiguén","Traiguén"
2021,"Concejales","16207","TREGUACO",0.369146005509642,9.09090909090909,0,1,NA,"Treguaco","Treguaco"
2021,"Concejales","08312","TUCAPEL",0.778787878787879,56.6666666666667,66.6666666666667,1,NA,"Tucapel","Tucapel"
2021,"Concejales","14101","VALDIVIA",0.785774410774411,51.3888888888889,75,1,NA,"Valdivia","Valdivia"
2021,"Concejales","03301","VALLENAR",0.645586297760211,36.9565217391304,50,1,NA,"Vallenar","Vallenar"
2021,"Concejales","05101","VALPARAISO",0.671212121212121,51.9230769230769,40,1,NA,"Valparaíso","Valparaíso"
2021,"Concejales","07309","VICHUQUEN",0.590347923681257,37.037037037037,33.3333333333333,1,NA,"Vichuquén","Vichuquén"
2021,"Concejales","09211","VICTORIA",0.654150197628458,39.1304347826087,50,1,NA,"Victoria","Victoria"
2021,"Concejales","04106","VICUNA",0.631047315257842,47.3684210526316,33.3333333333333,1,NA,"Vicuña","Vicuña"
2021,"Concejales","09119","VILCUN",0.647727272727273,37.5,50,1,NA,"Vilcún","Vilcún"
2021,"Concejales","07407","VILLA ALEGRE",0.757954545454545,45,50,1,100,"Villa Alegre","Villa Alegre"
2021,"Concejales","05804","VILLA ALEMANA",0.673333333333333,44,50,1,NA,"Villa Alemana","Villa Alemana"
2021,"Concejales","09120","VILLARRICA",0.69186765615337,36.734693877551,33.3333333333333,1,100,"Villarrica","Villarrica"
2021,"Concejales","05109","VINA DEL MAR",0.728390703147985,49.5145631067961,60,1,NA,"Viña del Mar","Viña del Mar"
2021,"Concejales","13132","VITACURA",0.817592592592593,48.8888888888889,87.5,1,NA,"Vitacura","Vitacura"
2021,"Concejales","07408","YERBAS BUENAS",0.737373737373737,46.1538461538462,66.6666666666667,1,NA,"Yerbas Buenas","Yerbas Buenas"
2021,"Concejales","08313","YUMBEL",0.734663710273466,51.219512195122,33.3333333333333,1,100,"Yumbel","Yumbel"
2021,"Concejales","16109","YUNGAY",0.515966112740306,32.258064516129,16.6666666666667,1,NA,"Yungay","Yungay"
2021,"Concejales","05405","ZAPALLAR",0.624401913875598,31.5789473684211,50,1,NA,"Zapallar","Zapallar"
2024,"Alcaldes","05602","ALGARROBO",0.714285714285714,14.2857142857143,100,1,NA,"Algarrobo","Algarrobo"
2024,"Alcaldes","13502","ALHUE",0.416666666666667,25,0,1,NA,"Alhué","Alhué"
2024,"Alcaldes","08314","ALTO BIOBIO",0,0,0,0,NA,"Alto Biobío","Alto Biobío"
2024,"Alcaldes","03302","ALTO DEL CARMEN",0.8,40,100,1,NA,"Alto del Carmen","Alto del Carmen"
2024,"Alcaldes","01107","ALTO HOSPICIO",0.6875,75,100,1,0,"Alto Hospicio","Alto Hospicio"
2024,"Alcaldes","10202","ANCUD",0.5,50,0,1,NA,"Ancud","Ancud"
2024,"Alcaldes","04103","ANDACOLLO",0.785714285714286,14.2857142857143,100,1,100,"Andacollo","Andacollo"
2024,"Alcaldes","09201","ANGOL",0.428571428571429,28.5714285714286,0,1,NA,"Angol","Angol"
2024,"Alcaldes","02101","ANTOFAGASTA",0.851851851851852,55.5555555555556,100,1,NA,"Antofagasta","Antofagasta"
2024,"Alcaldes","08302","ANTUCO",0.466666666666667,40,0,1,NA,"Antuco","Antuco"
2024,"Alcaldes","08202","ARAUCO",0.416666666666667,25,0,1,NA,"Arauco","Arauco"
2024,"Alcaldes","15101","ARICA",0.466666666666667,40,0,1,NA,"Arica","Arica"
2024,"Alcaldes","11201","AYSEN",0.777777777777778,33.3333333333333,100,1,NA,"Aisén","Aisén"
2024,"Alcaldes","13402","BUIN",1,100,100,1,NA,"Buin","Buin"
2024,"Alcaldes","16102","BULNES",0.416666666666667,25,0,1,NA,"Bulnes","Bulnes"
2024,"Alcaldes","05402","CABILDO",0.4,20,0,1,NA,"Cabildo","Cabildo"
2024,"Alcaldes","12201","CABO DE HORNOS",0.888888888888889,66.6666666666667,100,1,NA,"Cabo de Hornos","Cabo de Hornos"
2024,"Alcaldes","08303","CABRERO",0.444444444444444,33.3333333333333,0,1,NA,"Cabrero","Cabrero"
2024,"Alcaldes","02201","CALAMA",0.888888888888889,66.6666666666667,100,1,NA,"Calama","Calama"
2024,"Alcaldes","10102","CALBUCO",0.5,50,0,1,NA,"Calbuco","Calbuco"
2024,"Alcaldes","03102","CALDERA",0.916666666666667,75,100,1,NA,"Caldera","Caldera"
2024,"Alcaldes","05502","CALERA",0,0,0,0,NA,"Calera","Calera"
2024,"Alcaldes","13403","CALERA DE TANGO",0.777777777777778,33.3333333333333,100,1,NA,"Calera de Tango","Calera de Tango"
2024,"Alcaldes","05302","CALLE LARGA",0.75,25,100,1,NA,"Calle Larga","Calle Larga"
2024,"Alcaldes","15102","CAMARONES",1,100,100,1,NA,"Camarones","Camarones"
2024,"Alcaldes","01402","CAMINA",0.444444444444444,33.3333333333333,0,1,NA,"Camiña","Camiña"
2024,"Alcaldes","04202","CANELA",0.416666666666667,25,0,1,NA,"Canela","Canela"
2024,"Alcaldes","08203","CANETE",0.833333333333333,50,100,1,NA,"Cañete","Cañete"
2024,"Alcaldes","09102","CARAHUE",0.444444444444444,33.3333333333333,0,1,NA,"Carahue","Carahue"
2024,"Alcaldes","05603","CARTAGENA",0.5,50,0,1,NA,"Cartagena","Cartagena"
2024,"Alcaldes","05102","CASABLANCA",0.9,60,100,1,100,"Casablanca","Casablanca"
2024,"Alcaldes","10201","CASTRO",0.777777777777778,33.3333333333333,100,1,NA,"Castro","Castro"
2024,"Alcaldes","05702","CATEMU",0,0,0,0,NA,"Catemu","Catemu"
2024,"Alcaldes","07201","CAUQUENES",0.416666666666667,25,0,1,NA,"Cauquenes","Cauquenes"
2024,"Alcaldes","13102","CERRILLOS",0.444444444444444,33.3333333333333,0,1,NA,"Cerrillos","Cerrillos"
2024,"Alcaldes","13103","CERRO NAVIA",0.5,50,0,1,NA,"Cerro Navia","Cerro Navia"
2024,"Alcaldes","10401","CHAITEN",0,0,0,0,NA,"Chaitén","Chaitén"
2024,"Alcaldes","03201","CHANARAL",0.761904761904762,28.5714285714286,100,1,NA,"Chañaral","Chañaral"
2024,"Alcaldes","07202","CHANCO",0.833333333333333,50,100,1,NA,"Chanco","Chanco"
2024,"Alcaldes","06302","CHEPICA",0.888888888888889,66.6666666666667,100,1,NA,"Chépica","Chépica"
2024,"Alcaldes","08103","CHIGUAYANTE",0.5,50,0,1,NA,"Chiguayante","Chiguayante"
2024,"Alcaldes","11401","CHILE CHICO",0.416666666666667,25,0,1,NA,"Chile Chico","Chile Chico"
2024,"Alcaldes","16101","CHILLAN",0.8,40,100,1,NA,"Chillán","Chillán"
2024,"Alcaldes","16103","CHILLAN VIEJO",0.444444444444444,33.3333333333333,0,1,NA,"Chillán Viejo","Chillán Viejo"
2024,"Alcaldes","06303","CHIMBARONGO",0,0,0,0,NA,"Chimbarongo","Chimbarongo"
2024,"Alcaldes","09121","CHOLCHOL",0,0,0,0,NA,"Cholchol","Cholchol"
2024,"Alcaldes","10203","CHONCHI",0.888888888888889,66.6666666666667,100,1,NA,"Chonchi","Chonchi"
2024,"Alcaldes","11202","CISNES",0.833333333333333,50,100,1,NA,"Cisnes","Cisnes"
2024,"Alcaldes","16202","COBQUECURA",0.444444444444444,33.3333333333333,0,1,NA,"Cobquecura","Cobquecura"
2024,"Alcaldes","10103","COCHAMO",0.4,20,0,1,NA,"Cochamó","Cochamó"
2024,"Alcaldes","11301","COCHRANE",1,100,100,1,100,"Cochrane","Cochrane"
2024,"Alcaldes","06102","CODEGUA",0.3,20,0,1,0,"Codegua","Codegua"
2024,"Alcaldes","16203","COELEMU",0.444444444444444,33.3333333333333,0,1,NA,"Coelemu","Coelemu"
2024,"Alcaldes","11101","COIHAIQUE",0.866666666666667,60,100,1,NA,"Coihaique","Coihaique"
2024,"Alcaldes","16302","COIHUECO",0.428571428571429,28.5714285714286,0,1,NA,"Coihueco","Coihueco"
2024,"Alcaldes","06103","COINCO",0.444444444444444,33.3333333333333,0,1,NA,"Coinco","Coinco"
2024,"Alcaldes","07402","COLBUN",0.4,20,0,1,NA,"Colbún","Colbún"
2024,"Alcaldes","01403","COLCHANE",0.466666666666667,40,0,1,NA,"Colchane","Colchane"
2024,"Alcaldes","13301","COLINA",0.888888888888889,66.6666666666667,100,1,NA,"Colina","Colina"
2024,"Alcaldes","09202","COLLIPULLI",0.703703703703704,11.1111111111111,100,1,NA,"Collipulli","Collipulli"
2024,"Alcaldes","06104","COLTAUCO",0.777777777777778,33.3333333333333,100,1,NA,"Coltauco","Coltauco"
2024,"Alcaldes","04302","COMBARBALA",0,0,0,0,NA,"Combarbalá","Combarbalá"
2024,"Alcaldes","08101","CONCEPCION",0.833333333333333,50,100,1,NA,"Concepción","Concepción"
2024,"Alcaldes","13104","CONCHALI",0.5,50,0,1,NA,"Conchalí","Conchalí"
2024,"Alcaldes","05103","CONCON",0.4,20,0,1,NA,"Concón","Concón"
2024,"Alcaldes","07102","CONSTITUCION",0.388888888888889,16.6666666666667,0,1,NA,"Constitución","Constitución"
2024,"Alcaldes","08204","CONTULMO",0.444444444444444,33.3333333333333,0,1,NA,"Contulmo","Contulmo"
2024,"Alcaldes","03101","COPIAPO",0.523809523809524,57.1428571428571,0,1,NA,"Copiapó","Copiapó"
2024,"Alcaldes","04102","COQUIMBO",0.380952380952381,14.2857142857143,0,1,NA,"Coquimbo","Coquimbo"
2024,"Alcaldes","08102","CORONEL",0.866666666666667,60,100,1,NA,"Coronel","Coronel"
2024,"Alcaldes","14102","CORRAL",0.833333333333333,50,100,1,NA,"Corral","Corral"
2024,"Alcaldes","09103","CUNCO",0.466666666666667,40,0,1,NA,"Cunco","Cunco"
2024,"Alcaldes","09203","CURACAUTIN",0.444444444444444,33.3333333333333,0,1,NA,"Curacautín","Curacautín"
2024,"Alcaldes","13503","CURACAVI",0.416666666666667,25,0,1,NA,"Curacaví","Curacaví"
2024,"Alcaldes","10204","CURACO DE VELEZ",0,0,0,0,NA,"Curaco de Vélez","Curaco de Vélez"
2024,"Alcaldes","08205","CURANILAHUE",0,0,0,0,NA,"Curanilahue","Curanilahue"
2024,"Alcaldes","09104","CURARREHUE",0.4,20,0,1,NA,"Curarrehue","Curarrehue"
2024,"Alcaldes","07103","CUREPTO",0,0,0,0,NA,"Curepto","Curepto"
2024,"Alcaldes","07301","CURICO",0.388888888888889,16.6666666666667,0,1,NA,"Curicó","Curicó"
2024,"Alcaldes","10205","DALCAHUE",0,0,0,0,NA,"Dalcahue","Dalcahue"
2024,"Alcaldes","03202","DIEGO DE ALMAGRO",0.8,40,100,1,NA,"Diego de Almagro","Diego de Almagro"
2024,"Alcaldes","06105","DONIHUE",0.380952380952381,14.2857142857143,0,1,NA,"Doñihue","Doñihue"
2024,"Alcaldes","13105","EL BOSQUE",0.888888888888889,66.6666666666667,100,1,NA,"El Bosque","El Bosque"
2024,"Alcaldes","16104","EL CARMEN",0.75,25,100,1,NA,"El Carmen","El Carmen"
2024,"Alcaldes","13602","EL MONTE",0,0,0,0,NA,"El Monte","El Monte"
2024,"Alcaldes","05604","EL QUISCO",0.3125,25,0,1,0,"El Quisco","El Quisco"
2024,"Alcaldes","05605","EL TABO",0.722222222222222,16.6666666666667,100,1,NA,"El Tabo","El Tabo"
2024,"Alcaldes","07104","EMPEDRADO",0,0,0,0,NA,"Empedrado","Empedrado"
2024,"Alcaldes","09204","ERCILLA",0.333333333333333,33.3333333333333,0,1,0,"Ercilla","Ercilla"
2024,"Alcaldes","13106","ESTACION CENTRAL",0.416666666666667,25,0,1,NA,"Estación Central","Estación Central"
2024,"Alcaldes","08104","FLORIDA",0.740740740740741,22.2222222222222,100,1,NA,"Florida","Florida"
2024,"Alcaldes","09105","FREIRE",0.388888888888889,16.6666666666667,0,1,NA,"Freire","Freire"
2024,"Alcaldes","03303","FREIRINA",0.380952380952381,14.2857142857143,0,1,NA,"Freirina","Freirina"
2024,"Alcaldes","10104","FRESIA",0.833333333333333,50,100,1,NA,"Fresia","Fresia"
2024,"Alcaldes","10105","FRUTILLAR",0.444444444444444,33.3333333333333,0,1,NA,"Frutillar","Frutillar"
2024,"Alcaldes","10402","FUTALEUFU",0.444444444444444,33.3333333333333,0,1,NA,"Futaleufú","Futaleufú"
2024,"Alcaldes","14202","FUTRONO",1,100,100,1,NA,"Futrono","Futrono"
2024,"Alcaldes","09106","GALVARINO",0.75,25,100,1,NA,"Galvarino","Galvarino"
2024,"Alcaldes","15202","GENERAL LAGOS",0.791666666666667,37.5,100,1,NA,"General Lagos","General Lagos"
2024,"Alcaldes","09107","GORBEA",0.777777777777778,33.3333333333333,100,1,NA,"Gorbea","Gorbea"
2024,"Alcaldes","06106","GRANEROS",0,0,0,0,NA,"Graneros","Graneros"
2024,"Alcaldes","11203","GUAITECAS",0.777777777777778,33.3333333333333,100,1,NA,"Guaitecas","Guaitecas"
2024,"Alcaldes","05503","HIJUELAS",0,0,0,0,NA,"Hijuelas","Hijuelas"
2024,"Alcaldes","10403","HUALAIHUE",0.5,50,0,1,NA,"Hualaihué","Hualaihué"
2024,"Alcaldes","07302","HUALANE",0.777777777777778,33.3333333333333,100,1,NA,"Hualañé","Hualañé"
2024,"Alcaldes","08112","HUALPEN",0.888888888888889,66.6666666666667,100,1,NA,"Hualpén","Hualpén"
2024,"Alcaldes","08105","HUALQUI",0,0,0,0,NA,"Hualqui","Hualqui"
2024,"Alcaldes","01404","HUARA",0.777777777777778,33.3333333333333,100,1,NA,"Huara","Huara"
2024,"Alcaldes","03304","HUASCO",0.388888888888889,16.6666666666667,0,1,NA,"Huasco","Huasco"
2024,"Alcaldes","13107","HUECHURABA",0.444444444444444,33.3333333333333,0,1,NA,"Huechuraba","Huechuraba"
2024,"Alcaldes","04201","ILLAPEL",0.833333333333333,50,100,1,NA,"Illapel","Illapel"
2024,"Alcaldes","13108","INDEPENDENCIA",0.466666666666667,40,0,1,NA,"Independencia","Independencia"
2024,"Alcaldes","01101","IQUIQUE",0.416666666666667,25,0,1,NA,"Iquique","Iquique"
2024,"Alcaldes","13603","ISLA DE MAIPO",0,0,0,0,NA,"Isla de Maipo","Isla de Maipo"
2024,"Alcaldes","05201","ISLA DE PASCUA",0.416666666666667,25,0,1,NA,"Isla de Pascua","Isla de Pascua"
2024,"Alcaldes","05104","JUAN FERNANDEZ",0.5,50,0,1,NA,"Juan Fernández","Juan Fernández"
2024,"Alcaldes","13109","LA CISTERNA",0.8,40,100,1,NA,"La Cisterna","La Cisterna"
2024,"Alcaldes","05504","LA CRUZ",0.625,50,100,1,0,"La Cruz","La Cruz"
2024,"Alcaldes","06202","LA ESTRELLA",0,0,0,0,NA,"La Estrella","La Estrella"
2024,"Alcaldes","13110","LA FLORIDA",0.533333333333333,60,0,1,NA,"La Florida","La Florida"
2024,"Alcaldes","13111","LA GRANJA",0.388888888888889,16.6666666666667,0,1,NA,"La Granja","La Granja"
2024,"Alcaldes","04104","LA HIGUERA",0.833333333333333,50,100,1,NA,"La Higuera","La Higuera"
2024,"Alcaldes","05401","LA LIGUA",0.416666666666667,25,0,1,NA,"La Ligua","La Ligua"
2024,"Alcaldes","13112","LA PINTANA",0.8,40,100,1,NA,"La Pintana","La Pintana"
2024,"Alcaldes","13113","LA REINA",1,100,100,1,NA,"La Reina","La Reina"
2024,"Alcaldes","04101","LA SERENA",0.757575757575757,27.2727272727273,100,1,NA,"La Serena","La Serena"
2024,"Alcaldes","14201","LA UNION",0.458333333333333,37.5,0,1,NA,"La Unión","La Unión"
2024,"Alcaldes","14203","LAGO RANCO",1,100,100,1,NA,"Lago Ranco","Lago Ranco"
2024,"Alcaldes","11102","LAGO VERDE",0.416666666666667,25,0,1,NA,"Lago Verde","Lago Verde"
2024,"Alcaldes","12102","LAGUNA BLANCA",0.777777777777778,33.3333333333333,100,1,NA,"Laguna Blanca","Laguna Blanca"
2024,"Alcaldes","08304","LAJA",0.777777777777778,33.3333333333333,100,1,NA,"Laja","Laja"
2024,"Alcaldes","13302","LAMPA",0,0,0,0,NA,"Lampa","Lampa"
2024,"Alcaldes","14103","LANCO",0.888888888888889,66.6666666666667,100,1,NA,"Lanco","Lanco"
2024,"Alcaldes","06107","LAS CABRAS",0.761904761904762,28.5714285714286,100,1,NA,"Las Cabras","Las Cabras"
2024,"Alcaldes","13114","LAS CONDES",0.5,50,0,1,NA,"Las Condes","Las Condes"
2024,"Alcaldes","09108","LAUTARO",0.833333333333333,50,100,1,NA,"Lautaro","Lautaro"
2024,"Alcaldes","08201","LEBU",0.444444444444444,33.3333333333333,0,1,NA,"Lebu","Lebu"
2024,"Alcaldes","07303","LICANTEN",0.5,50,0,1,NA,"Licantén","Licantén"
2024,"Alcaldes","05802","LIMACHE",0.388888888888889,16.6666666666667,0,1,NA,"Limache","Limache"
2024,"Alcaldes","07401","LINARES",0.8,40,100,1,NA,"Linares","Linares"
2024,"Alcaldes","06203","LITUECHE",0,0,0,0,NA,"Litueche","Litueche"
2024,"Alcaldes","05703","LLAILLAY",0.777777777777778,33.3333333333333,100,1,NA,"Llaillay","Llaillay"
2024,"Alcaldes","10107","LLANQUIHUE",0.866666666666667,60,100,1,NA,"Llanquihue","Llanquihue"
2024,"Alcaldes","13115","LO BARNECHEA",0.8,40,100,1,NA,"Lo Barnechea","Lo Barnechea"
2024,"Alcaldes","13116","LO ESPEJO",0.733333333333333,20,100,1,NA,"Lo Espejo","Lo Espejo"
2024,"Alcaldes","13117","LO PRADO",0.75,25,100,1,NA,"Lo Prado","Lo Prado"
2024,"Alcaldes","06304","LOLOL",0.444444444444444,33.3333333333333,0,1,NA,"Lolol","Lolol"
2024,"Alcaldes","09109","LONCOCHE",0.333333333333333,33.3333333333333,0,1,0,"Loncoche","Loncoche"
2024,"Alcaldes","07403","LONGAVI",0,0,0,0,NA,"Longaví","Longaví"
2024,"Alcaldes","09205","LONQUIMAY",0,0,0,0,NA,"Lonquimay","Lonquimay"
2024,"Alcaldes","08206","LOS ALAMOS",0,0,0,0,NA,"Los Alamos","Los Alamos"
2024,"Alcaldes","05301","LOS ANDES",0.866666666666667,60,100,1,NA,"Los Andes","Los Andes"
2024,"Alcaldes","08301","LOS ANGELES",0.888888888888889,66.6666666666667,100,1,NA,"Los Angeles","Los Angeles"
2024,"Alcaldes","14104","LOS LAGOS",0.444444444444444,33.3333333333333,0,1,NA,"Los Lagos","Los Lagos"
2024,"Alcaldes","10106","LOS MUERMOS",0.875,50,100,1,100,"Los Muermos","Los Muermos"
2024,"Alcaldes","09206","LOS SAUCES",0.444444444444444,33.3333333333333,0,1,NA,"Los Sauces","Los Sauces"
2024,"Alcaldes","04203","LOS VILOS",0.777777777777778,33.3333333333333,100,1,NA,"Los Vilos","Los Vilos"
2024,"Alcaldes","08106","LOTA",0.388888888888889,16.6666666666667,0,1,NA,"Lota","Lota"
2024,"Alcaldes","09207","LUMACO",0,0,0,0,NA,"Lumaco","Lumaco"
2024,"Alcaldes","06108","MACHALI",0,0,0,0,NA,"Machalí","Machalí"
2024,"Alcaldes","13118","MACUL",0.833333333333333,50,100,1,NA,"Macul","Macul"
2024,"Alcaldes","14105","MAFIL",0.466666666666667,40,0,1,NA,"Máfil","Máfil"
2024,"Alcaldes","13119","MAIPU",0.777777777777778,33.3333333333333,100,1,NA,"Maipú","Maipú"
2024,"Alcaldes","06109","MALLOA",0,0,0,0,NA,"Malloa","Malloa"
2024,"Alcaldes","06204","MARCHIHUE",0,0,0,0,NA,"Marchihue","Marchihue"
2024,"Alcaldes","02302","MARIA ELENA",0,0,0,0,NA,"María Elena","María Elena"
2024,"Alcaldes","13504","MARIA PINTO",0.833333333333333,50,100,1,NA,"María Pinto","María Pinto"
2024,"Alcaldes","14106","MARIQUINA",0,0,0,0,NA,"Mariquina","Mariquina"
2024,"Alcaldes","07105","MAULE",0.8,40,100,1,NA,"Maule","Maule"
2024,"Alcaldes","10108","MAULLIN",0.333333333333333,33.3333333333333,0,1,0,"Maullín","Maullín"
2024,"Alcaldes","02102","MEJILLONES",0.888888888888889,66.6666666666667,100,1,NA,"Mejillones","Mejillones"
2024,"Alcaldes","09110","MELIPEUCO",0.416666666666667,25,0,1,NA,"Melipeuco","Melipeuco"
2024,"Alcaldes","13501","MELIPILLA",0.857142857142857,57.1428571428571,100,1,NA,"Melipilla","Melipilla"
2024,"Alcaldes","07304","MOLINA",0.388888888888889,16.6666666666667,0,1,NA,"Molina","Molina"
2024,"Alcaldes","04303","MONTE PATRIA",0.416666666666667,25,0,1,NA,"Monte Patria","Monte Patria"
2024,"Alcaldes","06110","MOSTAZAL",0.3125,25,0,1,0,"Mostazal","Mostazal"
2024,"Alcaldes","08305","MULCHEN",0.904761904761905,71.4285714285714,100,1,NA,"Mulchén","Mulchén"
2024,"Alcaldes","08306","NACIMIENTO",0.833333333333333,50,100,1,NA,"Nacimiento","Nacimiento"
2024,"Alcaldes","06305","NANCAGUA",0.380952380952381,14.2857142857143,0,1,NA,"Nancagua","Nancagua"
2024,"Alcaldes","12401","NATALES",0.5,50,0,1,NA,"Natales","Natales"
2024,"Alcaldes","06205","NAVIDAD",0,0,0,0,NA,"Navidad","Navidad"
2024,"Alcaldes","08307","NEGRETE",0.833333333333333,50,100,1,NA,"Negrete","Negrete"
2024,"Alcaldes","16204","NINHUE",0.5,50,0,1,NA,"Ninhue","Ninhue"
2024,"Alcaldes","16303","NIQUEN",0.4,20,0,1,NA,"Ñiquén","Ñiquén"
2024,"Alcaldes","05506","NOGALES",0.380952380952381,14.2857142857143,0,1,NA,"Nogales","Nogales"
2024,"Alcaldes","09111","NUEVA IMPERIAL",0.833333333333333,50,100,1,NA,"Nueva Imperial","Nueva Imperial"
2024,"Alcaldes","13120","NUNOA",0.416666666666667,25,0,1,NA,"Ñuñoa","Ñuñoa"
2024,"Alcaldes","11302","OHIGGINS",0.733333333333333,20,100,1,NA,"O'Higgins","O'Higgins"
2024,"Alcaldes","06111","OLIVAR",0,0,0,0,NA,"Olivar","Olivar"
2024,"Alcaldes","02202","OLLAGUE",0,0,0,0,NA,"Ollagüe","Ollagüe"
2024,"Alcaldes","05803","OLMUE",0.4,20,0,1,NA,"Olmué","Olmué"
2024,"Alcaldes","10301","OSORNO",0.5,50,0,1,NA,"Osorno","Osorno"
2024,"Alcaldes","04301","OVALLE",0.428571428571429,28.5714285714286,0,1,NA,"Ovalle","Ovalle"
2024,"Alcaldes","13604","PADRE HURTADO",0.666666666666667,66.6666666666667,100,1,0,"Padre Hurtado","Padre Hurtado"
2024,"Alcaldes","09112","PADRE LAS CASAS",0.4,20,0,1,NA,"Padre Las Casas","Padre Las Casas"
2024,"Alcaldes","04105","PAIGUANO",0.833333333333333,50,100,1,NA,"Paiguano","Paiguano"
2024,"Alcaldes","14107","PAILLACO",0.444444444444444,33.3333333333333,0,1,NA,"Paillaco","Paillaco"
2024,"Alcaldes","13404","PAINE",0.833333333333333,50,100,1,NA,"Paine","Paine"
2024,"Alcaldes","10404","PALENA",0.833333333333333,50,100,1,NA,"Palena","Palena"
2024,"Alcaldes","06306","PALMILLA",0.444444444444444,33.3333333333333,0,1,NA,"Palmilla","Palmilla"
2024,"Alcaldes","14108","PANGUIPULLI",0.733333333333333,20,100,1,NA,"Panguipulli","Panguipulli"
2024,"Alcaldes","05704","PANQUEHUE",0,0,0,0,NA,"Panquehue","Panquehue"
2024,"Alcaldes","05403","PAPUDO",0.833333333333333,50,100,1,NA,"Papudo","Papudo"
2024,"Alcaldes","06206","PAREDONES",0.714285714285714,14.2857142857143,100,1,NA,"Paredones","Paredones"
2024,"Alcaldes","07404","PARRAL",0,0,0,0,NA,"Parral","Parral"
2024,"Alcaldes","13121","PEDRO AGUIRRE CERDA",0.416666666666667,25,0,1,NA,"Pedro Aguirre Cerda","Pedro Aguirre Cerda"
2024,"Alcaldes","07106","PELARCO",0.4,20,0,1,NA,"Pelarco","Pelarco"
2024,"Alcaldes","07203","PELLUHUE",0,0,0,0,NA,"Pelluhue","Pelluhue"
2024,"Alcaldes","16105","PEMUCO",0.444444444444444,33.3333333333333,0,1,NA,"Pemuco","Pemuco"
2024,"Alcaldes","13605","PENAFLOR",0.777777777777778,33.3333333333333,100,1,NA,"Peñaflor","Peñaflor"
2024,"Alcaldes","13122","PENALOLEN",0.833333333333333,50,100,1,NA,"Peñalolén","Peñalolén"
2024,"Alcaldes","07107","PENCAHUE",0,0,0,0,NA,"Pencahue","Pencahue"
2024,"Alcaldes","08107","PENCO",0.444444444444444,33.3333333333333,0,1,NA,"Penco","Penco"
2024,"Alcaldes","06307","PERALILLO",0.8,40,100,1,NA,"Peralillo","Peralillo"
2024,"Alcaldes","09113","PERQUENCO",0.777777777777778,33.3333333333333,100,1,NA,"Perquenco","Perquenco"
2024,"Alcaldes","05404","PETORCA",0,0,0,0,NA,"Petorca","Petorca"
2024,"Alcaldes","06112","PEUMO",0,0,0,0,NA,"Peumo","Peumo"
2024,"Alcaldes","01405","PICA",0,0,0,0,NA,"Pica","Pica"
2024,"Alcaldes","06113","PICHIDEGUA",0.4,20,0,1,NA,"Pichidegua","Pichidegua"
2024,"Alcaldes","06201","PICHILEMU",0.416666666666667,25,0,1,NA,"Pichilemu","Pichilemu"
2024,"Alcaldes","16106","PINTO",0.444444444444444,33.3333333333333,0,1,NA,"Pinto","Pinto"
2024,"Alcaldes","13202","PIRQUE",0,0,0,0,NA,"Pirque","Pirque"
2024,"Alcaldes","09114","PITRUFQUEN",0.833333333333333,50,100,1,NA,"Pitrufquén","Pitrufquén"
2024,"Alcaldes","06308","PLACILLA",0.714285714285714,14.2857142857143,100,1,NA,"Placilla","Placilla"
2024,"Alcaldes","16205","PORTEZUELO",0.466666666666667,40,0,1,NA,"Portezuelo","Portezuelo"
2024,"Alcaldes","12301","PORVENIR",0.444444444444444,33.3333333333333,0,1,NA,"Porvenir","Porvenir"
2024,"Alcaldes","01401","POZO ALMONTE",0.8,40,100,1,NA,"Pozo Almonte","Pozo Almonte"
2024,"Alcaldes","12302","PRIMAVERA",0,0,0,0,NA,"Primavera","Primavera"
2024,"Alcaldes","13123","PROVIDENCIA",1,100,100,1,NA,"Providencia","Providencia"
2024,"Alcaldes","05105","PUCHUNCAVI",0.444444444444444,33.3333333333333,0,1,NA,"Puchuncaví","Puchuncaví"
2024,"Alcaldes","09115","PUCON",0.708333333333333,12.5,100,1,NA,"Pucón","Pucón"
2024,"Alcaldes","13124","PUDAHUEL",0.416666666666667,25,0,1,NA,"Pudahuel","Pudahuel"
2024,"Alcaldes","13201","PUENTE ALTO",0.5,50,0,1,NA,"Puente Alto","Puente Alto"
2024,"Alcaldes","10101","PUERTO MONTT",0.761904761904762,28.5714285714286,100,1,NA,"Puerto Montt","Puerto Montt"
2024,"Alcaldes","10302","PUERTO OCTAY",0.888888888888889,66.6666666666667,100,1,NA,"Puerto Octay","Puerto Octay"
2024,"Alcaldes","10109","PUERTO VARAS",0.416666666666667,25,0,1,NA,"Puerto Varas","Puerto Varas"
2024,"Alcaldes","06309","PUMANQUE",0,0,0,0,NA,"Pumanque","Pumanque"
2024,"Alcaldes","04304","PUNITAQUI",0.433333333333333,30,0,1,NA,"Punitaqui","Punitaqui"
2024,"Alcaldes","12101","PUNTA ARENAS",0.888888888888889,66.6666666666667,100,1,NA,"Punta Arenas","Punta Arenas"
2024,"Alcaldes","10206","PUQUELDON",0.428571428571429,28.5714285714286,0,1,NA,"Puqueldón","Puqueldón"
2024,"Alcaldes","09208","PUREN",0.833333333333333,50,100,1,NA,"Purén","Purén"
2024,"Alcaldes","10303","PURRANQUE",0.416666666666667,25,0,1,NA,"Purranque","Purranque"
2024,"Alcaldes","05705","PUTAENDO",0.444444444444444,33.3333333333333,0,1,NA,"Putaendo","Putaendo"
2024,"Alcaldes","15201","PUTRE",0.5,50,0,1,NA,"Putre","Putre"
2024,"Alcaldes","10304","PUYEHUE",0.833333333333333,50,100,1,NA,"Puyehue","Puyehue"
2024,"Alcaldes","10207","QUEILEN",0.777777777777778,33.3333333333333,100,1,NA,"Queilén","Queilén"
2024,"Alcaldes","10208","QUELLON",0.375,12.5,0,1,NA,"Quellón","Quellón"
2024,"Alcaldes","10209","QUEMCHI",0.777777777777778,33.3333333333333,100,1,NA,"Quemchi","Quemchi"
2024,"Alcaldes","08308","QUILACO",0,0,0,0,NA,"Quilaco","Quilaco"
2024,"Alcaldes","13125","QUILICURA",0.388888888888889,16.6666666666667,0,1,NA,"Quilicura","Quilicura"
2024,"Alcaldes","08309","QUILLECO",0.8,40,100,1,NA,"Quilleco","Quilleco"
2024,"Alcaldes","16107","QUILLON",0.6,80,0,1,NA,"Quillón","Quillón"
2024,"Alcaldes","05501","QUILLOTA",0,0,0,0,NA,"Quillota","Quillota"
2024,"Alcaldes","05801","QUILPUE",0.833333333333333,50,100,1,NA,"Quilpué","Quilpué"
2024,"Alcaldes","10210","QUINCHAO",0.416666666666667,25,0,1,NA,"Quinchao","Quinchao"
2024,"Alcaldes","06114","QUINTA DE TILCOCO",0,0,0,0,NA,"Quinta de Tilcoco","Quinta de Tilcoco"
2024,"Alcaldes","13126","QUINTA NORMAL",0.866666666666667,60,100,1,NA,"Quinta Normal","Quinta Normal"
2024,"Alcaldes","05107","QUINTERO",0.4,20,0,1,NA,"Quintero","Quintero"
2024,"Alcaldes","16201","QUIRIHUE",0.5,50,0,1,NA,"Quirihue","Quirihue"
2024,"Alcaldes","06101","RANCAGUA",0,0,0,0,NA,"Rancagua","Rancagua"
2024,"Alcaldes","16206","RANQUIL",1,100,100,1,NA,"Ranquil","Ranquil"
2024,"Alcaldes","07305","RAUCO",0,0,0,0,NA,"Rauco","Rauco"
2024,"Alcaldes","13127","RECOLETA",0.8,40,100,1,NA,"Recoleta","Recoleta"
2024,"Alcaldes","09209","RENAICO",0.375,12.5,0,1,NA,"Renaico","Renaico"
2024,"Alcaldes","13128","RENCA",0.555555555555555,66.6666666666667,0,1,NA,"Renca","Renca"
2024,"Alcaldes","06115","RENGO",0.388888888888889,16.6666666666667,0,1,NA,"Rengo","Rengo"
2024,"Alcaldes","06116","REQUINOA",0.416666666666667,25,0,1,NA,"Requínoa","Requínoa"
2024,"Alcaldes","07405","RETIRO",0.833333333333333,50,100,1,NA,"Retiro","Retiro"
2024,"Alcaldes","05303","RINCONADA",0.407407407407407,22.2222222222222,0,1,NA,"Rinconada","Rinconada"
2024,"Alcaldes","14204","RIO BUENO",0.416666666666667,25,0,1,NA,"Río Bueno","Río Bueno"
2024,"Alcaldes","07108","RIO CLARO",0.888888888888889,66.6666666666667,100,1,NA,"Río Claro","Río Claro"
2024,"Alcaldes","04305","RIO HURTADO",0.5,50,0,1,NA,"Río Hurtado","Río Hurtado"
2024,"Alcaldes","11402","RIO IBANEZ",0.833333333333333,50,100,1,NA,"Río Ibáñez","Río Ibáñez"
2024,"Alcaldes","10305","RIO NEGRO",0.833333333333333,50,100,1,NA,"Río Negro","Río Negro"
2024,"Alcaldes","12103","RIO VERDE",0.444444444444444,33.3333333333333,0,1,NA,"Río Verde","Río Verde"
2024,"Alcaldes","07306","ROMERAL",0.75,25,100,1,NA,"Romeral","Romeral"
2024,"Alcaldes","09116","SAAVEDRA",0.416666666666667,25,0,1,NA,"Saavedra","Saavedra"
2024,"Alcaldes","07307","SAGRADA FAMILIA",0.761904761904762,28.5714285714286,100,1,NA,"Sagrada Familia","Sagrada Familia"
2024,"Alcaldes","04204","SALAMANCA",0.416666666666667,25,0,1,NA,"Salamanca","Salamanca"
2024,"Alcaldes","05601","SAN ANTONIO",0.388888888888889,16.6666666666667,0,1,NA,"San Antonio","San Antonio"
2024,"Alcaldes","13401","SAN BERNARDO",0.777777777777778,33.3333333333333,100,1,NA,"San Bernardo","San Bernardo"
2024,"Alcaldes","16301","SAN CARLOS",0.5,50,0,1,NA,"San Carlos","San Carlos"
2024,"Alcaldes","07109","SAN CLEMENTE",0.416666666666667,25,0,1,NA,"San Clemente","San Clemente"
2024,"Alcaldes","05304","SAN ESTEBAN",0.444444444444444,33.3333333333333,0,1,NA,"San Esteban","San Esteban"
2024,"Alcaldes","16304","SAN FABIAN",0.416666666666667,25,0,1,NA,"San Fabián","San Fabián"
2024,"Alcaldes","05701","SAN FELIPE",0.466666666666667,40,0,1,NA,"San Felipe","San Felipe"
2024,"Alcaldes","06301","SAN FERNANDO",0.428571428571429,28.5714285714286,0,1,NA,"San Fernando","San Fernando"
2024,"Alcaldes","12104","SAN GREGORIO",0.75,25,100,1,NA,"San Gregorio","San Gregorio"
2024,"Alcaldes","16108","SAN IGNACIO",0.733333333333333,20,100,1,NA,"San Ignacio","San Ignacio"
2024,"Alcaldes","07406","SAN JAVIER",0.761904761904762,28.5714285714286,100,1,NA,"San Javier","San Javier"
2024,"Alcaldes","13129","SAN JOAQUIN",0.416666666666667,25,0,1,NA,"San Joaquín","San Joaquín"
2024,"Alcaldes","13203","SAN JOSE DE MAIPO",0.8,40,100,1,NA,"San José de Maipo","San José de Maipo"
2024,"Alcaldes","10306","SAN JUAN DE LA COSTA",0.733333333333333,20,100,1,NA,"San Juan de la Costa","San Juan de la Costa"
2024,"Alcaldes","13130","SAN MIGUEL",0.791666666666667,37.5,100,1,NA,"San Miguel","San Miguel"
2024,"Alcaldes","16305","SAN NICOLAS",0.4,20,0,1,NA,"San Nicolás","San Nicolás"
2024,"Alcaldes","10307","SAN PABLO",0.833333333333333,50,100,1,NA,"San Pablo","San Pablo"
2024,"Alcaldes","13505","SAN PEDRO",0,0,0,0,NA,"San Pedro","San Pedro"
2024,"Alcaldes","02203","SAN PEDRO DE ATACAMA",0.416666666666667,25,0,1,NA,"San Pedro de Atacama","San Pedro de Atacama"
2024,"Alcaldes","08108","SAN PEDRO DE LA PAZ",0.583333333333333,33.3333333333333,100,1,0,"San Pedro de la Paz","San Pedro de la Paz"
2024,"Alcaldes","07110","SAN RAFAEL",0.4,20,0,1,NA,"San Rafael","San Rafael"
2024,"Alcaldes","13131","SAN RAMON",0.777777777777778,33.3333333333333,100,1,NA,"San Ramón","San Ramón"
2024,"Alcaldes","08310","SAN ROSENDO",0.444444444444444,33.3333333333333,0,1,NA,"San Rosendo","San Rosendo"
2024,"Alcaldes","06117","SAN VICENTE",0.80952380952381,42.8571428571429,100,1,NA,"San Vicente","San Vicente"
2024,"Alcaldes","08311","SANTA BARBARA",0.80952380952381,42.8571428571429,100,1,NA,"Santa Bárbara","Santa Bárbara"
2024,"Alcaldes","06310","SANTA CRUZ",0.416666666666667,25,0,1,NA,"Santa Cruz","Santa Cruz"
2024,"Alcaldes","08109","SANTA JUANA",0,0,0,0,NA,"Santa Juana","Santa Juana"
2024,"Alcaldes","05706","SANTA MARIA",0,0,0,0,NA,"Santa María","Santa María"
2024,"Alcaldes","13101","SANTIAGO",0.866666666666667,60,100,1,NA,"Santiago","Santiago"
2024,"Alcaldes","05606","SANTO DOMINGO",0.444444444444444,33.3333333333333,0,1,NA,"Santo Domingo","Santo Domingo"
2024,"Alcaldes","02103","SIERRA GORDA",0,0,0,0,NA,"Sierra Gorda","Sierra Gorda"
2024,"Alcaldes","13601","TALAGANTE",0.444444444444444,33.3333333333333,0,1,NA,"Talagante","Talagante"
2024,"Alcaldes","07101","TALCA",1,100,100,1,NA,"Talca","Talca"
2024,"Alcaldes","08110","TALCAHUANO",0.888888888888889,66.6666666666667,100,1,NA,"Talcahuano","Talcahuano"
2024,"Alcaldes","02104","TALTAL",0,0,0,0,NA,"Taltal","Taltal"
2024,"Alcaldes","09101","TEMUCO",0.555555555555555,66.6666666666667,0,1,NA,"Temuco","Temuco"
2024,"Alcaldes","07308","TENO",0.3,20,0,1,0,"Teno","Teno"
2024,"Alcaldes","09117","TEODORO SCHMIDT",1,100,100,1,NA,"Teodoro Schmidt","Teodoro Schmidt"
2024,"Alcaldes","03103","TIERRA AMARILLA",0.458333333333333,37.5,0,1,NA,"Tierra Amarilla","Tierra Amarilla"
2024,"Alcaldes","13303","TILTIL",0.4,20,0,1,NA,"Tiltil","Tiltil"
2024,"Alcaldes","12303","TIMAUKEL",0,0,0,0,NA,"Timaukel","Timaukel"
2024,"Alcaldes","08207","TIRUA",0.444444444444444,33.3333333333333,0,1,NA,"Tirúa","Tirúa"
2024,"Alcaldes","02301","TOCOPILLA",0.416666666666667,25,0,1,NA,"Tocopilla","Tocopilla"
2024,"Alcaldes","09118","TOLTEN",0.888888888888889,66.6666666666667,100,1,NA,"Toltén","Toltén"
2024,"Alcaldes","08111","TOME",0.333333333333333,33.3333333333333,0,1,0,"Tomé","Tomé"
2024,"Alcaldes","12402","TORRES DEL PAINE",0.444444444444444,33.3333333333333,0,1,NA,"Torres del Paine","Torres del Paine"
2024,"Alcaldes","11303","TORTEL",0,0,0,0,NA,"Tortel","Tortel"
2024,"Alcaldes","09210","TRAIGUEN",0.416666666666667,25,0,1,NA,"Traiguén","Traiguén"
2024,"Alcaldes","16207","TREGUACO",0.444444444444444,33.3333333333333,0,1,NA,"Treguaco","Treguaco"
2024,"Alcaldes","08312","TUCAPEL",1,100,100,1,NA,"Tucapel","Tucapel"
2024,"Alcaldes","14101","VALDIVIA",1,100,100,1,NA,"Valdivia","Valdivia"
2024,"Alcaldes","03301","VALLENAR",0.375,12.5,0,1,NA,"Vallenar","Vallenar"
2024,"Alcaldes","05101","VALPARAISO",0.75,25,100,1,NA,"Valparaíso","Valparaíso"
2024,"Alcaldes","07309","VICHUQUEN",0,0,0,0,NA,"Vichuquén","Vichuquén"
2024,"Alcaldes","09211","VICTORIA",0,0,0,0,NA,"Victoria","Victoria"
2024,"Alcaldes","04106","VICUNA",0.388888888888889,16.6666666666667,0,1,NA,"Vicuña","Vicuña"
2024,"Alcaldes","09119","VILCUN",0.888888888888889,66.6666666666667,100,1,NA,"Vilcún","Vilcún"
2024,"Alcaldes","07407","VILLA ALEGRE",0,0,0,0,NA,"Villa Alegre","Villa Alegre"
2024,"Alcaldes","05804","VILLA ALEMANA",0.416666666666667,25,0,1,NA,"Villa Alemana","Villa Alemana"
2024,"Alcaldes","09120","VILLARRICA",0.444444444444444,33.3333333333333,0,1,NA,"Villarrica","Villarrica"
2024,"Alcaldes","05109","VINA DEL MAR",0.777777777777778,33.3333333333333,100,1,NA,"Viña del Mar","Viña del Mar"
2024,"Alcaldes","13132","VITACURA",0.833333333333333,50,100,1,NA,"Vitacura","Vitacura"
2024,"Alcaldes","07408","YERBAS BUENAS",0.375,12.5,0,1,NA,"Yerbas Buenas","Yerbas Buenas"
2024,"Alcaldes","08313","YUMBEL",0,0,0,0,NA,"Yumbel","Yumbel"
2024,"Alcaldes","16109","YUNGAY",0.777777777777778,33.3333333333333,100,1,NA,"Yungay","Yungay"
2024,"Alcaldes","05405","ZAPALLAR",0,0,0,0,NA,"Zapallar","Zapallar"
2024,"Concejales","05602","ALGARROBO",0.563820018365473,30.3030303030303,33.3333333333333,1,NA,"Algarrobo","Algarrobo"
2024,"Concejales","13502","ALHUE",0.767676767676768,53.8461538461538,66.6666666666667,1,NA,"Alhué","Alhué"
2024,"Concejales","08314","ALTO BIOBIO",0.594191919191919,17.7777777777778,16.6666666666667,1,100,"Alto Biobío","Alto Biobío"
2024,"Concejales","03302","ALTO DEL CARMEN",0.442185007974482,36.8421052631579,33.3333333333333,1,0,"Alto del Carmen","Alto del Carmen"
2024,"Concejales","01107","ALTO HOSPICIO",0.607843137254902,64.7058823529412,66.6666666666667,1,0,"Alto Hospicio","Alto Hospicio"
2024,"Concejales","10202","ANCUD",0.695622895622896,35.5555555555556,66.6666666666667,1,NA,"Ancud","Ancud"
2024,"Concejales","04103","ANDACOLLO",0.598484848484848,61.5384615384615,66.6666666666667,1,0,"Andacollo","Andacollo"
2024,"Concejales","09201","ANGOL",0.705533596837945,52.1739130434783,50,1,NA,"Angol","Angol"
2024,"Concejales","02101","ANTOFAGASTA",0.745320855614973,57.6470588235294,80,1,50,"Antofagasta","Antofagasta"
2024,"Concejales","08302","ANTUCO",0.684895833333333,34.375,33.3333333333333,1,100,"Antuco","Antuco"
2024,"Concejales","08202","ARAUCO",0.889328063241107,56.5217391304348,100,1,NA,"Arauco","Arauco"
2024,"Concejales","15101","ARICA",0.635444874274661,62.7659574468085,80,1,0,"Arica","Arica"
2024,"Concejales","11201","AYSEN",0.79469696969697,43.3333333333333,66.6666666666667,1,100,"Aisén","Aisén"
2024,"Concejales","13402","BUIN",0.862614237614238,60.3174603174603,87.5,1,NA,"Buin","Buin"
2024,"Concejales","16102","BULNES",0.518250688705234,48.4848484848485,50,1,0,"Bulnes","Bulnes"
2024,"Concejales","05402","CABILDO",0.409579667644184,25.8064516129032,33.3333333333333,1,0,"Cabildo","Cabildo"
2024,"Concejales","12201","CABO DE HORNOS",0.294318181818182,15,0,1,0,"Cabo de Hornos","Cabo de Hornos"
2024,"Concejales","08303","CABRERO",0.813131313131313,51.2820512820513,83.3333333333333,1,NA,"Cabrero","Cabrero"
2024,"Concejales","02201","CALAMA",0.845730027548209,60.6060606060606,100,1,66.6666666666667,"Calama","Calama"
2024,"Concejales","10102","CALBUCO",0.716287878787879,45,33.3333333333333,1,100,"Calbuco","Calbuco"
2024,"Concejales","03102","CALDERA",0.488152804642166,38.2978723404255,50,1,0,"Caldera","Caldera"
2024,"Concejales","05502","CALERA",0.616869918699187,53.6585365853659,83.3333333333333,1,0,"Calera","Calera"
2024,"Concejales","13403","CALERA DE TANGO",0.806186868686869,47.2222222222222,66.6666666666667,1,100,"Calera de Tango","Calera de Tango"
2024,"Concejales","05302","CALLE LARGA",0.70855614973262,52.9411764705882,50,1,NA,"Calle Larga","Calle Larga"
2024,"Concejales","15102","CAMARONES",0.601880877742947,34.4827586206897,50,1,50,"Camarones","Camarones"
2024,"Concejales","01402","CAMINA",0.685606060606061,34.6153846153846,33.3333333333333,1,100,"Camiña","Camiña"
2024,"Concejales","04202","CANELA",0.564339042599912,30.4347826086957,33.3333333333333,1,NA,"Canela","Canela"
2024,"Concejales","08203","CANETE",0.786796536796537,54.7619047619048,83.3333333333333,1,66.6666666666667,"Cañete","Cañete"
2024,"Concejales","09102","CARAHUE",0.68969696969697,36,83.3333333333333,1,50,"Carahue","Carahue"
2024,"Concejales","05603","CARTAGENA",0.452772404900064,40.4255319148936,33.3333333333333,1,0,"Cartagena","Cartagena"
2024,"Concejales","05102","CASABLANCA",0.662210338680927,41.1764705882353,50,1,NA,"Casablanca","Casablanca"
2024,"Concejales","10201","CASTRO",0.736793611793612,37.8378378378378,50,1,100,"Castro","Castro"
2024,"Concejales","05702","CATEMU",0.473304473304473,21.4285714285714,16.6666666666667,1,NA,"Catemu","Catemu"
2024,"Concejales","07201","CAUQUENES",0.633658008658009,45.2380952380952,50,1,50,"Cauquenes","Cauquenes"
2024,"Concejales","13102","CERRILLOS",0.944874274661509,65.9574468085106,100,1,100,"Cerrillos","Cerrillos"
2024,"Concejales","13103","CERRO NAVIA",0.728133608815427,56.0606060606061,75,1,50,"Cerro Navia","Cerro Navia"
2024,"Concejales","10401","CHAITEN",0.598484848484849,25,50,1,NA,"Chaitén","Chaitén"
2024,"Concejales","03201","CHANARAL",0.789141414141414,55.5555555555556,50,1,100,"Chañaral","Chañaral"
2024,"Concejales","07202","CHANCO",0.456809474050853,17.2413793103448,16.6666666666667,1,NA,"Chanco","Chanco"
2024,"Concejales","06302","CHEPICA",0.740938799762329,47.0588235294118,66.6666666666667,1,NA,"Chépica","Chépica"
2024,"Concejales","08103","CHIGUAYANTE",0.777594123048668,56.3636363636364,66.6666666666667,1,NA,"Chiguayante","Chiguayante"
2024,"Concejales","11401","CHILE CHICO",0.65922619047619,34.375,57.1428571428571,1,NA,"Chile Chico","Chile Chico"
2024,"Concejales","16101","CHILLAN",0.912032085561497,71.7647058823529,80,1,100,"Chillán","Chillán"
2024,"Concejales","16103","CHILLAN VIEJO",0.824051324051324,54.0540540540541,83.3333333333333,1,NA,"Chillán Viejo","Chillán Viejo"
2024,"Concejales","06303","CHIMBARONGO",0.547348484848485,58.3333333333333,50,1,0,"Chimbarongo","Chimbarongo"
2024,"Concejales","09121","CHOLCHOL",0.645075757575758,35,16.6666666666667,1,100,"Cholchol","Cholchol"
2024,"Concejales","10203","CHONCHI",0.454201101928375,40.9090909090909,33.3333333333333,1,0,"Chonchi","Chonchi"
2024,"Concejales","11202","CISNES",0.532279314888011,39.1304347826087,66.6666666666667,1,0,"Cisnes","Cisnes"
2024,"Concejales","16202","COBQUECURA",0.78030303030303,38.4615384615385,66.6666666666667,1,100,"Cobquecura","Cobquecura"
2024,"Concejales","10103","COCHAMO",0.599296536796537,31.25,42.8571428571429,1,NA,"Cochamó","Cochamó"
2024,"Concejales","11301","COCHRANE",0.337542087542088,29.6296296296296,0,1,0,"Cochrane","Cochrane"
2024,"Concejales","06102","CODEGUA",0.604338842975207,21.2121212121212,16.6666666666667,1,100,"Codegua","Codegua"
2024,"Concejales","16203","COELEMU",0.603269537480064,63.1578947368421,66.6666666666667,1,0,"Coelemu","Coelemu"
2024,"Concejales","11101","COIHAIQUE",0.546775898520085,58.1395348837209,50,1,0,"Coihaique","Coihaique"
2024,"Concejales","16302","COIHUECO",0.709542230818827,53.1914893617021,50,1,NA,"Coihueco","Coihueco"
2024,"Concejales","06103","COINCO",0.653679653679654,23.8095238095238,33.3333333333333,1,100,"Coinco","Coinco"
2024,"Concejales","07402","COLBUN",0.508783487044357,30.4347826086957,16.6666666666667,1,NA,"Colbún","Colbún"
2024,"Concejales","01403","COLCHANE",0.458407605466429,17.6470588235294,16.6666666666667,1,NA,"Colchane","Colchane"
2024,"Concejales","13301","COLINA",0.905502392344498,52.6315789473684,100,1,100,"Colina","Colina"
2024,"Concejales","09202","COLLIPULLI",0.7722681359045,40.9090909090909,83.3333333333333,1,NA,"Collipulli","Collipulli"
2024,"Concejales","06104","COLTAUCO",0.697811447811448,36.1111111111111,66.6666666666667,1,NA,"Coltauco","Coltauco"
2024,"Concejales","04302","COMBARBALA",0.642965367965368,34.2857142857143,16.6666666666667,1,100,"Combarbalá","Combarbalá"
2024,"Concejales","08101","CONCEPCION",0.9004329004329,59.3406593406593,100,1,NA,"Concepción","Concepción"
2024,"Concejales","13104","CONCHALI",0.657229623824451,63.7931034482759,87.5,1,0,"Conchalí","Conchalí"
2024,"Concejales","05103","CONCON",0.779761904761905,52.3809523809524,50,1,100,"Concón","Concón"
2024,"Concejales","07102","CONSTITUCION",0.82520325203252,53.6585365853659,66.6666666666667,1,100,"Constitución","Constitución"
2024,"Concejales","08204","CONTULMO",0.572703782006108,32.5581395348837,33.3333333333333,1,NA,"Contulmo","Contulmo"
2024,"Concejales","03101","COPIAPO",0.756016042780749,54.4117647058823,62.5,1,NA,"Copiapó","Copiapó"
2024,"Concejales","04102","COQUIMBO",0.735858585858586,54.4444444444444,80,1,50,"Coquimbo","Coquimbo"
2024,"Concejales","08102","CORONEL",0.859400826446281,58.1818181818182,75,1,100,"Coronel","Coronel"
2024,"Concejales","14102","CORRAL",0.640692640692641,35.7142857142857,50,1,NA,"Corral","Corral"
2024,"Concejales","09103","CUNCO",0.649058149058149,37.8378378378378,50,1,NA,"Cunco","Cunco"
2024,"Concejales","09203","CURACAUTIN",0.607785168760778,41.4634146341463,33.3333333333333,1,NA,"Curacautín","Curacautín"
2024,"Concejales","13503","CURACAVI",0.484936575052854,37.2093023255814,50,1,0,"Curacaví","Curacaví"
2024,"Concejales","10204","CURACO DE VELEZ",0.70995670995671,42.8571428571429,33.3333333333333,1,100,"Curaco de Vélez","Curaco de Vélez"
2024,"Concejales","08205","CURANILAHUE",0.491391184573003,39.3939393939394,50,1,0,"Curanilahue","Curanilahue"
2024,"Concejales","09104","CURARREHUE",0.811742424242424,35,83.3333333333333,1,100,"Curarrehue","Curarrehue"
2024,"Concejales","07103","CUREPTO",0.583333333333333,42.3076923076923,50,1,33.3333333333333,"Curepto","Curepto"
2024,"Concejales","07301","CURICO",0.821797520661157,45.4545454545455,75,1,100,"Curicó","Curicó"
2024,"Concejales","10205","DALCAHUE",0.555239898989899,28.125,33.3333333333333,1,NA,"Dalcahue","Dalcahue"
2024,"Concejales","03202","DIEGO DE ALMAGRO",0.584357084357084,56.7567567567568,66.6666666666667,1,0,"Diego de Almagro","Diego de Almagro"
2024,"Concejales","06105","DONIHUE",0.658768536428111,25.531914893617,33.3333333333333,1,100,"Doñihue","Doñihue"
2024,"Concejales","13105","EL BOSQUE",0.902203856749311,51.5151515151515,100,1,100,"El Bosque","El Bosque"
2024,"Concejales","16104","EL CARMEN",0.483333333333333,36.6666666666667,50,1,0,"El Carmen","El Carmen"
2024,"Concejales","13602","EL MONTE",0.762420718816068,46.5116279069767,100,1,50,"El Monte","El Monte"
2024,"Concejales","05604","EL QUISCO",0.706818181818182,52.5,50,1,NA,"El Quisco","El Quisco"
2024,"Concejales","05605","EL TABO",0.694592988710636,35.2941176470588,66.6666666666667,1,NA,"El Tabo","El Tabo"
2024,"Concejales","07104","EMPEDRADO",0.667748917748918,28.5714285714286,33.3333333333333,1,100,"Empedrado","Empedrado"
2024,"Concejales","09204","ERCILLA",0.446867321867322,24.3243243243243,50,1,0,"Ercilla","Ercilla"
2024,"Concejales","13106","ESTACION CENTRAL",0.866892610313663,61.4035087719298,87.5,1,NA,"Estación Central","Estación Central"
2024,"Concejales","08104","FLORIDA",0.691919191919192,48.7179487179487,50,1,NA,"Florida","Florida"
2024,"Concejales","09105","FREIRE",0.612554112554113,28.5714285714286,50,1,NA,"Freire","Freire"
2024,"Concejales","03303","FREIRINA",0.726833552920509,43.4782608695652,66.6666666666667,1,NA,"Freirina","Freirina"
2024,"Concejales","10104","FRESIA",0.856060606060606,50,83.3333333333333,1,100,"Fresia","Fresia"
2024,"Concejales","10105","FRUTILLAR",0.79592803030303,43.75,66.6666666666667,1,100,"Frutillar","Frutillar"
2024,"Concejales","10402","FUTALEUFU",0.440771349862259,36.3636363636364,33.3333333333333,1,0,"Futaleufú","Futaleufú"
2024,"Concejales","14202","FUTRONO",0.747257053291536,41.3793103448276,50,1,100,"Futrono","Futrono"
2024,"Concejales","09106","GALVARINO",0.513963161021985,17.6470588235294,33.3333333333333,1,NA,"Galvarino","Galvarino"
2024,"Concejales","15202","GENERAL LAGOS",0.738636363636364,38.4615384615385,50,1,100,"General Lagos","General Lagos"
2024,"Concejales","09107","GORBEA",0.54026754026754,24.3243243243243,33.3333333333333,1,NA,"Gorbea","Gorbea"
2024,"Concejales","06106","GRANEROS",0.593265993265993,37.7777777777778,33.3333333333333,1,NA,"Graneros","Graneros"
2024,"Concejales","11203","GUAITECAS",0.478700043917435,8.69565217391304,33.3333333333333,1,NA,"Guaitecas","Guaitecas"
2024,"Concejales","05503","HIJUELAS",0.578787878787879,20,50,1,NA,"Hijuelas","Hijuelas"
2024,"Concejales","10403","HUALAIHUE",0.738636363636364,38.4615384615385,50,1,100,"Hualaihué","Hualaihué"
2024,"Concejales","07302","HUALANE",0.730519480519481,35.7142857142857,50,1,100,"Hualañé","Hualañé"
2024,"Concejales","08112","HUALPEN",0.859211997019374,47.5409836065574,87.5,1,100,"Hualpén","Hualpén"
2024,"Concejales","08105","HUALQUI",0.747474747474747,48.7179487179487,66.6666666666667,1,NA,"Hualqui","Hualqui"
2024,"Concejales","01404","HUARA",0.661157024793388,40.9090909090909,50,1,NA,"Huara","Huara"
2024,"Concejales","03304","HUASCO",0.397186147186147,35.7142857142857,16.6666666666667,1,0,"Huasco","Huasco"
2024,"Concejales","13107","HUECHURABA",0.651931818181818,62,87.5,1,0,"Huechuraba","Huechuraba"
2024,"Concejales","04201","ILLAPEL",0.449960127591707,39.4736842105263,33.3333333333333,1,0,"Illapel","Illapel"
2024,"Concejales","13108","INDEPENDENCIA",0.723657024793388,54.5454545454545,75,1,50,"Independencia","Independencia"
2024,"Concejales","01101","IQUIQUE",0.739057239057239,52.2222222222222,60,1,NA,"Iquique","Iquique"
2024,"Concejales","13603","ISLA DE MAIPO",0.90530303030303,66.6666666666667,83.3333333333333,1,100,"Isla de Maipo","Isla de Maipo"
2024,"Concejales","05201","ISLA DE PASCUA",0.657575757575758,40,50,1,NA,"Isla de Pascua","Isla de Pascua"
2024,"Concejales","05104","JUAN FERNANDEZ",0,0,0,0,NA,"Juan Fernández","Juan Fernández"
2024,"Concejales","13109","LA CISTERNA",0.892581475128645,67.9245283018868,87.5,1,NA,"La Cisterna","La Cisterna"
2024,"Concejales","05504","LA CRUZ",0.810606060606061,48.7179487179487,66.6666666666667,1,100,"La Cruz","La Cruz"
2024,"Concejales","06202","LA ESTRELLA",0.745867768595041,40.9090909090909,50,1,100,"La Estrella","La Estrella"
2024,"Concejales","13110","LA FLORIDA",0.870646221248631,60.2409638554217,90,1,NA,"La Florida","La Florida"
2024,"Concejales","13111","LA GRANJA",0.728638847491307,49.1803278688525,100,1,33.3333333333333,"La Granja","La Granja"
2024,"Concejales","04104","LA HIGUERA",0.731691919191919,36.1111111111111,50,1,100,"La Higuera","La Higuera"
2024,"Concejales","05401","LA LIGUA",0.588883016208598,44.1860465116279,83.3333333333333,1,0,"La Ligua","La Ligua"
2024,"Concejales","13112","LA PINTANA",0.572703265044814,56.3380281690141,62.5,1,0,"La Pintana","La Pintana"
2024,"Concejales","13113","LA REINA",0.896022727272727,60,87.5,1,100,"La Reina","La Reina"
2024,"Concejales","04101","LA SERENA",0.825108225108225,57.1428571428571,80,1,NA,"La Serena","La Serena"
2024,"Concejales","14201","LA UNION",0.631313131313131,33.3333333333333,50,1,NA,"La Unión","La Unión"
2024,"Concejales","14203","LAGO RANCO",0.802083333333333,45.8333333333333,66.6666666666667,1,100,"Lago Ranco","Lago Ranco"
2024,"Concejales","11102","LAGO VERDE",0.602020202020202,40,33.3333333333333,1,NA,"Lago Verde","Lago Verde"
2024,"Concejales","12102","LAGUNA BLANCA",0.575757575757576,33.3333333333333,33.3333333333333,1,NA,"Laguna Blanca","Laguna Blanca"
2024,"Concejales","08304","LAJA",0.775,36.6666666666667,66.6666666666667,1,100,"Laja","Laja"
2024,"Concejales","13302","LAMPA",0.832569648093842,59.6774193548387,62.5,1,100,"Lampa","Lampa"
2024,"Concejales","14103","LANCO",0.883417508417508,59.2592592592593,83.3333333333333,1,100,"Lanco","Lanco"
2024,"Concejales","06107","LAS CABRAS",0.776406926406926,37.1428571428571,66.6666666666667,1,100,"Las Cabras","Las Cabras"
2024,"Concejales","13114","LAS CONDES",0.817874396135266,63.768115942029,70,1,NA,"Las Condes","Las Condes"
2024,"Concejales","09108","LAUTARO",0.452772404900064,40.4255319148936,33.3333333333333,1,0,"Lautaro","Lautaro"
2024,"Concejales","08201","LEBU",0.651378651378651,24.3243243243243,66.6666666666667,1,NA,"Lebu","Lebu"
2024,"Concejales","07303","LICANTEN",0.65,36.6666666666667,50,1,66.6666666666667,"Licantén","Licantén"
2024,"Concejales","05802","LIMACHE",0.706425961745111,38.2978723404255,66.6666666666667,1,NA,"Limache","Limache"
2024,"Concejales","07401","LINARES",0.585840017825312,60.7843137254902,62.5,1,0,"Linares","Linares"
2024,"Concejales","06203","LITUECHE",0.754261363636364,43.75,50,1,100,"Litueche","Litueche"
2024,"Concejales","05703","LLAILLAY",0.690972222222222,34.375,66.6666666666667,1,NA,"Llaillay","Llaillay"
2024,"Concejales","10107","LLANQUIHUE",0.625,28.2051282051282,66.6666666666667,1,50,"Llanquihue","Llanquihue"
2024,"Concejales","13115","LO BARNECHEA",0.553977272727273,50,62.5,1,0,"Lo Barnechea","Lo Barnechea"
2024,"Concejales","13116","LO ESPEJO",0.884469696969697,66.6666666666667,75,1,100,"Lo Espejo","Lo Espejo"
2024,"Concejales","13117","LO PRADO",0.678977272727273,50,62.5,1,50,"Lo Prado","Lo Prado"
2024,"Concejales","06304","LOLOL",0.444128787878788,37.5,33.3333333333333,1,0,"Lolol","Lolol"
2024,"Concejales","09109","LONCOCHE",0.624763257575758,28.125,16.6666666666667,1,100,"Loncoche","Loncoche"
2024,"Concejales","07403","LONGAVI",0.770944741532977,35.2941176470588,66.6666666666667,1,100,"Longaví","Longaví"
2024,"Concejales","09205","LONQUIMAY",0.428282828282828,10,16.6666666666667,1,NA,"Lonquimay","Lonquimay"
2024,"Concejales","08206","LOS ALAMOS",0.544886363636364,57.5,50,1,0,"Los Alamos","Los Alamos"
2024,"Concejales","05301","LOS ANDES",0.766267324406859,53.4883720930233,66.6666666666667,1,NA,"Los Andes","Los Andes"
2024,"Concejales","08301","LOS ANGELES",0.730370157268891,58.2278481012658,90,1,33.3333333333333,"Los Angeles","Los Angeles"
2024,"Concejales","14104","LOS LAGOS",0.628030303030303,43.3333333333333,50,1,50,"Los Lagos","Los Lagos"
2024,"Concejales","10106","LOS MUERMOS",0.38471673254282,13.0434782608696,0,1,NA,"Los Muermos","Los Muermos"
2024,"Concejales","09206","LOS SAUCES",0.457070707070707,27.7777777777778,50,1,0,"Los Sauces","Los Sauces"
2024,"Concejales","04203","LOS VILOS",0.722681359044995,42.4242424242424,66.6666666666667,1,NA,"Los Vilos","Los Vilos"
2024,"Concejales","08106","LOTA",0.796666666666667,44,66.6666666666667,1,100,"Lota","Lota"
2024,"Concejales","09207","LUMACO",0.397215397215397,21.6216216216216,33.3333333333333,1,0,"Lumaco","Lumaco"
2024,"Concejales","06108","MACHALI",0.662210338680927,54.9019607843137,50,1,50,"Machalí","Machalí"
2024,"Concejales","13118","MACUL",0.750843663911846,67.2727272727273,87.5,1,33.3333333333333,"Macul","Macul"
2024,"Concejales","14105","MAFIL",0.593795093795094,23.8095238095238,50,1,NA,"Máfil","Máfil"
2024,"Concejales","13119","MAIPU",0.88566247582205,75.531914893617,90,1,75,"Maipú","Maipú"
2024,"Concejales","06109","MALLOA",0.791919191919192,60,66.6666666666667,1,NA,"Malloa","Malloa"
2024,"Concejales","06204","MARCHIHUE",0.500721500721501,14.2857142857143,33.3333333333333,1,NA,"Marchihue","Marchihue"
2024,"Concejales","02302","MARIA ELENA",0.805704099821747,47.0588235294118,66.6666666666667,1,100,"María Elena","María Elena"
2024,"Concejales","13504","MARIA PINTO",0.767676767676768,53.8461538461538,66.6666666666667,1,NA,"María Pinto","María Pinto"
2024,"Concejales","14106","MARIQUINA",0.711791831357049,43.4782608695652,83.3333333333333,1,50,"Mariquina","Mariquina"
2024,"Concejales","07105","MAULE",0.852067977067977,48.6486486486487,83.3333333333333,1,100,"Maule","Maule"
2024,"Concejales","10108","MAULLIN",0.641304347826087,47.8260869565217,50,1,50,"Maullín","Maullín"
2024,"Concejales","02102","MEJILLONES",0.591253443526171,59.0909090909091,66.6666666666667,1,0,"Mejillones","Mejillones"
2024,"Concejales","09110","MELIPEUCO",0.714962121212121,37.5,66.6666666666667,1,75,"Melipeuco","Melipeuco"
2024,"Concejales","13501","MELIPILLA",0.741576209859792,50.7462686567164,62.5,1,NA,"Melipilla","Melipilla"
2024,"Concejales","07304","MOLINA",0.605691056910569,26.8292682926829,50,1,NA,"Molina","Molina"
2024,"Concejales","04303","MONTE PATRIA",0.620454545454545,26.6666666666667,16.6666666666667,1,100,"Monte Patria","Monte Patria"
2024,"Concejales","06110","MOSTAZAL",0.611793611793612,37.8378378378378,50,1,50,"Mostazal","Mostazal"
2024,"Concejales","08305","MULCHEN",0.754711751662971,43.9024390243902,50,1,100,"Mulchén","Mulchén"
2024,"Concejales","08306","NACIMIENTO",0.576515151515151,40,33.3333333333333,1,50,"Nacimiento","Nacimiento"
2024,"Concejales","06305","NANCAGUA",0.703361742424242,40.625,83.3333333333333,1,50,"Nancagua","Nancagua"
2024,"Concejales","12401","NATALES",0.874526515151515,56.25,83.3333333333333,1,100,"Natales","Natales"
2024,"Concejales","06205","NAVIDAD",0.608585858585859,41.6666666666667,33.3333333333333,1,NA,"Navidad","Navidad"
2024,"Concejales","08307","NEGRETE",0.505,44,50,1,0,"Negrete","Negrete"
2024,"Concejales","16204","NINHUE",0.536157024793388,54.5454545454545,50,1,0,"Ninhue","Ninhue"
2024,"Concejales","16303","NIQUEN",0.547865013774105,30.3030303030303,83.3333333333333,1,0,"Ñiquén","Ñiquén"
2024,"Concejales","05506","NOGALES",0.631313131313131,33.3333333333333,50,1,NA,"Nogales","Nogales"
2024,"Concejales","09111","NUEVA IMPERIAL",0.581865163260512,34.8837209302326,33.3333333333333,1,NA,"Nueva Imperial","Nueva Imperial"
2024,"Concejales","13120","NUNOA",0.948170731707317,67.0731707317073,100,1,100,"Ñuñoa","Ñuñoa"
2024,"Concejales","11302","OHIGGINS",0.748106060606061,41.6666666666667,50,1,100,"O'Higgins","O'Higgins"
2024,"Concejales","06111","OLIVAR",0.649425287356322,37.9310344827586,50,1,NA,"Olivar","Olivar"
2024,"Concejales","02202","OLLAGUE",0.593939393939394,60,66.6666666666667,1,0,"Ollagüe","Ollagüe"
2024,"Concejales","05803","OLMUE",0.5679970436068,51.219512195122,66.6666666666667,1,0,"Olmué","Olmué"
2024,"Concejales","10301","OSORNO",0.52734375,51.5625,50,1,0,"Osorno","Osorno"
2024,"Concejales","04301","OVALLE",0.731060606060606,37.5,75,1,NA,"Ovalle","Ovalle"
2024,"Concejales","13604","PADRE HURTADO",0.83495670995671,42.8571428571429,83.3333333333333,1,100,"Padre Hurtado","Padre Hurtado"
2024,"Concejales","09112","PADRE LAS CASAS",0.51657196969697,47.9166666666667,50,1,0,"Padre Las Casas","Padre Las Casas"
2024,"Concejales","04105","PAIGUANO",0.85479797979798,77.7777777777778,100,1,50,"Paiguano","Paiguano"
2024,"Concejales","14107","PAILLACO",0.720307917888563,32.258064516129,50,1,100,"Paillaco","Paillaco"
2024,"Concejales","13404","PAINE",0.541666666666667,56.4102564102564,50,1,0,"Paine","Paine"
2024,"Concejales","10404","PALENA",0.764111705288176,52.9411764705882,66.6666666666667,1,NA,"Palena","Palena"
2024,"Concejales","06306","PALMILLA",0.597064393939394,18.75,16.6666666666667,1,100,"Palmilla","Palmilla"
2024,"Concejales","14108","PANGUIPULLI",0.837594696969697,43.75,83.3333333333333,1,100,"Panguipulli","Panguipulli"
2024,"Concejales","05704","PANQUEHUE",0.477272727272727,20.5128205128205,33.3333333333333,1,33.3333333333333,"Panquehue","Panquehue"
2024,"Concejales","05403","PAPUDO",0.449494949494949,15.3846153846154,16.6666666666667,1,NA,"Papudo","Papudo"
2024,"Concejales","06206","PAREDONES",0.682449494949495,19.4444444444444,50,1,100,"Paredones","Paredones"
2024,"Concejales","07404","PARRAL",0.63544536271809,48.4848484848485,33.3333333333333,1,NA,"Parral","Parral"
2024,"Concejales","13121","PEDRO AGUIRRE CERDA",0.736607142857143,58.9285714285714,75,1,50,"Pedro Aguirre Cerda","Pedro Aguirre Cerda"
2024,"Concejales","07106","PELARCO",0.668831168831169,42.8571428571429,50,1,NA,"Pelarco","Pelarco"
2024,"Concejales","07203","PELLUHUE",0.674242424242424,30.7692307692308,33.3333333333333,1,100,"Pelluhue","Pelluhue"
2024,"Concejales","16105","PEMUCO",0.657279314888011,39.1304347826087,16.6666666666667,1,100,"Pemuco","Pemuco"
2024,"Concejales","13605","PENAFLOR",0.80787037037037,40.7407407407407,75,1,100,"Peñaflor","Peñaflor"
2024,"Concejales","13122","PENALOLEN",0.664514462809917,55.6818181818182,100,1,0,"Peñalolén","Peñalolén"
2024,"Concejales","07107","PENCAHUE",0.396005509641873,21.2121212121212,33.3333333333333,1,0,"Pencahue","Pencahue"
2024,"Concejales","08107","PENCO",0.746897546897547,48.5714285714286,66.6666666666667,1,NA,"Penco","Penco"
2024,"Concejales","06307","PERALILLO",0.804545454545454,46.6666666666667,66.6666666666667,1,100,"Peralillo","Peralillo"
2024,"Concejales","09113","PERQUENCO",0.746897546897547,48.5714285714286,66.6666666666667,1,NA,"Perquenco","Perquenco"
2024,"Concejales","05404","PETORCA",0.800964187327824,45.4545454545455,66.6666666666667,1,100,"Petorca","Petorca"
2024,"Concejales","06112","PEUMO",0.490790255496138,11.7647058823529,33.3333333333333,1,NA,"Peumo","Peumo"
2024,"Concejales","01405","PICA",0.757445141065831,44.8275862068966,50,1,100,"Pica","Pica"
2024,"Concejales","06113","PICHIDEGUA",0.611642743221691,23.6842105263158,16.6666666666667,1,100,"Pichidegua","Pichidegua"
2024,"Concejales","06201","PICHILEMU",0.370454545454545,26.6666666666667,16.6666666666667,1,0,"Pichilemu","Pichilemu"
2024,"Concejales","16106","PINTO",0.632130124777184,58.8235294117647,83.3333333333333,1,0,"Pinto","Pinto"
2024,"Concejales","13202","PIRQUE",0.537878787878788,41.025641025641,66.6666666666667,1,0,"Pirque","Pirque"
2024,"Concejales","09114","PITRUFQUEN",0.446301247771836,38.2352941176471,33.3333333333333,1,0,"Pitrufquén","Pitrufquén"
2024,"Concejales","06308","PLACILLA",0.5,28.2051282051282,66.6666666666667,1,0,"Placilla","Placilla"
2024,"Concejales","16205","PORTEZUELO",0.51010101010101,16.6666666666667,33.3333333333333,1,NA,"Portezuelo","Portezuelo"
2024,"Concejales","12301","PORVENIR",0.781973461321287,65.2173913043478,85.7142857142857,1,50,"Porvenir","Porvenir"
2024,"Concejales","01401","POZO ALMONTE",0.583677685950413,42.4242424242424,83.3333333333333,1,0,"Pozo Almonte","Pozo Almonte"
2024,"Concejales","12302","PRIMAVERA",0.413510101010101,6.25,16.6666666666667,1,NA,"Primavera","Primavera"
2024,"Concejales","13123","PROVIDENCIA",0.671969696969697,66.6666666666667,90,1,0,"Providencia","Providencia"
2024,"Concejales","05105","PUCHUNCAVI",0.691341991341991,48.5714285714286,50,1,NA,"Puchuncaví","Puchuncaví"
2024,"Concejales","09115","PUCON",0.701515151515152,40,83.3333333333333,1,50,"Pucón","Pucón"
2024,"Concejales","13124","PUDAHUEL",0.576515151515152,51.2820512820513,70,1,0,"Pudahuel","Pudahuel"
2024,"Concejales","13201","PUENTE ALTO",0.759445519019987,48.936170212766,70,1,NA,"Puente Alto","Puente Alto"
2024,"Concejales","10101","PUERTO MONTT",0.775084175084175,59.2592592592593,90,1,50,"Puerto Montt","Puerto Montt"
2024,"Concejales","10302","PUERTO OCTAY",0.536695075757576,40.625,66.6666666666667,1,0,"Puerto Octay","Puerto Octay"
2024,"Concejales","10109","PUERTO VARAS",0.541666666666667,56.4102564102564,50,1,0,"Puerto Varas","Puerto Varas"
2024,"Concejales","06309","PUMANQUE",0.417027417027417,7.14285714285714,16.6666666666667,1,NA,"Pumanque","Pumanque"
2024,"Concejales","04304","PUNITAQUI",0.575757575757576,33.3333333333333,33.3333333333333,1,NA,"Punitaqui","Punitaqui"
2024,"Concejales","12101","PUNTA ARENAS",0.823122529644269,60.8695652173913,75,1,NA,"Punta Arenas","Punta Arenas"
2024,"Concejales","10206","PUQUELDON",0.447250280583614,14.8148148148148,16.6666666666667,1,NA,"Puqueldón","Puqueldón"
2024,"Concejales","09208","PUREN",0.618722943722944,54.2857142857143,50,1,33.3333333333333,"Purén","Purén"
2024,"Concejales","10303","PURRANQUE",0.481691919191919,36.1111111111111,50,1,0,"Purranque","Purranque"
2024,"Concejales","05705","PUTAENDO",0.518250688705234,48.4848484848485,50,1,0,"Putaendo","Putaendo"
2024,"Concejales","15201","PUTRE",0.409848484848485,40,16.6666666666667,1,0,"Putre","Putre"
2024,"Concejales","10304","PUYEHUE",0.776094276094276,37.037037037037,66.6666666666667,1,100,"Puyehue","Puyehue"
2024,"Concejales","10207","QUEILEN",0.772186147186147,35.7142857142857,66.6666666666667,1,100,"Queilén","Queilén"
2024,"Concejales","10208","QUELLON",0.782070707070707,57.5,66.6666666666667,1,NA,"Quellón","Quellón"
2024,"Concejales","10209","QUEMCHI",0.522727272727273,50,50,1,0,"Quemchi","Quemchi"
2024,"Concejales","08308","QUILACO",0.824675324675325,46.4285714285714,100,1,75,"Quilaco","Quilaco"
2024,"Concejales","13125","QUILICURA",0.799000312402374,50.5154639175258,80,1,NA,"Quilicura","Quilicura"
2024,"Concejales","08309","QUILLECO",0.641414141414141,50,33.3333333333333,1,NA,"Quilleco","Quilleco"
2024,"Concejales","16107","QUILLON",0.595494417862839,60.5263157894737,66.6666666666667,1,0,"Quillón","Quillón"
2024,"Concejales","05501","QUILLOTA",0.797510822510823,44.2857142857143,100,1,66.6666666666667,"Quillota","Quillota"
2024,"Concejales","05801","QUILPUE",0.606100618864703,39.4366197183099,62.5,1,33.3333333333333,"Quilpué","Quilpué"
2024,"Concejales","10210","QUINCHAO",0.581466842336408,34.7826086956522,33.3333333333333,1,NA,"Quinchao","Quinchao"
2024,"Concejales","06114","QUINTA DE TILCOCO",0.774104683195592,36.3636363636364,66.6666666666667,1,100,"Quinta de Tilcoco","Quinta de Tilcoco"
2024,"Concejales","13126","QUINTA NORMAL",0.837121212121212,53.8461538461538,87.5,1,NA,"Quinta Normal","Quinta Normal"
2024,"Concejales","05107","QUINTERO",0.723484848484848,33.3333333333333,50,1,100,"Quintero","Quintero"
2024,"Concejales","16201","QUIRIHUE",0.531986531986532,22.2222222222222,33.3333333333333,1,NA,"Quirihue","Quirihue"
2024,"Concejales","06101","RANCAGUA",0.694209956709957,48.8095238095238,70,1,50,"Rancagua","Rancagua"
2024,"Concejales","16206","RANQUIL",0.527379053694843,21.0526315789474,33.3333333333333,1,NA,"Ranquil","Ranquil"
2024,"Concejales","07305","RAUCO",0.595500459136823,24.2424242424242,50,1,NA,"Rauco","Rauco"
2024,"Concejales","13127","RECOLETA",0.919987546699875,57.5342465753425,100,1,100,"Recoleta","Recoleta"
2024,"Concejales","09209","RENAICO",0.634343434343434,20,66.6666666666667,1,NA,"Renaico","Renaico"
2024,"Concejales","13128","RENCA",0.69824604743083,56.5217391304348,62.5,1,50,"Renca","Renca"
2024,"Concejales","06115","RENGO",0.693107546048722,49.0196078431373,50,1,NA,"Rengo","Rengo"
2024,"Concejales","06116","REQUINOA",0.740530303030303,25,66.6666666666667,1,100,"Requínoa","Requínoa"
2024,"Concejales","07405","RETIRO",0.716712580348944,40.9090909090909,66.6666666666667,1,NA,"Retiro","Retiro"
2024,"Concejales","05303","RINCONADA",0.642255892255892,36.1111111111111,50,1,NA,"Rinconada","Rinconada"
2024,"Concejales","14204","RIO BUENO",0.516818181818182,48,50,1,0,"Río Bueno","Río Bueno"
2024,"Concejales","07108","RIO CLARO",0.563820018365473,30.3030303030303,33.3333333333333,1,NA,"Río Claro","Río Claro"
2024,"Concejales","04305","RIO HURTADO",0.706504702194357,27.5862068965517,50,1,100,"Río Hurtado","Río Hurtado"
2024,"Concejales","11402","RIO IBANEZ",0.419191919191919,7.69230769230769,16.6666666666667,1,NA,"Río Ibáñez","Río Ibáñez"
2024,"Concejales","10305","RIO NEGRO",0.681818181818182,33.3333333333333,33.3333333333333,1,100,"Río Negro","Río Negro"
2024,"Concejales","12103","RIO VERDE",0.668831168831169,42.8571428571429,50,1,NA,"Río Verde","Río Verde"
2024,"Concejales","07306","ROMERAL",0.812611408199644,35.2941176470588,83.3333333333333,1,100,"Romeral","Romeral"
2024,"Concejales","09116","SAAVEDRA",0.679365079365079,31.4285714285714,66.6666666666667,1,NA,"Saavedra","Saavedra"
2024,"Concejales","07307","SAGRADA FAMILIA",0.471823498139288,21.0526315789474,16.6666666666667,1,NA,"Sagrada Familia","Sagrada Familia"
2024,"Concejales","04204","SALAMANCA",0.741582491582491,47.2222222222222,66.6666666666667,1,NA,"Salamanca","Salamanca"
2024,"Concejales","05601","SAN ANTONIO",0.654761904761905,52.3809523809524,75,1,25,"San Antonio","San Antonio"
2024,"Concejales","13401","SAN BERNARDO",0.897872340425532,58.5106382978723,90,1,100,"San Bernardo","San Bernardo"
2024,"Concejales","16301","SAN CARLOS",0.814078282828283,65.625,66.6666666666667,1,NA,"San Carlos","San Carlos"
2024,"Concejales","07109","SAN CLEMENTE",0.592171717171717,37.5,33.3333333333333,1,NA,"San Clemente","San Clemente"
2024,"Concejales","05304","SAN ESTEBAN",0.591764418377322,45.1612903225806,50,1,33.3333333333333,"San Esteban","San Esteban"
2024,"Concejales","16304","SAN FABIAN",0.666666666666667,42.3076923076923,66.6666666666667,1,50,"San Fabián","San Fabián"
2024,"Concejales","05701","SAN FELIPE",0.699197860962567,39.2156862745098,33.3333333333333,1,100,"San Felipe","San Felipe"
2024,"Concejales","06301","SAN FERNANDO",0.756387403446227,50.9803921568627,66.6666666666667,1,NA,"San Fernando","San Fernando"
2024,"Concejales","12104","SAN GREGORIO",0.286931818181818,12.5,0,1,0,"San Gregorio","San Gregorio"
2024,"Concejales","16108","SAN IGNACIO",0.846753246753247,45.7142857142857,100,1,NA,"San Ignacio","San Ignacio"
2024,"Concejales","07406","SAN JAVIER",0.643250688705234,36.3636363636364,50,1,NA,"San Javier","San Javier"
2024,"Concejales","13129","SAN JOAQUIN",0.560132575757576,52.0833333333333,62.5,1,0,"San Joaquín","San Joaquín"
2024,"Concejales","13203","SAN JOSE DE MAIPO",0.510064935064935,45.7142857142857,50,1,0,"San José de Maipo","San José de Maipo"
2024,"Concejales","10306","SAN JUAN DE LA COSTA",0.617777777777778,44,33.3333333333333,1,NA,"San Juan de la Costa","San Juan de la Costa"
2024,"Concejales","13130","SAN MIGUEL",0.655581550802139,63.2352941176471,87.5,1,0,"San Miguel","San Miguel"
2024,"Concejales","16305","SAN NICOLAS",0.802757302757303,48.6486486486487,83.3333333333333,1,NA,"San Nicolás","San Nicolás"
2024,"Concejales","10307","SAN PABLO",0.559632034632035,34.2857142857143,83.3333333333333,1,0,"San Pablo","San Pablo"
2024,"Concejales","13505","SAN PEDRO",0.533976124885216,22.7272727272727,33.3333333333333,1,NA,"San Pedro","San Pedro"
2024,"Concejales","02203","SAN PEDRO DE ATACAMA",0.403679653679654,17.8571428571429,0,1,NA,"San Pedro de Atacama","San Pedro de Atacama"
2024,"Concejales","08108","SAN PEDRO DE LA PAZ",0.610227272727273,58.4615384615385,75,1,0,"San Pedro de la Paz","San Pedro de la Paz"
2024,"Concejales","07110","SAN RAFAEL",0.506430584918957,16.2790697674419,83.3333333333333,1,0,"San Rafael","San Rafael"
2024,"Concejales","13131","SAN RAMON",0.547554347826087,47.8260869565217,62.5,1,0,"San Ramón","San Ramón"
2024,"Concejales","08310","SAN ROSENDO",0.465778474399164,44.8275862068966,33.3333333333333,1,0,"San Rosendo","San Rosendo"
2024,"Concejales","06117","SAN VICENTE",0.797979797979798,33.3333333333333,100,1,NA,"San Vicente","San Vicente"
2024,"Concejales","08311","SANTA BARBARA",0.641414141414141,35.8974358974359,50,1,NA,"Santa Bárbara","Santa Bárbara"
2024,"Concejales","06310","SANTA CRUZ",0.747505543237251,41.4634146341463,50,1,100,"Santa Cruz","Santa Cruz"
2024,"Concejales","08109","SANTA JUANA",0.562594696969697,43.75,33.3333333333333,1,40,"Santa Juana","Santa Juana"
2024,"Concejales","05706","SANTA MARIA",0.775,36.6666666666667,66.6666666666667,1,100,"Santa María","Santa María"
2024,"Concejales","13101","SANTIAGO",0.837461695607763,71.9101123595506,100,1,50,"Santiago","Santiago"
2024,"Concejales","05606","SANTO DOMINGO",0.550097751710655,45.1612903225806,66.6666666666667,1,0,"Santo Domingo","Santo Domingo"
2024,"Concejales","02103","SIERRA GORDA",0.536616161616162,37.5,16.6666666666667,1,NA,"Sierra Gorda","Sierra Gorda"
2024,"Concejales","13601","TALAGANTE",0.852693602693603,47.2222222222222,100,1,NA,"Talagante","Talagante"
2024,"Concejales","07101","TALCA",0.537665985699694,55.0561797752809,50,1,0,"Talca","Talca"
2024,"Concejales","08110","TALCAHUANO",0.83844696969697,61.6666666666667,62.5,1,100,"Talcahuano","Talcahuano"
2024,"Concejales","02104","TALTAL",0.764952153110048,47.3684210526316,50,1,100,"Taltal","Taltal"
2024,"Concejales","09101","TEMUCO",0.850211416490486,59.3023255813954,70,1,100,"Temuco","Temuco"
2024,"Concejales","07308","TENO",0.703208556149733,26.4705882352941,50,1,100,"Teno","Teno"
2024,"Concejales","09117","TEODORO SCHMIDT",0.580808080808081,55.5555555555556,66.6666666666667,1,0,"Teodoro Schmidt","Teodoro Schmidt"
2024,"Concejales","03103","TIERRA AMARILLA",0.775518341307815,36.8421052631579,66.6666666666667,1,100,"Tierra Amarilla","Tierra Amarilla"
2024,"Concejales","13303","TILTIL",0.65530303030303,38.4615384615385,66.6666666666667,1,50,"Tiltil","Tiltil"
2024,"Concejales","12303","TIMAUKEL",0.274621212121212,8.33333333333333,0,1,0,"Timaukel","Timaukel"
2024,"Concejales","08207","TIRUA",0.656854256854257,25.7142857142857,66.6666666666667,1,NA,"Tirúa","Tirúa"
2024,"Concejales","02301","TOCOPILLA",0.911157024793388,54.5454545454545,100,1,100,"Tocopilla","Tocopilla"
2024,"Concejales","09118","TOLTEN",0.668831168831169,42.8571428571429,50,1,NA,"Toltén","Toltén"
2024,"Concejales","08111","TOME",0.626060606060606,32,50,1,NA,"Tomé","Tomé"
2024,"Concejales","12402","TORRES DEL PAINE",0.848484848484848,61.5384615384615,66.6666666666667,1,100,"Torres del Paine","Torres del Paine"
2024,"Concejales","11303","TORTEL",0.424242424242424,30.7692307692308,33.3333333333333,1,0,"Tortel","Tortel"
2024,"Concejales","09210","TRAIGUEN",0.510347376201035,31.7073170731707,66.6666666666667,1,0,"Traiguén","Traiguén"
2024,"Concejales","16207","TREGUACO",0.534487734487734,22.8571428571429,33.3333333333333,1,NA,"Treguaco","Treguaco"
2024,"Concejales","08312","TUCAPEL",0.787534435261708,40.9090909090909,66.6666666666667,1,100,"Tucapel","Tucapel"
2024,"Concejales","14101","VALDIVIA",0.773949169110459,48.3870967741936,75,1,NA,"Valdivia","Valdivia"
2024,"Concejales","03301","VALLENAR",0.568870523415978,51.5151515151515,66.6666666666667,1,0,"Vallenar","Vallenar"
2024,"Concejales","05101","VALPARAISO",0.759445519019987,48.936170212766,70,1,NA,"Valparaíso","Valparaíso"
2024,"Concejales","07309","VICHUQUEN",0.410408432147563,26.0869565217391,33.3333333333333,1,0,"Vichuquén","Vichuquén"
2024,"Concejales","09211","VICTORIA",0.444949494949495,37.7777777777778,33.3333333333333,1,0,"Victoria","Victoria"
2024,"Concejales","04106","VICUNA",0.663340724316334,41.4634146341463,50,1,NA,"Vicuña","Vicuña"
2024,"Concejales","09119","VILCUN",0.575757575757576,33.3333333333333,33.3333333333333,1,NA,"Vilcún","Vilcún"
2024,"Concejales","07407","VILLA ALEGRE",0.830808080808081,55.5555555555556,66.6666666666667,1,100,"Villa Alegre","Villa Alegre"
2024,"Concejales","05804","VILLA ALEMANA",0.783598976780795,40.2597402597403,87.5,1,NA,"Villa Alemana","Villa Alemana"
2024,"Concejales","09120","VILLARRICA",0.728504557772851,43.9024390243902,66.6666666666667,1,NA,"Villarrica","Villarrica"
2024,"Concejales","05109","VINA DEL MAR",0.75171277997365,55.4347826086957,60,1,NA,"Viña del Mar","Viña del Mar"
2024,"Concejales","13132","VITACURA",0.836382113821138,53.6585365853659,87.5,1,NA,"Vitacura","Vitacura"
2024,"Concejales","07408","YERBAS BUENAS",0.600966562173459,48.2758620689655,83.3333333333333,1,0,"Yerbas Buenas","Yerbas Buenas"
2024,"Concejales","08313","YUMBEL",0.593680709534368,31.7073170731707,50,1,50,"Yumbel","Yumbel"
2024,"Concejales","16109","YUNGAY",0.502443792766373,29.0322580645161,16.6666666666667,1,50,"Yungay","Yungay"
2024,"Concejales","05405","ZAPALLAR",0.621657754010695,41.1764705882353,50,1,50,"Zapallar","Zapallar"
1992,"Municipales","00000","NIVEL NACIONAL",0.833333333333333,77.6546629732225,81.3583815028902,100,NA,NA,NA
1996,"Municipales","00000","NIVEL NACIONAL",0.244115800965046,63.5283363802559,74.5420385157351,100,79.6720779220779,NA,NA
2000,"Municipales","00000","NIVEL NACIONAL",0.375,61.6578014184397,70.7156308851224,100,82.2747362418021,NA,NA
2004,"Alcaldes","00000","NIVEL NACIONAL",1,46.9026548672566,67.2463768115942,96.231884057971,NA,NA,NA
2004,"Concejales","00000","NIVEL NACIONAL",1,58.7086359967716,70.4895104895105,100,NA,NA,NA
2008,"Alcaldes","00000","NIVEL NACIONAL",0.776487824744994,42.9731925264013,56.231884057971,95.0724637681159,64.7668393782383,NA,NA
2008,"Concejales","00000","NIVEL NACIONAL",0.747100418837841,52.1399957832595,63.09412861137,100,62.2434017595308,NA,NA
2012,"Alcaldes","00000","NIVEL NACIONAL",0.561671696722371,42.6229508196721,53.9130434782609,88.695652173913,NA,NA,NA
2012,"Concejales","00000","NIVEL NACIONAL",0.498767355675101,46.958981612447,58.1384892086331,100,NA,NA,NA
2016,"Alcaldes","00000","NIVEL NACIONAL",0.543058069461919,42.2791081750619,46.2209302325581,89.2753623188406,60.2409638554217,NA,NA
2016,"Concejales","00000","NIVEL NACIONAL",0.652287605634092,46.5575019040366,60.6074140241179,100,66.458622283865,NA,NA
2021,"Alcaldes","00000","NIVEL NACIONAL",0.45340100265399,36.8348306841742,43.4782608695652,86.9565217391304,72.5,NA,NA
2021,"Concejales","00000","NIVEL NACIONAL",0,44.0593342981187,52.886323268206,99.4202898550725,37,NA,NA
2024,"Alcaldes","00000","NIVEL NACIONAL",0,31.0870947234584,39.4202898550725,82.8985507246377,25,NA,NA
2024,"Concejales","00000","NIVEL NACIONAL",0.34907218300474,45.1433523506897,58.6985391766268,99.7101449275362,51.4969135802469,NA,NA
